GLM5_NEXT-ADAPTER LoadTpCollective rc=0 backend=0
GLM5_NEXT-ADAPTER LoadConfiguration rc=0
BOOTCFG tp_degree=16 tp_rank=0 backend=0 collectives=1 hc=0 graph_path=1 lazy_pack=1 lazy_experts=1 owns_embedding=1 owns_final_head=1 mtp=0 kv_pages=0 stage=0
GLM5_NEXT-ADAPTER LoadDriver rc=0
model_residentd ready rank=0 stage=0 inflight=4 active=16 rows=128 resident=16 adapter=spark.glm5_next.serving-adapter.tp8.expert_fp8.v1 model=zai-org/GLM-5.3-Flash revision=84c6a6aa9497188e15a635ba793b0f95a79b1033 tcp=spark0:19560
CKEY-ADOPT rank=0 epoch=1 had=0
CKEY-ADOPT rank=0 epoch=1 had=0
CHAIN slot=1 stage=0 layer=0 rows=1 mi=0 hi=0
CHAIN slot=1 stage=1 layer=0 rows=1 mi=0 hi=1
CHAIN slot=1 stage=2 layer=0 rows=1 mi=1 hi=1
CHAIN slot=1 stage=3 layer=0 rows=1 mi=1 hi=1
CHAIN slot=1 stage=4 layer=0 rows=1 mi=2 hi=1
CHAIN slot=1 stage=1 layer=1 rows=1 mi=2 hi=1
CHAIN slot=1 stage=2 layer=1 rows=1 mi=3 hi=1
CHAIN slot=1 stage=3 layer=1 rows=1 mi=3 hi=1
CHAIN slot=1 stage=4 layer=1 rows=1 mi=4 hi=1
CHAIN slot=1 stage=1 layer=2 rows=1 mi=4 hi=1
CHAIN slot=1 stage=2 layer=2 rows=1 mi=5 hi=1
CHAIN slot=1 stage=3 layer=2 rows=1 mi=5 hi=1
CHAIN slot=1 stage=4 layer=2 rows=1 mi=6 hi=1
CHAIN slot=1 stage=1 layer=3 rows=1 mi=6 hi=1
CHAIN slot=1 stage=2 layer=3 rows=1 mi=7 hi=1
CHAIN slot=1 stage=3 layer=3 rows=1 mi=7 hi=1
CHAIN slot=1 stage=4 layer=3 rows=1 mi=8 hi=1
CHAIN slot=1 stage=1 layer=4 rows=1 mi=8 hi=1
CHAIN slot=1 stage=2 layer=4 rows=1 mi=9 hi=1
CHAIN slot=1 stage=3 layer=4 rows=1 mi=9 hi=1
CHAIN slot=1 stage=4 layer=4 rows=1 mi=10 hi=1
CHAIN slot=1 stage=1 layer=5 rows=1 mi=10 hi=1
CHAIN slot=1 stage=2 layer=5 rows=1 mi=11 hi=1
CHAIN slot=1 stage=3 layer=5 rows=1 mi=11 hi=1
CHAIN slot=1 stage=4 layer=5 rows=1 mi=12 hi=1
CHAIN slot=1 stage=1 layer=6 rows=1 mi=12 hi=1
CHAIN slot=1 stage=2 layer=6 rows=1 mi=13 hi=1
CHAIN slot=1 stage=3 layer=6 rows=1 mi=13 hi=1
CHAIN slot=1 stage=4 layer=6 rows=1 mi=14 hi=1
CHAIN slot=1 stage=1 layer=7 rows=1 mi=14 hi=1
CHAIN slot=1 stage=2 layer=7 rows=1 mi=15 hi=1
CHAIN slot=1 stage=3 layer=7 rows=1 mi=15 hi=1
CHAIN slot=1 stage=4 layer=7 rows=1 mi=16 hi=1
CHAIN slot=1 stage=1 layer=8 rows=1 mi=16 hi=1
CHAIN slot=1 stage=2 layer=8 rows=1 mi=17 hi=1
CHAIN slot=1 stage=3 layer=8 rows=1 mi=17 hi=1
CHAIN slot=1 stage=4 layer=8 rows=1 mi=18 hi=1
CHAIN slot=1 stage=1 layer=9 rows=1 mi=18 hi=1
CHAIN slot=1 stage=2 layer=9 rows=1 mi=19 hi=1
CHAIN slot=1 stage=3 layer=9 rows=1 mi=19 hi=1
CHAIN slot=1 stage=4 layer=9 rows=1 mi=20 hi=1
CHAIN slot=1 stage=1 layer=10 rows=1 mi=20 hi=1
CHAIN slot=1 stage=2 layer=10 rows=1 mi=21 hi=1
CHAIN slot=1 stage=3 layer=10 rows=1 mi=21 hi=1
CHAIN slot=1 stage=4 layer=10 rows=1 mi=22 hi=1
CHAIN slot=1 stage=1 layer=11 rows=1 mi=22 hi=1
CHAIN slot=1 stage=2 layer=11 rows=1 mi=23 hi=1
CHAIN slot=1 stage=3 layer=11 rows=1 mi=23 hi=1
CHAIN slot=1 stage=4 layer=11 rows=1 mi=24 hi=1
CHAIN slot=1 stage=1 layer=12 rows=1 mi=24 hi=1
CHAIN slot=1 stage=2 layer=12 rows=1 mi=25 hi=1
CHAIN slot=1 stage=3 layer=12 rows=1 mi=25 hi=1
CHAIN slot=1 stage=4 layer=12 rows=1 mi=26 hi=1
CHAIN slot=1 stage=1 layer=13 rows=1 mi=26 hi=1
CHAIN slot=1 stage=2 layer=13 rows=1 mi=27 hi=1
CHAIN slot=1 stage=3 layer=13 rows=1 mi=27 hi=1
CHAIN slot=1 stage=4 layer=13 rows=1 mi=28 hi=1
CHAIN slot=1 stage=1 layer=14 rows=1 mi=28 hi=1
CHAIN slot=1 stage=2 layer=14 rows=1 mi=29 hi=1
CHAIN slot=1 stage=3 layer=14 rows=1 mi=29 hi=1
CHAIN slot=1 stage=4 layer=14 rows=1 mi=30 hi=1
CHAIN slot=1 stage=1 layer=15 rows=1 mi=30 hi=1
CHAIN slot=1 stage=2 layer=15 rows=1 mi=31 hi=1
CHAIN slot=1 stage=3 layer=15 rows=1 mi=31 hi=1
CHAIN slot=1 stage=4 layer=15 rows=1 mi=32 hi=1
CHAIN slot=1 stage=1 layer=16 rows=1 mi=32 hi=1
CHAIN slot=1 stage=2 layer=16 rows=1 mi=33 hi=1
CHAIN slot=1 stage=3 layer=16 rows=1 mi=33 hi=1
CHAIN slot=1 stage=4 layer=16 rows=1 mi=34 hi=1
CHAIN slot=1 stage=1 layer=17 rows=1 mi=34 hi=1
CHAIN slot=1 stage=2 layer=17 rows=1 mi=35 hi=1
CHAIN slot=1 stage=3 layer=17 rows=1 mi=35 hi=1
CHAIN slot=1 stage=4 layer=17 rows=1 mi=36 hi=1
CHAIN slot=1 stage=1 layer=18 rows=1 mi=36 hi=1
CHAIN slot=1 stage=2 layer=18 rows=1 mi=37 hi=1
CHAIN slot=1 stage=3 layer=18 rows=1 mi=37 hi=1
CHAIN slot=1 stage=4 layer=18 rows=1 mi=38 hi=1
CHAIN slot=1 stage=1 layer=19 rows=1 mi=38 hi=1
CHAIN slot=1 stage=2 layer=19 rows=1 mi=39 hi=1
CHAIN slot=1 stage=3 layer=19 rows=1 mi=39 hi=1
CHAIN slot=1 stage=4 layer=19 rows=1 mi=40 hi=1
CHAIN slot=1 stage=1 layer=20 rows=1 mi=40 hi=1
CHAIN slot=1 stage=2 layer=20 rows=1 mi=41 hi=1
CHAIN slot=1 stage=3 layer=20 rows=1 mi=41 hi=1
CHAIN slot=1 stage=4 layer=20 rows=1 mi=42 hi=1
CHAIN slot=1 stage=1 layer=21 rows=1 mi=42 hi=1
CHAIN slot=1 stage=2 layer=21 rows=1 mi=43 hi=1
CHAIN slot=1 stage=3 layer=21 rows=1 mi=43 hi=1
CHAIN slot=1 stage=4 layer=21 rows=1 mi=44 hi=1
CHAIN slot=1 stage=1 layer=22 rows=1 mi=44 hi=1
CHAIN slot=1 stage=2 layer=22 rows=1 mi=45 hi=1
CHAIN slot=1 stage=3 layer=22 rows=1 mi=45 hi=1
CHAIN slot=1 stage=4 layer=22 rows=1 mi=46 hi=1
CHAIN slot=1 stage=1 layer=23 rows=1 mi=46 hi=1
CHAIN slot=1 stage=2 layer=23 rows=1 mi=47 hi=1
CHAIN slot=1 stage=3 layer=23 rows=1 mi=47 hi=1
CHAIN slot=1 stage=4 layer=23 rows=1 mi=48 hi=1
CHAIN slot=1 stage=1 layer=24 rows=1 mi=48 hi=1
CHAIN slot=1 stage=2 layer=24 rows=1 mi=49 hi=1
CHAIN slot=1 stage=3 layer=24 rows=1 mi=49 hi=1
CHAIN slot=1 stage=4 layer=24 rows=1 mi=50 hi=1
CHAIN slot=1 stage=1 layer=25 rows=1 mi=50 hi=1
CHAIN slot=1 stage=2 layer=25 rows=1 mi=51 hi=1
CHAIN slot=1 stage=3 layer=25 rows=1 mi=51 hi=1
CHAIN slot=1 stage=4 layer=25 rows=1 mi=52 hi=1
CHAIN slot=1 stage=1 layer=26 rows=1 mi=52 hi=1
CHAIN slot=1 stage=2 layer=26 rows=1 mi=53 hi=1
CHAIN slot=1 stage=3 layer=26 rows=1 mi=53 hi=1
CHAIN slot=1 stage=4 layer=26 rows=1 mi=54 hi=1
CHAIN slot=1 stage=1 layer=27 rows=1 mi=54 hi=1
CHAIN slot=1 stage=2 layer=27 rows=1 mi=55 hi=1
CHAIN slot=1 stage=3 layer=27 rows=1 mi=55 hi=1
CHAIN slot=1 stage=4 layer=27 rows=1 mi=56 hi=1
CHAIN slot=1 stage=1 layer=28 rows=1 mi=56 hi=1
CHAIN slot=1 stage=2 layer=28 rows=1 mi=57 hi=1
CHAIN slot=1 stage=3 layer=28 rows=1 mi=57 hi=1
CHAIN slot=1 stage=4 layer=28 rows=1 mi=58 hi=1
CHAIN slot=1 stage=1 layer=29 rows=1 mi=58 hi=1
CHAIN slot=1 stage=2 layer=29 rows=1 mi=59 hi=1
CHAIN slot=1 stage=3 layer=29 rows=1 mi=59 hi=1
CHAIN slot=1 stage=4 layer=29 rows=1 mi=60 hi=1
CHAIN slot=1 stage=1 layer=30 rows=1 mi=60 hi=1
CHAIN slot=1 stage=2 layer=30 rows=1 mi=61 hi=1
CHAIN slot=1 stage=3 layer=30 rows=1 mi=61 hi=1
CHAIN slot=1 stage=4 layer=30 rows=1 mi=62 hi=1
CHAIN slot=1 stage=1 layer=31 rows=1 mi=62 hi=1
OPUS rank=0 ops=64 mean_us=3646 max_us=14486 pub_us=0 wait_us=3636 bytes=8192
CHAIN slot=1 stage=2 layer=31 rows=1 mi=63 hi=1
CHAIN slot=1 stage=3 layer=31 rows=1 mi=63 hi=1
CHAIN slot=1 stage=4 layer=31 rows=1 mi=64 hi=1
CHAIN slot=1 stage=1 layer=32 rows=1 mi=64 hi=1
CHAIN slot=1 stage=2 layer=32 rows=1 mi=65 hi=1
CHAIN slot=1 stage=3 layer=32 rows=1 mi=65 hi=1
CHAIN slot=1 stage=4 layer=32 rows=1 mi=66 hi=1
CHAIN slot=1 stage=1 layer=33 rows=1 mi=66 hi=1
CHAIN slot=1 stage=2 layer=33 rows=1 mi=67 hi=1
CHAIN slot=1 stage=3 layer=33 rows=1 mi=67 hi=1
CHAIN slot=1 stage=4 layer=33 rows=1 mi=68 hi=1
CHAIN slot=1 stage=1 layer=34 rows=1 mi=68 hi=1
CHAIN slot=1 stage=2 layer=34 rows=1 mi=69 hi=1
CHAIN slot=1 stage=3 layer=34 rows=1 mi=69 hi=1
CHAIN slot=1 stage=4 layer=34 rows=1 mi=70 hi=1
CHAIN slot=1 stage=1 layer=35 rows=1 mi=70 hi=1
CHAIN slot=1 stage=2 layer=35 rows=1 mi=71 hi=1
CHAIN slot=1 stage=3 layer=35 rows=1 mi=71 hi=1
CHAIN slot=1 stage=4 layer=35 rows=1 mi=72 hi=1
CHAIN slot=1 stage=1 layer=36 rows=1 mi=72 hi=1
CHAIN slot=1 stage=2 layer=36 rows=1 mi=73 hi=1
CHAIN slot=1 stage=3 layer=36 rows=1 mi=73 hi=1
CHAIN slot=1 stage=4 layer=36 rows=1 mi=74 hi=1
CHAIN slot=1 stage=1 layer=37 rows=1 mi=74 hi=1
CHAIN slot=1 stage=2 layer=37 rows=1 mi=75 hi=1
CHAIN slot=1 stage=3 layer=37 rows=1 mi=75 hi=1
CHAIN slot=1 stage=4 layer=37 rows=1 mi=76 hi=1
CHAIN slot=1 stage=1 layer=38 rows=1 mi=76 hi=1
CHAIN slot=1 stage=2 layer=38 rows=1 mi=77 hi=1
CHAIN slot=1 stage=3 layer=38 rows=1 mi=77 hi=1
CHAIN slot=1 stage=4 layer=38 rows=1 mi=78 hi=1
CHAIN slot=1 stage=1 layer=39 rows=1 mi=78 hi=1
CHAIN slot=1 stage=2 layer=39 rows=1 mi=79 hi=1
CHAIN slot=1 stage=3 layer=39 rows=1 mi=79 hi=1
CHAIN slot=1 stage=4 layer=39 rows=1 mi=80 hi=1
CHAIN slot=1 stage=1 layer=40 rows=1 mi=80 hi=1
CHAIN slot=1 stage=2 layer=40 rows=1 mi=81 hi=1
CHAIN slot=1 stage=3 layer=40 rows=1 mi=81 hi=1
CHAIN slot=1 stage=4 layer=40 rows=1 mi=82 hi=1
CHAIN slot=1 stage=1 layer=41 rows=1 mi=82 hi=1
CHAIN slot=1 stage=2 layer=41 rows=1 mi=83 hi=1
CHAIN slot=1 stage=3 layer=41 rows=1 mi=83 hi=1
CHAIN slot=1 stage=4 layer=41 rows=1 mi=84 hi=1
CHAIN slot=1 stage=1 layer=42 rows=1 mi=84 hi=1
CHAIN slot=1 stage=2 layer=42 rows=1 mi=85 hi=1
CHAIN slot=1 stage=3 layer=42 rows=1 mi=85 hi=1
CHAIN slot=1 stage=4 layer=42 rows=1 mi=86 hi=1
CHAIN slot=1 stage=1 layer=43 rows=1 mi=86 hi=1
CHAIN slot=1 stage=2 layer=43 rows=1 mi=87 hi=1
CHAIN slot=1 stage=3 layer=43 rows=1 mi=87 hi=1
CHAIN slot=1 stage=4 layer=43 rows=1 mi=88 hi=1
CHAIN slot=1 stage=1 layer=44 rows=1 mi=88 hi=1
CHAIN slot=1 stage=2 layer=44 rows=1 mi=89 hi=1
CHAIN slot=1 stage=3 layer=44 rows=1 mi=89 hi=1
CHAIN slot=1 stage=4 layer=44 rows=1 mi=90 hi=1
CHAIN slot=1 stage=5 layer=45 rows=1 mi=90 hi=1
CHAIN slot=1 stage=6 layer=45 rows=1 mi=91 hi=1
HEADFIN v=154822
CHAIN slot=1 stage=0 layer=45 rows=1 mi=91 hi=1
RS slot=1 taken=0 hit=0 miss=0 rr=1 f=3 e=45 lc=45 off=0 0 0 0
CHAIN slot=1 stage=0 layer=45 rows=1 mi=91 hi=1
CHAIN slot=1 stage=1 layer=0 rows=1 mi=91 hi=2
CHAIN slot=1 stage=2 layer=0 rows=1 mi=92 hi=2
CHAIN slot=1 stage=3 layer=0 rows=1 mi=92 hi=2
CHAIN slot=1 stage=4 layer=0 rows=1 mi=93 hi=2
CHAIN slot=1 stage=1 layer=1 rows=1 mi=93 hi=2
CHAIN slot=1 stage=2 layer=1 rows=1 mi=94 hi=2
CHAIN slot=1 stage=3 layer=1 rows=1 mi=94 hi=2
CHAIN slot=1 stage=4 layer=1 rows=1 mi=95 hi=2
CHAIN slot=1 stage=1 layer=2 rows=1 mi=95 hi=2
CHAIN slot=1 stage=2 layer=2 rows=1 mi=96 hi=2
CHAIN slot=1 stage=3 layer=2 rows=1 mi=96 hi=2
CHAIN slot=1 stage=4 layer=2 rows=1 mi=97 hi=2
CHAIN slot=1 stage=1 layer=3 rows=1 mi=97 hi=2
CHAIN slot=1 stage=2 layer=3 rows=1 mi=98 hi=2
CHAIN slot=1 stage=3 layer=3 rows=1 mi=98 hi=2
CHAIN slot=1 stage=4 layer=3 rows=1 mi=99 hi=2
CHAIN slot=1 stage=1 layer=4 rows=1 mi=99 hi=2
CHAIN slot=1 stage=2 layer=4 rows=1 mi=100 hi=2
CHAIN slot=1 stage=3 layer=4 rows=1 mi=100 hi=2
CHAIN slot=1 stage=4 layer=4 rows=1 mi=101 hi=2
CHAIN slot=1 stage=1 layer=5 rows=1 mi=101 hi=2
CHAIN slot=1 stage=2 layer=5 rows=1 mi=102 hi=2
CHAIN slot=1 stage=3 layer=5 rows=1 mi=102 hi=2
CHAIN slot=1 stage=4 layer=5 rows=1 mi=103 hi=2
CHAIN slot=1 stage=1 layer=6 rows=1 mi=103 hi=2
CHAIN slot=1 stage=2 layer=6 rows=1 mi=104 hi=2
CHAIN slot=1 stage=3 layer=6 rows=1 mi=104 hi=2
CHAIN slot=1 stage=4 layer=6 rows=1 mi=105 hi=2
CHAIN slot=1 stage=1 layer=7 rows=1 mi=105 hi=2
CHAIN slot=1 stage=2 layer=7 rows=1 mi=106 hi=2
CHAIN slot=1 stage=3 layer=7 rows=1 mi=106 hi=2
CHAIN slot=1 stage=4 layer=7 rows=1 mi=107 hi=2
CHAIN slot=1 stage=1 layer=8 rows=1 mi=107 hi=2
CHAIN slot=1 stage=2 layer=8 rows=1 mi=108 hi=2
CHAIN slot=1 stage=3 layer=8 rows=1 mi=108 hi=2
CHAIN slot=1 stage=4 layer=8 rows=1 mi=109 hi=2
CHAIN slot=1 stage=1 layer=9 rows=1 mi=109 hi=2
CHAIN slot=1 stage=2 layer=9 rows=1 mi=110 hi=2
CHAIN slot=1 stage=3 layer=9 rows=1 mi=110 hi=2
CHAIN slot=1 stage=4 layer=9 rows=1 mi=111 hi=2
CHAIN slot=1 stage=1 layer=10 rows=1 mi=111 hi=2
CHAIN slot=1 stage=2 layer=10 rows=1 mi=112 hi=2
CHAIN slot=1 stage=3 layer=10 rows=1 mi=112 hi=2
CHAIN slot=1 stage=4 layer=10 rows=1 mi=113 hi=2
CHAIN slot=1 stage=1 layer=11 rows=1 mi=113 hi=2
CHAIN slot=1 stage=2 layer=11 rows=1 mi=114 hi=2
CHAIN slot=1 stage=3 layer=11 rows=1 mi=114 hi=2
CHAIN slot=1 stage=4 layer=11 rows=1 mi=115 hi=2
CHAIN slot=1 stage=1 layer=12 rows=1 mi=115 hi=2
CHAIN slot=1 stage=2 layer=12 rows=1 mi=116 hi=2
CHAIN slot=1 stage=3 layer=12 rows=1 mi=116 hi=2
CHAIN slot=1 stage=4 layer=12 rows=1 mi=117 hi=2
CHAIN slot=1 stage=1 layer=13 rows=1 mi=117 hi=2
CHAIN slot=1 stage=2 layer=13 rows=1 mi=118 hi=2
CHAIN slot=1 stage=3 layer=13 rows=1 mi=118 hi=2
CHAIN slot=1 stage=4 layer=13 rows=1 mi=119 hi=2
CHAIN slot=1 stage=1 layer=14 rows=1 mi=119 hi=2
CHAIN slot=1 stage=2 layer=14 rows=1 mi=120 hi=2
CHAIN slot=1 stage=3 layer=14 rows=1 mi=120 hi=2
CHAIN slot=1 stage=4 layer=14 rows=1 mi=121 hi=2
CHAIN slot=1 stage=1 layer=15 rows=1 mi=121 hi=2
CHAIN slot=1 stage=2 layer=15 rows=1 mi=122 hi=2
CHAIN slot=1 stage=3 layer=15 rows=1 mi=122 hi=2
CHAIN slot=1 stage=4 layer=15 rows=1 mi=123 hi=2
CHAIN slot=1 stage=1 layer=16 rows=1 mi=123 hi=2
CHAIN slot=1 stage=2 layer=16 rows=1 mi=124 hi=2
CHAIN slot=1 stage=3 layer=16 rows=1 mi=124 hi=2
CHAIN slot=1 stage=4 layer=16 rows=1 mi=125 hi=2
CHAIN slot=1 stage=1 layer=17 rows=1 mi=125 hi=2
OPUS rank=0 ops=64 mean_us=5438 max_us=89323 pub_us=0 wait_us=5427 bytes=8192
CHAIN slot=1 stage=2 layer=17 rows=1 mi=126 hi=2
CHAIN slot=1 stage=3 layer=17 rows=1 mi=126 hi=2
CHAIN slot=1 stage=4 layer=17 rows=1 mi=127 hi=2
CHAIN slot=1 stage=1 layer=18 rows=1 mi=127 hi=2
CHAIN slot=1 stage=2 layer=18 rows=1 mi=128 hi=2
CHAIN slot=1 stage=3 layer=18 rows=1 mi=128 hi=2
CHAIN slot=1 stage=4 layer=18 rows=1 mi=129 hi=2
CHAIN slot=1 stage=1 layer=19 rows=1 mi=129 hi=2
CHAIN slot=1 stage=2 layer=19 rows=1 mi=130 hi=2
CHAIN slot=1 stage=3 layer=19 rows=1 mi=130 hi=2
CHAIN slot=1 stage=4 layer=19 rows=1 mi=131 hi=2
CHAIN slot=1 stage=1 layer=20 rows=1 mi=131 hi=2
CHAIN slot=1 stage=2 layer=20 rows=1 mi=132 hi=2
CHAIN slot=1 stage=3 layer=20 rows=1 mi=132 hi=2
CHAIN slot=1 stage=4 layer=20 rows=1 mi=133 hi=2
CHAIN slot=1 stage=1 layer=21 rows=1 mi=133 hi=2
CHAIN slot=1 stage=2 layer=21 rows=1 mi=134 hi=2
CHAIN slot=1 stage=3 layer=21 rows=1 mi=134 hi=2
CHAIN slot=1 stage=4 layer=21 rows=1 mi=135 hi=2
CHAIN slot=1 stage=1 layer=22 rows=1 mi=135 hi=2
CHAIN slot=1 stage=2 layer=22 rows=1 mi=136 hi=2
CHAIN slot=1 stage=3 layer=22 rows=1 mi=136 hi=2
CHAIN slot=1 stage=4 layer=22 rows=1 mi=137 hi=2
CHAIN slot=1 stage=1 layer=23 rows=1 mi=137 hi=2
CHAIN slot=1 stage=2 layer=23 rows=1 mi=138 hi=2
CHAIN slot=1 stage=3 layer=23 rows=1 mi=138 hi=2
CHAIN slot=1 stage=4 layer=23 rows=1 mi=139 hi=2
CHAIN slot=1 stage=1 layer=24 rows=1 mi=139 hi=2
CHAIN slot=1 stage=2 layer=24 rows=1 mi=140 hi=2
CHAIN slot=1 stage=3 layer=24 rows=1 mi=140 hi=2
CHAIN slot=1 stage=4 layer=24 rows=1 mi=141 hi=2
CHAIN slot=1 stage=1 layer=25 rows=1 mi=141 hi=2
CHAIN slot=1 stage=2 layer=25 rows=1 mi=142 hi=2
CHAIN slot=1 stage=3 layer=25 rows=1 mi=142 hi=2
CHAIN slot=1 stage=4 layer=25 rows=1 mi=143 hi=2
CHAIN slot=1 stage=1 layer=26 rows=1 mi=143 hi=2
CHAIN slot=1 stage=2 layer=26 rows=1 mi=144 hi=2
CHAIN slot=1 stage=3 layer=26 rows=1 mi=144 hi=2
CHAIN slot=1 stage=4 layer=26 rows=1 mi=145 hi=2
CHAIN slot=1 stage=1 layer=27 rows=1 mi=145 hi=2
CHAIN slot=1 stage=2 layer=27 rows=1 mi=146 hi=2
CHAIN slot=1 stage=3 layer=27 rows=1 mi=146 hi=2
CHAIN slot=1 stage=4 layer=27 rows=1 mi=147 hi=2
CHAIN slot=1 stage=1 layer=28 rows=1 mi=147 hi=2
CHAIN slot=1 stage=2 layer=28 rows=1 mi=148 hi=2
CHAIN slot=1 stage=3 layer=28 rows=1 mi=148 hi=2
CHAIN slot=1 stage=4 layer=28 rows=1 mi=149 hi=2
CHAIN slot=1 stage=1 layer=29 rows=1 mi=149 hi=2
CHAIN slot=1 stage=2 layer=29 rows=1 mi=150 hi=2
CHAIN slot=1 stage=3 layer=29 rows=1 mi=150 hi=2
CHAIN slot=1 stage=4 layer=29 rows=1 mi=151 hi=2
CHAIN slot=1 stage=1 layer=30 rows=1 mi=151 hi=2
CHAIN slot=1 stage=2 layer=30 rows=1 mi=152 hi=2
CHAIN slot=1 stage=3 layer=30 rows=1 mi=152 hi=2
CHAIN slot=1 stage=4 layer=30 rows=1 mi=153 hi=2
CHAIN slot=1 stage=1 layer=31 rows=1 mi=153 hi=2
CHAIN slot=1 stage=2 layer=31 rows=1 mi=154 hi=2
CHAIN slot=1 stage=3 layer=31 rows=1 mi=154 hi=2
CHAIN slot=1 stage=4 layer=31 rows=1 mi=155 hi=2
CHAIN slot=1 stage=1 layer=32 rows=1 mi=155 hi=2
CHAIN slot=1 stage=2 layer=32 rows=1 mi=156 hi=2
CHAIN slot=1 stage=3 layer=32 rows=1 mi=156 hi=2
CHAIN slot=1 stage=4 layer=32 rows=1 mi=157 hi=2
CHAIN slot=1 stage=1 layer=33 rows=1 mi=157 hi=2
CHAIN slot=1 stage=2 layer=33 rows=1 mi=158 hi=2
CHAIN slot=1 stage=3 layer=33 rows=1 mi=158 hi=2
CHAIN slot=1 stage=4 layer=33 rows=1 mi=159 hi=2
CHAIN slot=1 stage=1 layer=34 rows=1 mi=159 hi=2
CHAIN slot=1 stage=2 layer=34 rows=1 mi=160 hi=2
CHAIN slot=1 stage=3 layer=34 rows=1 mi=160 hi=2
CHAIN slot=1 stage=4 layer=34 rows=1 mi=161 hi=2
CHAIN slot=1 stage=1 layer=35 rows=1 mi=161 hi=2
CHAIN slot=1 stage=2 layer=35 rows=1 mi=162 hi=2
CHAIN slot=1 stage=3 layer=35 rows=1 mi=162 hi=2
CHAIN slot=1 stage=4 layer=35 rows=1 mi=163 hi=2
CHAIN slot=1 stage=1 layer=36 rows=1 mi=163 hi=2
CHAIN slot=1 stage=2 layer=36 rows=1 mi=164 hi=2
CHAIN slot=1 stage=3 layer=36 rows=1 mi=164 hi=2
CHAIN slot=1 stage=4 layer=36 rows=1 mi=165 hi=2
CHAIN slot=1 stage=1 layer=37 rows=1 mi=165 hi=2
CHAIN slot=1 stage=2 layer=37 rows=1 mi=166 hi=2
CHAIN slot=1 stage=3 layer=37 rows=1 mi=166 hi=2
CHAIN slot=1 stage=4 layer=37 rows=1 mi=167 hi=2
CHAIN slot=1 stage=1 layer=38 rows=1 mi=167 hi=2
CHAIN slot=1 stage=2 layer=38 rows=1 mi=168 hi=2
CHAIN slot=1 stage=3 layer=38 rows=1 mi=168 hi=2
CHAIN slot=1 stage=4 layer=38 rows=1 mi=169 hi=2
CHAIN slot=1 stage=1 layer=39 rows=1 mi=169 hi=2
CHAIN slot=1 stage=2 layer=39 rows=1 mi=170 hi=2
CHAIN slot=1 stage=3 layer=39 rows=1 mi=170 hi=2
CHAIN slot=1 stage=4 layer=39 rows=1 mi=171 hi=2
CHAIN slot=1 stage=1 layer=40 rows=1 mi=171 hi=2
CHAIN slot=1 stage=2 layer=40 rows=1 mi=172 hi=2
CHAIN slot=1 stage=3 layer=40 rows=1 mi=172 hi=2
CHAIN slot=1 stage=4 layer=40 rows=1 mi=173 hi=2
CHAIN slot=1 stage=1 layer=41 rows=1 mi=173 hi=2
CHAIN slot=1 stage=2 layer=41 rows=1 mi=174 hi=2
CHAIN slot=1 stage=3 layer=41 rows=1 mi=174 hi=2
CHAIN slot=1 stage=4 layer=41 rows=1 mi=175 hi=2
CHAIN slot=1 stage=1 layer=42 rows=1 mi=175 hi=2
CHAIN slot=1 stage=2 layer=42 rows=1 mi=176 hi=2
CHAIN slot=1 stage=3 layer=42 rows=1 mi=176 hi=2
CHAIN slot=1 stage=4 layer=42 rows=1 mi=177 hi=2
CHAIN slot=1 stage=1 layer=43 rows=1 mi=177 hi=2
CHAIN slot=1 stage=2 layer=43 rows=1 mi=178 hi=2
CHAIN slot=1 stage=3 layer=43 rows=1 mi=178 hi=2
CHAIN slot=1 stage=4 layer=43 rows=1 mi=179 hi=2
CHAIN slot=1 stage=1 layer=44 rows=1 mi=179 hi=2
CHAIN slot=1 stage=2 layer=44 rows=1 mi=180 hi=2
CHAIN slot=1 stage=3 layer=44 rows=1 mi=180 hi=2
CHAIN slot=1 stage=4 layer=44 rows=1 mi=181 hi=2
CHAIN slot=1 stage=5 layer=45 rows=1 mi=181 hi=2
CHAIN slot=1 stage=6 layer=45 rows=1 mi=182 hi=2
CHAIN slot=1 stage=0 layer=45 rows=1 mi=182 hi=2
CHAIN slot=1 stage=1 layer=0 rows=1 mi=182 hi=3
CHAIN slot=1 stage=2 layer=0 rows=1 mi=183 hi=3
CHAIN slot=1 stage=3 layer=0 rows=1 mi=183 hi=3
CHAIN slot=1 stage=4 layer=0 rows=1 mi=184 hi=3
CHAIN slot=1 stage=1 layer=1 rows=1 mi=184 hi=3
CHAIN slot=1 stage=2 layer=1 rows=1 mi=185 hi=3
CHAIN slot=1 stage=3 layer=1 rows=1 mi=185 hi=3
CHAIN slot=1 stage=4 layer=1 rows=1 mi=186 hi=3
CHAIN slot=1 stage=1 layer=2 rows=1 mi=186 hi=3
CHAIN slot=1 stage=2 layer=2 rows=1 mi=187 hi=3
CHAIN slot=1 stage=3 layer=2 rows=1 mi=187 hi=3
CHAIN slot=1 stage=4 layer=2 rows=1 mi=188 hi=3
CHAIN slot=1 stage=1 layer=3 rows=1 mi=188 hi=3
OPUS rank=0 ops=64 mean_us=2198 max_us=28574 pub_us=0 wait_us=2187 bytes=8192
CHAIN slot=1 stage=2 layer=3 rows=1 mi=189 hi=3
CHAIN slot=1 stage=3 layer=3 rows=1 mi=189 hi=3
CHAIN slot=1 stage=4 layer=3 rows=1 mi=190 hi=3
CHAIN slot=1 stage=1 layer=4 rows=1 mi=190 hi=3
CHAIN slot=1 stage=2 layer=4 rows=1 mi=191 hi=3
CHAIN slot=1 stage=3 layer=4 rows=1 mi=191 hi=3
CHAIN slot=1 stage=4 layer=4 rows=1 mi=192 hi=3
CHAIN slot=1 stage=1 layer=5 rows=1 mi=192 hi=3
CHAIN slot=1 stage=2 layer=5 rows=1 mi=193 hi=3
CHAIN slot=1 stage=3 layer=5 rows=1 mi=193 hi=3
CHAIN slot=1 stage=4 layer=5 rows=1 mi=194 hi=3
CHAIN slot=1 stage=1 layer=6 rows=1 mi=194 hi=3
CHAIN slot=1 stage=2 layer=6 rows=1 mi=195 hi=3
CHAIN slot=1 stage=3 layer=6 rows=1 mi=195 hi=3
CHAIN slot=1 stage=4 layer=6 rows=1 mi=196 hi=3
CHAIN slot=1 stage=1 layer=7 rows=1 mi=196 hi=3
CHAIN slot=1 stage=2 layer=7 rows=1 mi=197 hi=3
CHAIN slot=1 stage=3 layer=7 rows=1 mi=197 hi=3
CHAIN slot=1 stage=4 layer=7 rows=1 mi=198 hi=3
CHAIN slot=1 stage=1 layer=8 rows=1 mi=198 hi=3
CHAIN slot=1 stage=2 layer=8 rows=1 mi=199 hi=3
CHAIN slot=1 stage=3 layer=8 rows=1 mi=199 hi=3
CHAIN slot=1 stage=4 layer=8 rows=1 mi=200 hi=3
CHAIN slot=1 stage=1 layer=9 rows=1 mi=200 hi=3
CHAIN slot=1 stage=2 layer=9 rows=1 mi=201 hi=3
CHAIN slot=1 stage=3 layer=9 rows=1 mi=201 hi=3
CHAIN slot=1 stage=4 layer=9 rows=1 mi=202 hi=3
CHAIN slot=1 stage=1 layer=10 rows=1 mi=202 hi=3
CHAIN slot=1 stage=2 layer=10 rows=1 mi=203 hi=3
CHAIN slot=1 stage=3 layer=10 rows=1 mi=203 hi=3
CHAIN slot=1 stage=4 layer=10 rows=1 mi=204 hi=3
CHAIN slot=1 stage=1 layer=11 rows=1 mi=204 hi=3
CHAIN slot=1 stage=2 layer=11 rows=1 mi=205 hi=3
CHAIN slot=1 stage=3 layer=11 rows=1 mi=205 hi=3
CHAIN slot=1 stage=4 layer=11 rows=1 mi=206 hi=3
CHAIN slot=1 stage=1 layer=12 rows=1 mi=206 hi=3
CHAIN slot=1 stage=2 layer=12 rows=1 mi=207 hi=3
CHAIN slot=1 stage=3 layer=12 rows=1 mi=207 hi=3
CHAIN slot=1 stage=4 layer=12 rows=1 mi=208 hi=3
CHAIN slot=1 stage=1 layer=13 rows=1 mi=208 hi=3
CHAIN slot=1 stage=2 layer=13 rows=1 mi=209 hi=3
CHAIN slot=1 stage=3 layer=13 rows=1 mi=209 hi=3
CHAIN slot=1 stage=4 layer=13 rows=1 mi=210 hi=3
CHAIN slot=1 stage=1 layer=14 rows=1 mi=210 hi=3
CHAIN slot=1 stage=2 layer=14 rows=1 mi=211 hi=3
CHAIN slot=1 stage=3 layer=14 rows=1 mi=211 hi=3
CHAIN slot=1 stage=4 layer=14 rows=1 mi=212 hi=3
CHAIN slot=1 stage=1 layer=15 rows=1 mi=212 hi=3
CHAIN slot=1 stage=2 layer=15 rows=1 mi=213 hi=3
CHAIN slot=1 stage=3 layer=15 rows=1 mi=213 hi=3
CHAIN slot=1 stage=4 layer=15 rows=1 mi=214 hi=3
CHAIN slot=1 stage=1 layer=16 rows=1 mi=214 hi=3
CHAIN slot=1 stage=2 layer=16 rows=1 mi=215 hi=3
CHAIN slot=1 stage=3 layer=16 rows=1 mi=215 hi=3
CHAIN slot=1 stage=4 layer=16 rows=1 mi=216 hi=3
CHAIN slot=1 stage=1 layer=17 rows=1 mi=216 hi=3
CHAIN slot=1 stage=2 layer=17 rows=1 mi=217 hi=3
CHAIN slot=1 stage=3 layer=17 rows=1 mi=217 hi=3
CHAIN slot=1 stage=4 layer=17 rows=1 mi=218 hi=3
CHAIN slot=1 stage=1 layer=18 rows=1 mi=218 hi=3
CHAIN slot=1 stage=2 layer=18 rows=1 mi=219 hi=3
CHAIN slot=1 stage=3 layer=18 rows=1 mi=219 hi=3
CHAIN slot=1 stage=4 layer=18 rows=1 mi=220 hi=3
CHAIN slot=1 stage=1 layer=19 rows=1 mi=220 hi=3
CHAIN slot=1 stage=2 layer=19 rows=1 mi=221 hi=3
CHAIN slot=1 stage=3 layer=19 rows=1 mi=221 hi=3
CHAIN slot=1 stage=4 layer=19 rows=1 mi=222 hi=3
CHAIN slot=1 stage=1 layer=20 rows=1 mi=222 hi=3
CHAIN slot=1 stage=2 layer=20 rows=1 mi=223 hi=3
CHAIN slot=1 stage=3 layer=20 rows=1 mi=223 hi=3
CHAIN slot=1 stage=4 layer=20 rows=1 mi=224 hi=3
CHAIN slot=1 stage=1 layer=21 rows=1 mi=224 hi=3
CHAIN slot=1 stage=2 layer=21 rows=1 mi=225 hi=3
CHAIN slot=1 stage=3 layer=21 rows=1 mi=225 hi=3
CHAIN slot=1 stage=4 layer=21 rows=1 mi=226 hi=3
CHAIN slot=1 stage=1 layer=22 rows=1 mi=226 hi=3
CHAIN slot=1 stage=2 layer=22 rows=1 mi=227 hi=3
CHAIN slot=1 stage=3 layer=22 rows=1 mi=227 hi=3
CHAIN slot=1 stage=4 layer=22 rows=1 mi=228 hi=3
CHAIN slot=1 stage=1 layer=23 rows=1 mi=228 hi=3
CHAIN slot=1 stage=2 layer=23 rows=1 mi=229 hi=3
CHAIN slot=1 stage=3 layer=23 rows=1 mi=229 hi=3
CHAIN slot=1 stage=4 layer=23 rows=1 mi=230 hi=3
CHAIN slot=1 stage=1 layer=24 rows=1 mi=230 hi=3
CHAIN slot=1 stage=2 layer=24 rows=1 mi=231 hi=3
CHAIN slot=1 stage=3 layer=24 rows=1 mi=231 hi=3
CHAIN slot=1 stage=4 layer=24 rows=1 mi=232 hi=3
CHAIN slot=1 stage=1 layer=25 rows=1 mi=232 hi=3
CHAIN slot=1 stage=2 layer=25 rows=1 mi=233 hi=3
CHAIN slot=1 stage=3 layer=25 rows=1 mi=233 hi=3
CHAIN slot=1 stage=4 layer=25 rows=1 mi=234 hi=3
CHAIN slot=1 stage=1 layer=26 rows=1 mi=234 hi=3
CHAIN slot=1 stage=2 layer=26 rows=1 mi=235 hi=3
CHAIN slot=1 stage=3 layer=26 rows=1 mi=235 hi=3
CHAIN slot=1 stage=4 layer=26 rows=1 mi=236 hi=3
CHAIN slot=1 stage=1 layer=27 rows=1 mi=236 hi=3
CHAIN slot=1 stage=2 layer=27 rows=1 mi=237 hi=3
CHAIN slot=1 stage=3 layer=27 rows=1 mi=237 hi=3
CHAIN slot=1 stage=4 layer=27 rows=1 mi=238 hi=3
CHAIN slot=1 stage=1 layer=28 rows=1 mi=238 hi=3
CHAIN slot=1 stage=2 layer=28 rows=1 mi=239 hi=3
CHAIN slot=1 stage=3 layer=28 rows=1 mi=239 hi=3
CHAIN slot=1 stage=4 layer=28 rows=1 mi=240 hi=3
CHAIN slot=1 stage=1 layer=29 rows=1 mi=240 hi=3
CHAIN slot=1 stage=2 layer=29 rows=1 mi=241 hi=3
CHAIN slot=1 stage=3 layer=29 rows=1 mi=241 hi=3
CHAIN slot=1 stage=4 layer=29 rows=1 mi=242 hi=3
CHAIN slot=1 stage=1 layer=30 rows=1 mi=242 hi=3
CHAIN slot=1 stage=2 layer=30 rows=1 mi=243 hi=3
CHAIN slot=1 stage=3 layer=30 rows=1 mi=243 hi=3
CHAIN slot=1 stage=4 layer=30 rows=1 mi=244 hi=3
CHAIN slot=1 stage=1 layer=31 rows=1 mi=244 hi=3
CHAIN slot=1 stage=2 layer=31 rows=1 mi=245 hi=3
CHAIN slot=1 stage=3 layer=31 rows=1 mi=245 hi=3
CHAIN slot=1 stage=4 layer=31 rows=1 mi=246 hi=3
CHAIN slot=1 stage=1 layer=32 rows=1 mi=246 hi=3
CHAIN slot=1 stage=2 layer=32 rows=1 mi=247 hi=3
CHAIN slot=1 stage=3 layer=32 rows=1 mi=247 hi=3
CHAIN slot=1 stage=4 layer=32 rows=1 mi=248 hi=3
CHAIN slot=1 stage=1 layer=33 rows=1 mi=248 hi=3
CHAIN slot=1 stage=2 layer=33 rows=1 mi=249 hi=3
CHAIN slot=1 stage=3 layer=33 rows=1 mi=249 hi=3
CHAIN slot=1 stage=4 layer=33 rows=1 mi=250 hi=3
CHAIN slot=1 stage=1 layer=34 rows=1 mi=250 hi=3
CHAIN slot=1 stage=2 layer=34 rows=1 mi=251 hi=3
CHAIN slot=1 stage=3 layer=34 rows=1 mi=251 hi=3
CHAIN slot=1 stage=4 layer=34 rows=1 mi=252 hi=3
CHAIN slot=1 stage=1 layer=35 rows=1 mi=252 hi=3
OPUS rank=0 ops=64 mean_us=4195 max_us=21977 pub_us=0 wait_us=4182 bytes=8192
CHAIN slot=1 stage=2 layer=35 rows=1 mi=253 hi=3
CHAIN slot=1 stage=3 layer=35 rows=1 mi=253 hi=3
CHAIN slot=1 stage=4 layer=35 rows=1 mi=254 hi=3
CHAIN slot=1 stage=1 layer=36 rows=1 mi=254 hi=3
CHAIN slot=1 stage=2 layer=36 rows=1 mi=255 hi=3
CHAIN slot=1 stage=3 layer=36 rows=1 mi=255 hi=3
CHAIN slot=1 stage=4 layer=36 rows=1 mi=256 hi=3
CHAIN slot=1 stage=1 layer=37 rows=1 mi=256 hi=3
CHAIN slot=1 stage=2 layer=37 rows=1 mi=257 hi=3
CHAIN slot=1 stage=3 layer=37 rows=1 mi=257 hi=3
CHAIN slot=1 stage=4 layer=37 rows=1 mi=258 hi=3
CHAIN slot=1 stage=1 layer=38 rows=1 mi=258 hi=3
CHAIN slot=1 stage=2 layer=38 rows=1 mi=259 hi=3
CHAIN slot=1 stage=3 layer=38 rows=1 mi=259 hi=3
CHAIN slot=1 stage=4 layer=38 rows=1 mi=260 hi=3
CHAIN slot=1 stage=1 layer=39 rows=1 mi=260 hi=3
CHAIN slot=1 stage=2 layer=39 rows=1 mi=261 hi=3
CHAIN slot=1 stage=3 layer=39 rows=1 mi=261 hi=3
CHAIN slot=1 stage=4 layer=39 rows=1 mi=262 hi=3
CHAIN slot=1 stage=1 layer=40 rows=1 mi=262 hi=3
CHAIN slot=1 stage=2 layer=40 rows=1 mi=263 hi=3
CHAIN slot=1 stage=3 layer=40 rows=1 mi=263 hi=3
CHAIN slot=1 stage=4 layer=40 rows=1 mi=264 hi=3
CHAIN slot=1 stage=1 layer=41 rows=1 mi=264 hi=3
CHAIN slot=1 stage=2 layer=41 rows=1 mi=265 hi=3
CHAIN slot=1 stage=3 layer=41 rows=1 mi=265 hi=3
CHAIN slot=1 stage=4 layer=41 rows=1 mi=266 hi=3
CHAIN slot=1 stage=1 layer=42 rows=1 mi=266 hi=3
CHAIN slot=1 stage=2 layer=42 rows=1 mi=267 hi=3
CHAIN slot=1 stage=3 layer=42 rows=1 mi=267 hi=3
CHAIN slot=1 stage=4 layer=42 rows=1 mi=268 hi=3
CHAIN slot=1 stage=1 layer=43 rows=1 mi=268 hi=3
CHAIN slot=1 stage=2 layer=43 rows=1 mi=269 hi=3
CHAIN slot=1 stage=3 layer=43 rows=1 mi=269 hi=3
CHAIN slot=1 stage=4 layer=43 rows=1 mi=270 hi=3
CHAIN slot=1 stage=1 layer=44 rows=1 mi=270 hi=3
CHAIN slot=1 stage=2 layer=44 rows=1 mi=271 hi=3
CHAIN slot=1 stage=3 layer=44 rows=1 mi=271 hi=3
CHAIN slot=1 stage=4 layer=44 rows=1 mi=272 hi=3
CHAIN slot=1 stage=5 layer=45 rows=1 mi=272 hi=3
CHAIN slot=1 stage=6 layer=45 rows=1 mi=273 hi=3
CHAIN slot=1 stage=0 layer=45 rows=1 mi=273 hi=3
CHAIN slot=1 stage=1 layer=0 rows=1 mi=273 hi=4
CHAIN slot=1 stage=2 layer=0 rows=1 mi=274 hi=4
CHAIN slot=1 stage=3 layer=0 rows=1 mi=274 hi=4
CHAIN slot=1 stage=4 layer=0 rows=1 mi=275 hi=4
CHAIN slot=1 stage=1 layer=1 rows=1 mi=275 hi=4
CHAIN slot=1 stage=2 layer=1 rows=1 mi=276 hi=4
CHAIN slot=1 stage=3 layer=1 rows=1 mi=276 hi=4
CHAIN slot=1 stage=4 layer=1 rows=1 mi=277 hi=4
CHAIN slot=1 stage=1 layer=2 rows=1 mi=277 hi=4
CHAIN slot=1 stage=2 layer=2 rows=1 mi=278 hi=4
CHAIN slot=1 stage=3 layer=2 rows=1 mi=278 hi=4
CHAIN slot=1 stage=4 layer=2 rows=1 mi=279 hi=4
CHAIN slot=1 stage=1 layer=3 rows=1 mi=279 hi=4
CHAIN slot=1 stage=2 layer=3 rows=1 mi=280 hi=4
CHAIN slot=1 stage=3 layer=3 rows=1 mi=280 hi=4
CHAIN slot=1 stage=4 layer=3 rows=1 mi=281 hi=4
CHAIN slot=1 stage=1 layer=4 rows=1 mi=281 hi=4
CHAIN slot=1 stage=2 layer=4 rows=1 mi=282 hi=4
CHAIN slot=1 stage=3 layer=4 rows=1 mi=282 hi=4
CHAIN slot=1 stage=4 layer=4 rows=1 mi=283 hi=4
CHAIN slot=1 stage=1 layer=5 rows=1 mi=283 hi=4
CHAIN slot=1 stage=2 layer=5 rows=1 mi=284 hi=4
CHAIN slot=1 stage=3 layer=5 rows=1 mi=284 hi=4
CHAIN slot=1 stage=4 layer=5 rows=1 mi=285 hi=4
CHAIN slot=1 stage=1 layer=6 rows=1 mi=285 hi=4
CHAIN slot=1 stage=2 layer=6 rows=1 mi=286 hi=4
CHAIN slot=1 stage=3 layer=6 rows=1 mi=286 hi=4
CHAIN slot=1 stage=4 layer=6 rows=1 mi=287 hi=4
CHAIN slot=1 stage=1 layer=7 rows=1 mi=287 hi=4
CHAIN slot=1 stage=2 layer=7 rows=1 mi=288 hi=4
CHAIN slot=1 stage=3 layer=7 rows=1 mi=288 hi=4
CHAIN slot=1 stage=4 layer=7 rows=1 mi=289 hi=4
CHAIN slot=1 stage=1 layer=8 rows=1 mi=289 hi=4
CHAIN slot=1 stage=2 layer=8 rows=1 mi=290 hi=4
CHAIN slot=1 stage=3 layer=8 rows=1 mi=290 hi=4
CHAIN slot=1 stage=4 layer=8 rows=1 mi=291 hi=4
CHAIN slot=1 stage=1 layer=9 rows=1 mi=291 hi=4
CHAIN slot=1 stage=2 layer=9 rows=1 mi=292 hi=4
CHAIN slot=1 stage=3 layer=9 rows=1 mi=292 hi=4
CHAIN slot=1 stage=4 layer=9 rows=1 mi=293 hi=4
CHAIN slot=1 stage=1 layer=10 rows=1 mi=293 hi=4
CHAIN slot=1 stage=2 layer=10 rows=1 mi=294 hi=4
CHAIN slot=1 stage=3 layer=10 rows=1 mi=294 hi=4
CHAIN slot=1 stage=4 layer=10 rows=1 mi=295 hi=4
CHAIN slot=1 stage=1 layer=11 rows=1 mi=295 hi=4
CHAIN slot=1 stage=2 layer=11 rows=1 mi=296 hi=4
CHAIN slot=1 stage=3 layer=11 rows=1 mi=296 hi=4
CHAIN slot=1 stage=4 layer=11 rows=1 mi=297 hi=4
CHAIN slot=1 stage=1 layer=12 rows=1 mi=297 hi=4
CHAIN slot=1 stage=2 layer=12 rows=1 mi=298 hi=4
CHAIN slot=1 stage=3 layer=12 rows=1 mi=298 hi=4
CHAIN slot=1 stage=4 layer=12 rows=1 mi=299 hi=4
CHAIN slot=1 stage=1 layer=13 rows=1 mi=299 hi=4
CHAIN slot=1 stage=2 layer=13 rows=1 mi=300 hi=4
CHAIN slot=1 stage=3 layer=13 rows=1 mi=300 hi=4
CHAIN slot=1 stage=4 layer=13 rows=1 mi=301 hi=4
CHAIN slot=1 stage=1 layer=14 rows=1 mi=301 hi=4
CHAIN slot=1 stage=2 layer=14 rows=1 mi=302 hi=4
CHAIN slot=1 stage=3 layer=14 rows=1 mi=302 hi=4
CHAIN slot=1 stage=4 layer=14 rows=1 mi=303 hi=4
CHAIN slot=1 stage=1 layer=15 rows=1 mi=303 hi=4
CHAIN slot=1 stage=2 layer=15 rows=1 mi=304 hi=4
CHAIN slot=1 stage=3 layer=15 rows=1 mi=304 hi=4
CHAIN slot=1 stage=4 layer=15 rows=1 mi=305 hi=4
CHAIN slot=1 stage=1 layer=16 rows=1 mi=305 hi=4
CHAIN slot=1 stage=2 layer=16 rows=1 mi=306 hi=4
CHAIN slot=1 stage=3 layer=16 rows=1 mi=306 hi=4
CHAIN slot=1 stage=4 layer=16 rows=1 mi=307 hi=4
CHAIN slot=1 stage=1 layer=17 rows=1 mi=307 hi=4
CHAIN slot=1 stage=2 layer=17 rows=1 mi=308 hi=4
CHAIN slot=1 stage=3 layer=17 rows=1 mi=308 hi=4
CHAIN slot=1 stage=4 layer=17 rows=1 mi=309 hi=4
CHAIN slot=1 stage=1 layer=18 rows=1 mi=309 hi=4
CHAIN slot=1 stage=2 layer=18 rows=1 mi=310 hi=4
CHAIN slot=1 stage=3 layer=18 rows=1 mi=310 hi=4
CHAIN slot=1 stage=4 layer=18 rows=1 mi=311 hi=4
CHAIN slot=1 stage=1 layer=19 rows=1 mi=311 hi=4
CHAIN slot=1 stage=2 layer=19 rows=1 mi=312 hi=4
CHAIN slot=1 stage=3 layer=19 rows=1 mi=312 hi=4
CHAIN slot=1 stage=4 layer=19 rows=1 mi=313 hi=4
CHAIN slot=1 stage=1 layer=20 rows=1 mi=313 hi=4
CHAIN slot=1 stage=2 layer=20 rows=1 mi=314 hi=4
CHAIN slot=1 stage=3 layer=20 rows=1 mi=314 hi=4
CHAIN slot=1 stage=4 layer=20 rows=1 mi=315 hi=4
CHAIN slot=1 stage=1 layer=21 rows=1 mi=315 hi=4
OPUS rank=0 ops=64 mean_us=3559 max_us=23920 pub_us=0 wait_us=3546 bytes=8192
CHAIN slot=1 stage=2 layer=21 rows=1 mi=316 hi=4
CHAIN slot=1 stage=3 layer=21 rows=1 mi=316 hi=4
CHAIN slot=1 stage=4 layer=21 rows=1 mi=317 hi=4
CHAIN slot=1 stage=1 layer=22 rows=1 mi=317 hi=4
CHAIN slot=1 stage=2 layer=22 rows=1 mi=318 hi=4
CHAIN slot=1 stage=3 layer=22 rows=1 mi=318 hi=4
CHAIN slot=1 stage=4 layer=22 rows=1 mi=319 hi=4
CHAIN slot=1 stage=1 layer=23 rows=1 mi=319 hi=4
CHAIN slot=1 stage=2 layer=23 rows=1 mi=320 hi=4
CHAIN slot=1 stage=3 layer=23 rows=1 mi=320 hi=4
CHAIN slot=1 stage=4 layer=23 rows=1 mi=321 hi=4
CHAIN slot=1 stage=1 layer=24 rows=1 mi=321 hi=4
CHAIN slot=1 stage=2 layer=24 rows=1 mi=322 hi=4
CHAIN slot=1 stage=3 layer=24 rows=1 mi=322 hi=4
CHAIN slot=1 stage=4 layer=24 rows=1 mi=323 hi=4
CHAIN slot=1 stage=1 layer=25 rows=1 mi=323 hi=4
CHAIN slot=1 stage=2 layer=25 rows=1 mi=324 hi=4
CHAIN slot=1 stage=3 layer=25 rows=1 mi=324 hi=4
CHAIN slot=1 stage=4 layer=25 rows=1 mi=325 hi=4
CHAIN slot=1 stage=1 layer=26 rows=1 mi=325 hi=4
CHAIN slot=1 stage=2 layer=26 rows=1 mi=326 hi=4
CHAIN slot=1 stage=3 layer=26 rows=1 mi=326 hi=4
CHAIN slot=1 stage=4 layer=26 rows=1 mi=327 hi=4
CHAIN slot=1 stage=1 layer=27 rows=1 mi=327 hi=4
CHAIN slot=1 stage=2 layer=27 rows=1 mi=328 hi=4
CHAIN slot=1 stage=3 layer=27 rows=1 mi=328 hi=4
CHAIN slot=1 stage=4 layer=27 rows=1 mi=329 hi=4
CHAIN slot=1 stage=1 layer=28 rows=1 mi=329 hi=4
CHAIN slot=1 stage=2 layer=28 rows=1 mi=330 hi=4
CHAIN slot=1 stage=3 layer=28 rows=1 mi=330 hi=4
CHAIN slot=1 stage=4 layer=28 rows=1 mi=331 hi=4
CHAIN slot=1 stage=1 layer=29 rows=1 mi=331 hi=4
CHAIN slot=1 stage=2 layer=29 rows=1 mi=332 hi=4
CHAIN slot=1 stage=3 layer=29 rows=1 mi=332 hi=4
CHAIN slot=1 stage=4 layer=29 rows=1 mi=333 hi=4
CHAIN slot=1 stage=1 layer=30 rows=1 mi=333 hi=4
CHAIN slot=1 stage=2 layer=30 rows=1 mi=334 hi=4
CHAIN slot=1 stage=3 layer=30 rows=1 mi=334 hi=4
CHAIN slot=1 stage=4 layer=30 rows=1 mi=335 hi=4
CHAIN slot=1 stage=1 layer=31 rows=1 mi=335 hi=4
CHAIN slot=1 stage=2 layer=31 rows=1 mi=336 hi=4
CHAIN slot=1 stage=3 layer=31 rows=1 mi=336 hi=4
CHAIN slot=1 stage=4 layer=31 rows=1 mi=337 hi=4
CHAIN slot=1 stage=1 layer=32 rows=1 mi=337 hi=4
CHAIN slot=1 stage=2 layer=32 rows=1 mi=338 hi=4
CHAIN slot=1 stage=3 layer=32 rows=1 mi=338 hi=4
CHAIN slot=1 stage=4 layer=32 rows=1 mi=339 hi=4
CHAIN slot=1 stage=1 layer=33 rows=1 mi=339 hi=4
CHAIN slot=1 stage=2 layer=33 rows=1 mi=340 hi=4
CHAIN slot=1 stage=3 layer=33 rows=1 mi=340 hi=4
CHAIN slot=1 stage=4 layer=33 rows=1 mi=341 hi=4
CHAIN slot=1 stage=1 layer=34 rows=1 mi=341 hi=4
CHAIN slot=1 stage=2 layer=34 rows=1 mi=342 hi=4
CHAIN slot=1 stage=3 layer=34 rows=1 mi=342 hi=4
CHAIN slot=1 stage=4 layer=34 rows=1 mi=343 hi=4
CHAIN slot=1 stage=1 layer=35 rows=1 mi=343 hi=4
CHAIN slot=1 stage=2 layer=35 rows=1 mi=344 hi=4
CHAIN slot=1 stage=3 layer=35 rows=1 mi=344 hi=4
CHAIN slot=1 stage=4 layer=35 rows=1 mi=345 hi=4
CHAIN slot=1 stage=1 layer=36 rows=1 mi=345 hi=4
CHAIN slot=1 stage=2 layer=36 rows=1 mi=346 hi=4
CHAIN slot=1 stage=3 layer=36 rows=1 mi=346 hi=4
CHAIN slot=1 stage=4 layer=36 rows=1 mi=347 hi=4
CHAIN slot=1 stage=1 layer=37 rows=1 mi=347 hi=4
CHAIN slot=1 stage=2 layer=37 rows=1 mi=348 hi=4
CHAIN slot=1 stage=3 layer=37 rows=1 mi=348 hi=4
CHAIN slot=1 stage=4 layer=37 rows=1 mi=349 hi=4
CHAIN slot=1 stage=1 layer=38 rows=1 mi=349 hi=4
CHAIN slot=1 stage=2 layer=38 rows=1 mi=350 hi=4
CHAIN slot=1 stage=3 layer=38 rows=1 mi=350 hi=4
CHAIN slot=1 stage=4 layer=38 rows=1 mi=351 hi=4
CHAIN slot=1 stage=1 layer=39 rows=1 mi=351 hi=4
CHAIN slot=1 stage=2 layer=39 rows=1 mi=352 hi=4
CHAIN slot=1 stage=3 layer=39 rows=1 mi=352 hi=4
CHAIN slot=1 stage=4 layer=39 rows=1 mi=353 hi=4
CHAIN slot=1 stage=1 layer=40 rows=1 mi=353 hi=4
CHAIN slot=1 stage=2 layer=40 rows=1 mi=354 hi=4
CHAIN slot=1 stage=3 layer=40 rows=1 mi=354 hi=4
CHAIN slot=1 stage=4 layer=40 rows=1 mi=355 hi=4
CHAIN slot=1 stage=1 layer=41 rows=1 mi=355 hi=4
CHAIN slot=1 stage=2 layer=41 rows=1 mi=356 hi=4
CHAIN slot=1 stage=3 layer=41 rows=1 mi=356 hi=4
CHAIN slot=1 stage=4 layer=41 rows=1 mi=357 hi=4
CHAIN slot=1 stage=1 layer=42 rows=1 mi=357 hi=4
CHAIN slot=1 stage=2 layer=42 rows=1 mi=358 hi=4
CHAIN slot=1 stage=3 layer=42 rows=1 mi=358 hi=4
CHAIN slot=1 stage=4 layer=42 rows=1 mi=359 hi=4
CHAIN slot=1 stage=1 layer=43 rows=1 mi=359 hi=4
CHAIN slot=1 stage=2 layer=43 rows=1 mi=360 hi=4
CHAIN slot=1 stage=3 layer=43 rows=1 mi=360 hi=4
CHAIN slot=1 stage=4 layer=43 rows=1 mi=361 hi=4
CHAIN slot=1 stage=1 layer=44 rows=1 mi=361 hi=4
CHAIN slot=1 stage=2 layer=44 rows=1 mi=362 hi=4
CHAIN slot=1 stage=3 layer=44 rows=1 mi=362 hi=4
CHAIN slot=1 stage=4 layer=44 rows=1 mi=363 hi=4
CHAIN slot=1 stage=5 layer=45 rows=1 mi=363 hi=4
CHAIN slot=1 stage=6 layer=45 rows=1 mi=364 hi=4
CHAIN slot=1 stage=0 layer=45 rows=1 mi=364 hi=4
CHAIN slot=1 stage=1 layer=0 rows=1 mi=364 hi=5
CHAIN slot=1 stage=2 layer=0 rows=1 mi=365 hi=5
CHAIN slot=1 stage=3 layer=0 rows=1 mi=365 hi=5
CHAIN slot=1 stage=4 layer=0 rows=1 mi=366 hi=5
CHAIN slot=1 stage=1 layer=1 rows=1 mi=366 hi=5
CHAIN slot=1 stage=2 layer=1 rows=1 mi=367 hi=5
CHAIN slot=1 stage=3 layer=1 rows=1 mi=367 hi=5
CHAIN slot=1 stage=4 layer=1 rows=1 mi=368 hi=5
CHAIN slot=1 stage=1 layer=2 rows=1 mi=368 hi=5
CHAIN slot=1 stage=2 layer=2 rows=1 mi=369 hi=5
CHAIN slot=1 stage=3 layer=2 rows=1 mi=369 hi=5
CHAIN slot=1 stage=4 layer=2 rows=1 mi=370 hi=5
CHAIN slot=1 stage=1 layer=3 rows=1 mi=370 hi=5
CHAIN slot=1 stage=2 layer=3 rows=1 mi=371 hi=5
CHAIN slot=1 stage=3 layer=3 rows=1 mi=371 hi=5
CHAIN slot=1 stage=4 layer=3 rows=1 mi=372 hi=5
CHAIN slot=1 stage=1 layer=4 rows=1 mi=372 hi=5
CHAIN slot=1 stage=2 layer=4 rows=1 mi=373 hi=5
CHAIN slot=1 stage=3 layer=4 rows=1 mi=373 hi=5
CHAIN slot=1 stage=4 layer=4 rows=1 mi=374 hi=5
CHAIN slot=1 stage=1 layer=5 rows=1 mi=374 hi=5
CHAIN slot=1 stage=2 layer=5 rows=1 mi=375 hi=5
CHAIN slot=1 stage=3 layer=5 rows=1 mi=375 hi=5
CHAIN slot=1 stage=4 layer=5 rows=1 mi=376 hi=5
CHAIN slot=1 stage=1 layer=6 rows=1 mi=376 hi=5
CHAIN slot=1 stage=2 layer=6 rows=1 mi=377 hi=5
CHAIN slot=1 stage=3 layer=6 rows=1 mi=377 hi=5
CHAIN slot=1 stage=4 layer=6 rows=1 mi=378 hi=5
CHAIN slot=1 stage=1 layer=7 rows=1 mi=378 hi=5
OPUS rank=0 ops=64 mean_us=2438 max_us=14796 pub_us=0 wait_us=2428 bytes=8192
CHAIN slot=1 stage=2 layer=7 rows=1 mi=379 hi=5
CHAIN slot=1 stage=3 layer=7 rows=1 mi=379 hi=5
CHAIN slot=1 stage=4 layer=7 rows=1 mi=380 hi=5
CHAIN slot=1 stage=1 layer=8 rows=1 mi=380 hi=5
CHAIN slot=1 stage=2 layer=8 rows=1 mi=381 hi=5
CHAIN slot=1 stage=3 layer=8 rows=1 mi=381 hi=5
CHAIN slot=1 stage=4 layer=8 rows=1 mi=382 hi=5
CHAIN slot=1 stage=1 layer=9 rows=1 mi=382 hi=5
CHAIN slot=1 stage=2 layer=9 rows=1 mi=383 hi=5
CHAIN slot=1 stage=3 layer=9 rows=1 mi=383 hi=5
CHAIN slot=1 stage=4 layer=9 rows=1 mi=384 hi=5
CHAIN slot=1 stage=1 layer=10 rows=1 mi=384 hi=5
CHAIN slot=1 stage=2 layer=10 rows=1 mi=385 hi=5
CHAIN slot=1 stage=3 layer=10 rows=1 mi=385 hi=5
CHAIN slot=1 stage=4 layer=10 rows=1 mi=386 hi=5
CHAIN slot=1 stage=1 layer=11 rows=1 mi=386 hi=5
CHAIN slot=1 stage=2 layer=11 rows=1 mi=387 hi=5
CHAIN slot=1 stage=3 layer=11 rows=1 mi=387 hi=5
CHAIN slot=1 stage=4 layer=11 rows=1 mi=388 hi=5
CHAIN slot=1 stage=1 layer=12 rows=1 mi=388 hi=5
CHAIN slot=1 stage=2 layer=12 rows=1 mi=389 hi=5
CHAIN slot=1 stage=3 layer=12 rows=1 mi=389 hi=5
CHAIN slot=1 stage=4 layer=12 rows=1 mi=390 hi=5
CHAIN slot=1 stage=1 layer=13 rows=1 mi=390 hi=5
CHAIN slot=1 stage=2 layer=13 rows=1 mi=391 hi=5
CHAIN slot=1 stage=3 layer=13 rows=1 mi=391 hi=5
CHAIN slot=1 stage=4 layer=13 rows=1 mi=392 hi=5
CHAIN slot=1 stage=1 layer=14 rows=1 mi=392 hi=5
CHAIN slot=1 stage=2 layer=14 rows=1 mi=393 hi=5
CHAIN slot=1 stage=3 layer=14 rows=1 mi=393 hi=5
CHAIN slot=1 stage=4 layer=14 rows=1 mi=394 hi=5
CHAIN slot=1 stage=1 layer=15 rows=1 mi=394 hi=5
CHAIN slot=1 stage=2 layer=15 rows=1 mi=395 hi=5
CHAIN slot=1 stage=3 layer=15 rows=1 mi=395 hi=5
CHAIN slot=1 stage=4 layer=15 rows=1 mi=396 hi=5
CHAIN slot=1 stage=1 layer=16 rows=1 mi=396 hi=5
CHAIN slot=1 stage=2 layer=16 rows=1 mi=397 hi=5
CHAIN slot=1 stage=3 layer=16 rows=1 mi=397 hi=5
CHAIN slot=1 stage=4 layer=16 rows=1 mi=398 hi=5
CHAIN slot=1 stage=1 layer=17 rows=1 mi=398 hi=5
CHAIN slot=1 stage=2 layer=17 rows=1 mi=399 hi=5
CHAIN slot=1 stage=3 layer=17 rows=1 mi=399 hi=5
CHAIN slot=1 stage=4 layer=17 rows=1 mi=400 hi=5
CHAIN slot=1 stage=1 layer=18 rows=1 mi=400 hi=5
CHAIN slot=1 stage=2 layer=18 rows=1 mi=401 hi=5
CHAIN slot=1 stage=3 layer=18 rows=1 mi=401 hi=5
CHAIN slot=1 stage=4 layer=18 rows=1 mi=402 hi=5
CHAIN slot=1 stage=1 layer=19 rows=1 mi=402 hi=5
CHAIN slot=1 stage=2 layer=19 rows=1 mi=403 hi=5
CHAIN slot=1 stage=3 layer=19 rows=1 mi=403 hi=5
CHAIN slot=1 stage=4 layer=19 rows=1 mi=404 hi=5
CHAIN slot=1 stage=1 layer=20 rows=1 mi=404 hi=5
CHAIN slot=1 stage=2 layer=20 rows=1 mi=405 hi=5
CHAIN slot=1 stage=3 layer=20 rows=1 mi=405 hi=5
CHAIN slot=1 stage=4 layer=20 rows=1 mi=406 hi=5
CHAIN slot=1 stage=1 layer=21 rows=1 mi=406 hi=5
CHAIN slot=1 stage=2 layer=21 rows=1 mi=407 hi=5
CHAIN slot=1 stage=3 layer=21 rows=1 mi=407 hi=5
CHAIN slot=1 stage=4 layer=21 rows=1 mi=408 hi=5
CHAIN slot=1 stage=1 layer=22 rows=1 mi=408 hi=5
CHAIN slot=1 stage=2 layer=22 rows=1 mi=409 hi=5
CHAIN slot=1 stage=3 layer=22 rows=1 mi=409 hi=5
CHAIN slot=1 stage=4 layer=22 rows=1 mi=410 hi=5
CHAIN slot=1 stage=1 layer=23 rows=1 mi=410 hi=5
CHAIN slot=1 stage=2 layer=23 rows=1 mi=411 hi=5
CHAIN slot=1 stage=3 layer=23 rows=1 mi=411 hi=5
CHAIN slot=1 stage=4 layer=23 rows=1 mi=412 hi=5
CHAIN slot=1 stage=1 layer=24 rows=1 mi=412 hi=5
CHAIN slot=1 stage=2 layer=24 rows=1 mi=413 hi=5
CHAIN slot=1 stage=3 layer=24 rows=1 mi=413 hi=5
CHAIN slot=1 stage=4 layer=24 rows=1 mi=414 hi=5
CHAIN slot=1 stage=1 layer=25 rows=1 mi=414 hi=5
CHAIN slot=1 stage=2 layer=25 rows=1 mi=415 hi=5
CHAIN slot=1 stage=3 layer=25 rows=1 mi=415 hi=5
CHAIN slot=1 stage=4 layer=25 rows=1 mi=416 hi=5
CHAIN slot=1 stage=1 layer=26 rows=1 mi=416 hi=5
CHAIN slot=1 stage=2 layer=26 rows=1 mi=417 hi=5
CHAIN slot=1 stage=3 layer=26 rows=1 mi=417 hi=5
CHAIN slot=1 stage=4 layer=26 rows=1 mi=418 hi=5
CHAIN slot=1 stage=1 layer=27 rows=1 mi=418 hi=5
CHAIN slot=1 stage=2 layer=27 rows=1 mi=419 hi=5
CHAIN slot=1 stage=3 layer=27 rows=1 mi=419 hi=5
CHAIN slot=1 stage=4 layer=27 rows=1 mi=420 hi=5
CHAIN slot=1 stage=1 layer=28 rows=1 mi=420 hi=5
CHAIN slot=1 stage=2 layer=28 rows=1 mi=421 hi=5
CHAIN slot=1 stage=3 layer=28 rows=1 mi=421 hi=5
CHAIN slot=1 stage=4 layer=28 rows=1 mi=422 hi=5
CHAIN slot=1 stage=1 layer=29 rows=1 mi=422 hi=5
CHAIN slot=1 stage=2 layer=29 rows=1 mi=423 hi=5
CHAIN slot=1 stage=3 layer=29 rows=1 mi=423 hi=5
CHAIN slot=1 stage=4 layer=29 rows=1 mi=424 hi=5
CHAIN slot=1 stage=1 layer=30 rows=1 mi=424 hi=5
CHAIN slot=1 stage=2 layer=30 rows=1 mi=425 hi=5
CHAIN slot=1 stage=3 layer=30 rows=1 mi=425 hi=5
CHAIN slot=1 stage=4 layer=30 rows=1 mi=426 hi=5
CHAIN slot=1 stage=1 layer=31 rows=1 mi=426 hi=5
CHAIN slot=1 stage=2 layer=31 rows=1 mi=427 hi=5
CHAIN slot=1 stage=3 layer=31 rows=1 mi=427 hi=5
CHAIN slot=1 stage=4 layer=31 rows=1 mi=428 hi=5
CHAIN slot=1 stage=1 layer=32 rows=1 mi=428 hi=5
CHAIN slot=1 stage=2 layer=32 rows=1 mi=429 hi=5
CHAIN slot=1 stage=3 layer=32 rows=1 mi=429 hi=5
CHAIN slot=1 stage=4 layer=32 rows=1 mi=430 hi=5
CHAIN slot=1 stage=1 layer=33 rows=1 mi=430 hi=5
CHAIN slot=1 stage=2 layer=33 rows=1 mi=431 hi=5
CHAIN slot=1 stage=3 layer=33 rows=1 mi=431 hi=5
CHAIN slot=1 stage=4 layer=33 rows=1 mi=432 hi=5
CHAIN slot=1 stage=1 layer=34 rows=1 mi=432 hi=5
CHAIN slot=1 stage=2 layer=34 rows=1 mi=433 hi=5
CHAIN slot=1 stage=3 layer=34 rows=1 mi=433 hi=5
CHAIN slot=1 stage=4 layer=34 rows=1 mi=434 hi=5
CHAIN slot=1 stage=1 layer=35 rows=1 mi=434 hi=5
CHAIN slot=1 stage=2 layer=35 rows=1 mi=435 hi=5
CHAIN slot=1 stage=3 layer=35 rows=1 mi=435 hi=5
CHAIN slot=1 stage=4 layer=35 rows=1 mi=436 hi=5
CHAIN slot=1 stage=1 layer=36 rows=1 mi=436 hi=5
CHAIN slot=1 stage=2 layer=36 rows=1 mi=437 hi=5
CHAIN slot=1 stage=3 layer=36 rows=1 mi=437 hi=5
CHAIN slot=1 stage=4 layer=36 rows=1 mi=438 hi=5
CHAIN slot=1 stage=1 layer=37 rows=1 mi=438 hi=5
CHAIN slot=1 stage=2 layer=37 rows=1 mi=439 hi=5
CHAIN slot=1 stage=3 layer=37 rows=1 mi=439 hi=5
CHAIN slot=1 stage=4 layer=37 rows=1 mi=440 hi=5
CHAIN slot=1 stage=1 layer=38 rows=1 mi=440 hi=5
CHAIN slot=1 stage=2 layer=38 rows=1 mi=441 hi=5
CHAIN slot=1 stage=3 layer=38 rows=1 mi=441 hi=5
CHAIN slot=1 stage=4 layer=38 rows=1 mi=442 hi=5
CHAIN slot=1 stage=1 layer=39 rows=1 mi=442 hi=5
OPUS rank=0 ops=64 mean_us=2487 max_us=16409 pub_us=0 wait_us=2476 bytes=8192
CHAIN slot=1 stage=2 layer=39 rows=1 mi=443 hi=5
CHAIN slot=1 stage=3 layer=39 rows=1 mi=443 hi=5
CHAIN slot=1 stage=4 layer=39 rows=1 mi=444 hi=5
CHAIN slot=1 stage=1 layer=40 rows=1 mi=444 hi=5
CHAIN slot=1 stage=2 layer=40 rows=1 mi=445 hi=5
CHAIN slot=1 stage=3 layer=40 rows=1 mi=445 hi=5
CHAIN slot=1 stage=4 layer=40 rows=1 mi=446 hi=5
CHAIN slot=1 stage=1 layer=41 rows=1 mi=446 hi=5
CHAIN slot=1 stage=2 layer=41 rows=1 mi=447 hi=5
CHAIN slot=1 stage=3 layer=41 rows=1 mi=447 hi=5
CHAIN slot=1 stage=4 layer=41 rows=1 mi=448 hi=5
CHAIN slot=1 stage=1 layer=42 rows=1 mi=448 hi=5
CHAIN slot=1 stage=2 layer=42 rows=1 mi=449 hi=5
CHAIN slot=1 stage=3 layer=42 rows=1 mi=449 hi=5
CHAIN slot=1 stage=4 layer=42 rows=1 mi=450 hi=5
CHAIN slot=1 stage=1 layer=43 rows=1 mi=450 hi=5
CHAIN slot=1 stage=2 layer=43 rows=1 mi=451 hi=5
CHAIN slot=1 stage=3 layer=43 rows=1 mi=451 hi=5
CHAIN slot=1 stage=4 layer=43 rows=1 mi=452 hi=5
CHAIN slot=1 stage=1 layer=44 rows=1 mi=452 hi=5
CHAIN slot=1 stage=2 layer=44 rows=1 mi=453 hi=5
CHAIN slot=1 stage=3 layer=44 rows=1 mi=453 hi=5
CHAIN slot=1 stage=4 layer=44 rows=1 mi=454 hi=5
CHAIN slot=1 stage=5 layer=45 rows=1 mi=454 hi=5
CHAIN slot=1 stage=6 layer=45 rows=1 mi=455 hi=5
CHAIN slot=2 stage=0 layer=0 rows=1 mi=455 hi=5
DEGRADE graph-fallback n=1 status=15
CHAIN slot=2 stage=1 layer=0 rows=1 mi=455 hi=6
CHAIN slot=2 stage=2 layer=0 rows=1 mi=456 hi=6
CHAIN slot=2 stage=3 layer=0 rows=1 mi=456 hi=6
CHAIN slot=2 stage=4 layer=0 rows=1 mi=457 hi=6
CHAIN slot=2 stage=1 layer=1 rows=1 mi=457 hi=6
CHAIN slot=2 stage=2 layer=1 rows=1 mi=458 hi=6
CHAIN slot=2 stage=3 layer=1 rows=1 mi=458 hi=6
CHAIN slot=2 stage=4 layer=1 rows=1 mi=459 hi=6
CHAIN slot=2 stage=1 layer=2 rows=1 mi=459 hi=6
CHAIN slot=2 stage=2 layer=2 rows=1 mi=460 hi=6
CHAIN slot=2 stage=3 layer=2 rows=1 mi=460 hi=6
CHAIN slot=2 stage=4 layer=2 rows=1 mi=461 hi=6
CHAIN slot=2 stage=1 layer=3 rows=1 mi=461 hi=6
CHAIN slot=2 stage=2 layer=3 rows=1 mi=462 hi=6
CHAIN slot=2 stage=3 layer=3 rows=1 mi=462 hi=6
CHAIN slot=2 stage=4 layer=3 rows=1 mi=463 hi=6
CHAIN slot=2 stage=1 layer=4 rows=1 mi=463 hi=6
CHAIN slot=2 stage=2 layer=4 rows=1 mi=464 hi=6
CHAIN slot=2 stage=3 layer=4 rows=1 mi=464 hi=6
CHAIN slot=2 stage=4 layer=4 rows=1 mi=465 hi=6
CHAIN slot=2 stage=1 layer=5 rows=1 mi=465 hi=6
CHAIN slot=2 stage=2 layer=5 rows=1 mi=466 hi=6
CHAIN slot=2 stage=3 layer=5 rows=1 mi=466 hi=6
CHAIN slot=2 stage=4 layer=5 rows=1 mi=467 hi=6
CHAIN slot=2 stage=1 layer=6 rows=1 mi=467 hi=6
CHAIN slot=2 stage=2 layer=6 rows=1 mi=468 hi=6
CHAIN slot=2 stage=3 layer=6 rows=1 mi=468 hi=6
CHAIN slot=2 stage=4 layer=6 rows=1 mi=469 hi=6
CHAIN slot=2 stage=1 layer=7 rows=1 mi=469 hi=6
CHAIN slot=2 stage=2 layer=7 rows=1 mi=470 hi=6
CHAIN slot=2 stage=3 layer=7 rows=1 mi=470 hi=6
CHAIN slot=2 stage=4 layer=7 rows=1 mi=471 hi=6
CHAIN slot=2 stage=1 layer=8 rows=1 mi=471 hi=6
CHAIN slot=2 stage=2 layer=8 rows=1 mi=472 hi=6
CHAIN slot=2 stage=3 layer=8 rows=1 mi=472 hi=6
CHAIN slot=2 stage=4 layer=8 rows=1 mi=473 hi=6
CHAIN slot=2 stage=1 layer=9 rows=1 mi=473 hi=6
CHAIN slot=2 stage=2 layer=9 rows=1 mi=474 hi=6
CHAIN slot=2 stage=3 layer=9 rows=1 mi=474 hi=6
CHAIN slot=2 stage=4 layer=9 rows=1 mi=475 hi=6
CHAIN slot=2 stage=1 layer=10 rows=1 mi=475 hi=6
CHAIN slot=2 stage=2 layer=10 rows=1 mi=476 hi=6
CHAIN slot=2 stage=3 layer=10 rows=1 mi=476 hi=6
CHAIN slot=2 stage=4 layer=10 rows=1 mi=477 hi=6
CHAIN slot=2 stage=1 layer=11 rows=1 mi=477 hi=6
CHAIN slot=2 stage=2 layer=11 rows=1 mi=478 hi=6
CHAIN slot=2 stage=3 layer=11 rows=1 mi=478 hi=6
CHAIN slot=2 stage=4 layer=11 rows=1 mi=479 hi=6
CHAIN slot=2 stage=1 layer=12 rows=1 mi=479 hi=6
CHAIN slot=2 stage=2 layer=12 rows=1 mi=480 hi=6
CHAIN slot=2 stage=3 layer=12 rows=1 mi=480 hi=6
CHAIN slot=2 stage=4 layer=12 rows=1 mi=481 hi=6
CHAIN slot=2 stage=1 layer=13 rows=1 mi=481 hi=6
CHAIN slot=2 stage=2 layer=13 rows=1 mi=482 hi=6
CHAIN slot=2 stage=3 layer=13 rows=1 mi=482 hi=6
CHAIN slot=2 stage=4 layer=13 rows=1 mi=483 hi=6
CHAIN slot=2 stage=1 layer=14 rows=1 mi=483 hi=6
CHAIN slot=2 stage=2 layer=14 rows=1 mi=484 hi=6
CHAIN slot=2 stage=3 layer=14 rows=1 mi=484 hi=6
CHAIN slot=2 stage=4 layer=14 rows=1 mi=485 hi=6
CHAIN slot=2 stage=1 layer=15 rows=1 mi=485 hi=6
CHAIN slot=2 stage=2 layer=15 rows=1 mi=486 hi=6
CHAIN slot=2 stage=3 layer=15 rows=1 mi=486 hi=6
CHAIN slot=2 stage=4 layer=15 rows=1 mi=487 hi=6
CHAIN slot=2 stage=1 layer=16 rows=1 mi=487 hi=6
CHAIN slot=2 stage=2 layer=16 rows=1 mi=488 hi=6
CHAIN slot=2 stage=3 layer=16 rows=1 mi=488 hi=6
CHAIN slot=2 stage=4 layer=16 rows=1 mi=489 hi=6
CHAIN slot=2 stage=1 layer=17 rows=1 mi=489 hi=6
CHAIN slot=2 stage=2 layer=17 rows=1 mi=490 hi=6
CHAIN slot=2 stage=3 layer=17 rows=1 mi=490 hi=6
CHAIN slot=2 stage=4 layer=17 rows=1 mi=491 hi=6
CHAIN slot=2 stage=1 layer=18 rows=1 mi=491 hi=6
CHAIN slot=2 stage=2 layer=18 rows=1 mi=492 hi=6
CHAIN slot=2 stage=3 layer=18 rows=1 mi=492 hi=6
CHAIN slot=2 stage=4 layer=18 rows=1 mi=493 hi=6
CHAIN slot=2 stage=1 layer=19 rows=1 mi=493 hi=6
CHAIN slot=2 stage=2 layer=19 rows=1 mi=494 hi=6
CHAIN slot=2 stage=3 layer=19 rows=1 mi=494 hi=6
CHAIN slot=2 stage=4 layer=19 rows=1 mi=495 hi=6
CHAIN slot=2 stage=1 layer=20 rows=1 mi=495 hi=6
CHAIN slot=2 stage=2 layer=20 rows=1 mi=496 hi=6
CHAIN slot=2 stage=3 layer=20 rows=1 mi=496 hi=6
CHAIN slot=2 stage=4 layer=20 rows=1 mi=497 hi=6
CHAIN slot=2 stage=1 layer=21 rows=1 mi=497 hi=6
CHAIN slot=2 stage=2 layer=21 rows=1 mi=498 hi=6
CHAIN slot=2 stage=3 layer=21 rows=1 mi=498 hi=6
CHAIN slot=2 stage=4 layer=21 rows=1 mi=499 hi=6
CHAIN slot=2 stage=1 layer=22 rows=1 mi=499 hi=6
CHAIN slot=2 stage=2 layer=22 rows=1 mi=500 hi=6
CHAIN slot=2 stage=3 layer=22 rows=1 mi=500 hi=6
CHAIN slot=2 stage=4 layer=22 rows=1 mi=501 hi=6
CHAIN slot=2 stage=1 layer=23 rows=1 mi=501 hi=6
CHAIN slot=2 stage=2 layer=23 rows=1 mi=502 hi=6
CHAIN slot=2 stage=3 layer=23 rows=1 mi=502 hi=6
CHAIN slot=2 stage=4 layer=23 rows=1 mi=503 hi=6
CHAIN slot=2 stage=1 layer=24 rows=1 mi=503 hi=6
CHAIN slot=2 stage=2 layer=24 rows=1 mi=504 hi=6
CHAIN slot=2 stage=3 layer=24 rows=1 mi=504 hi=6
CHAIN slot=2 stage=4 layer=24 rows=1 mi=505 hi=6
CHAIN slot=2 stage=1 layer=25 rows=1 mi=505 hi=6
OPUS rank=0 ops=64 mean_us=36451 max_us=1145482 pub_us=0 wait_us=36440 bytes=8192
CHAIN slot=2 stage=2 layer=25 rows=1 mi=506 hi=6
CHAIN slot=2 stage=3 layer=25 rows=1 mi=506 hi=6
CHAIN slot=2 stage=4 layer=25 rows=1 mi=507 hi=6
CHAIN slot=2 stage=1 layer=26 rows=1 mi=507 hi=6
CHAIN slot=2 stage=2 layer=26 rows=1 mi=508 hi=6
CHAIN slot=2 stage=3 layer=26 rows=1 mi=508 hi=6
CHAIN slot=2 stage=4 layer=26 rows=1 mi=509 hi=6
CHAIN slot=2 stage=1 layer=27 rows=1 mi=509 hi=6
CHAIN slot=2 stage=2 layer=27 rows=1 mi=510 hi=6
CHAIN slot=2 stage=3 layer=27 rows=1 mi=510 hi=6
CHAIN slot=2 stage=4 layer=27 rows=1 mi=511 hi=6
CHAIN slot=2 stage=1 layer=28 rows=1 mi=511 hi=6
CHAIN slot=2 stage=2 layer=28 rows=1 mi=512 hi=6
CHAIN slot=2 stage=3 layer=28 rows=1 mi=512 hi=6
CHAIN slot=2 stage=4 layer=28 rows=1 mi=513 hi=6
CHAIN slot=2 stage=1 layer=29 rows=1 mi=513 hi=6
CHAIN slot=2 stage=2 layer=29 rows=1 mi=514 hi=6
CHAIN slot=2 stage=3 layer=29 rows=1 mi=514 hi=6
CHAIN slot=2 stage=4 layer=29 rows=1 mi=515 hi=6
CHAIN slot=2 stage=1 layer=30 rows=1 mi=515 hi=6
CHAIN slot=2 stage=2 layer=30 rows=1 mi=516 hi=6
CHAIN slot=2 stage=3 layer=30 rows=1 mi=516 hi=6
CHAIN slot=2 stage=4 layer=30 rows=1 mi=517 hi=6
CHAIN slot=2 stage=1 layer=31 rows=1 mi=517 hi=6
CHAIN slot=2 stage=2 layer=31 rows=1 mi=518 hi=6
CHAIN slot=2 stage=3 layer=31 rows=1 mi=518 hi=6
CHAIN slot=2 stage=4 layer=31 rows=1 mi=519 hi=6
CHAIN slot=2 stage=1 layer=32 rows=1 mi=519 hi=6
CHAIN slot=2 stage=2 layer=32 rows=1 mi=520 hi=6
CHAIN slot=2 stage=3 layer=32 rows=1 mi=520 hi=6
CHAIN slot=2 stage=4 layer=32 rows=1 mi=521 hi=6
CHAIN slot=2 stage=1 layer=33 rows=1 mi=521 hi=6
CHAIN slot=2 stage=2 layer=33 rows=1 mi=522 hi=6
CHAIN slot=2 stage=3 layer=33 rows=1 mi=522 hi=6
CHAIN slot=2 stage=4 layer=33 rows=1 mi=523 hi=6
CHAIN slot=2 stage=1 layer=34 rows=1 mi=523 hi=6
CHAIN slot=2 stage=2 layer=34 rows=1 mi=524 hi=6
CHAIN slot=2 stage=3 layer=34 rows=1 mi=524 hi=6
CHAIN slot=2 stage=4 layer=34 rows=1 mi=525 hi=6
CHAIN slot=2 stage=1 layer=35 rows=1 mi=525 hi=6
CHAIN slot=2 stage=2 layer=35 rows=1 mi=526 hi=6
CHAIN slot=2 stage=3 layer=35 rows=1 mi=526 hi=6
CHAIN slot=2 stage=4 layer=35 rows=1 mi=527 hi=6
CHAIN slot=2 stage=1 layer=36 rows=1 mi=527 hi=6
CHAIN slot=2 stage=2 layer=36 rows=1 mi=528 hi=6
CHAIN slot=2 stage=3 layer=36 rows=1 mi=528 hi=6
CHAIN slot=2 stage=4 layer=36 rows=1 mi=529 hi=6
CHAIN slot=2 stage=1 layer=37 rows=1 mi=529 hi=6
CHAIN slot=2 stage=2 layer=37 rows=1 mi=530 hi=6
CHAIN slot=2 stage=3 layer=37 rows=1 mi=530 hi=6
CHAIN slot=2 stage=4 layer=37 rows=1 mi=531 hi=6
CHAIN slot=2 stage=1 layer=38 rows=1 mi=531 hi=6
CHAIN slot=2 stage=2 layer=38 rows=1 mi=532 hi=6
CHAIN slot=2 stage=3 layer=38 rows=1 mi=532 hi=6
CHAIN slot=2 stage=4 layer=38 rows=1 mi=533 hi=6
CHAIN slot=2 stage=1 layer=39 rows=1 mi=533 hi=6
CHAIN slot=2 stage=2 layer=39 rows=1 mi=534 hi=6
CHAIN slot=2 stage=3 layer=39 rows=1 mi=534 hi=6
CHAIN slot=2 stage=4 layer=39 rows=1 mi=535 hi=6
CHAIN slot=2 stage=1 layer=40 rows=1 mi=535 hi=6
CHAIN slot=2 stage=2 layer=40 rows=1 mi=536 hi=6
CHAIN slot=2 stage=3 layer=40 rows=1 mi=536 hi=6
CHAIN slot=2 stage=4 layer=40 rows=1 mi=537 hi=6
CHAIN slot=2 stage=1 layer=41 rows=1 mi=537 hi=6
CHAIN slot=2 stage=2 layer=41 rows=1 mi=538 hi=6
CHAIN slot=2 stage=3 layer=41 rows=1 mi=538 hi=6
CHAIN slot=2 stage=4 layer=41 rows=1 mi=539 hi=6
CHAIN slot=2 stage=1 layer=42 rows=1 mi=539 hi=6
CHAIN slot=2 stage=2 layer=42 rows=1 mi=540 hi=6
CHAIN slot=2 stage=3 layer=42 rows=1 mi=540 hi=6
CHAIN slot=2 stage=4 layer=42 rows=1 mi=541 hi=6
CHAIN slot=2 stage=1 layer=43 rows=1 mi=541 hi=6
CHAIN slot=2 stage=2 layer=43 rows=1 mi=542 hi=6
CHAIN slot=2 stage=3 layer=43 rows=1 mi=542 hi=6
CHAIN slot=2 stage=4 layer=43 rows=1 mi=543 hi=6
CHAIN slot=2 stage=1 layer=44 rows=1 mi=543 hi=6
CHAIN slot=2 stage=2 layer=44 rows=1 mi=544 hi=6
CHAIN slot=2 stage=3 layer=44 rows=1 mi=544 hi=6
CHAIN slot=2 stage=4 layer=44 rows=1 mi=545 hi=6
CHAIN slot=2 stage=5 layer=45 rows=1 mi=545 hi=6
CHAIN slot=2 stage=6 layer=45 rows=1 mi=546 hi=6
CHAIN slot=3 stage=0 layer=0 rows=1 mi=546 hi=6
CHAIN slot=3 stage=1 layer=0 rows=1 mi=546 hi=7
CHAIN slot=3 stage=2 layer=0 rows=1 mi=547 hi=7
CHAIN slot=3 stage=3 layer=0 rows=1 mi=547 hi=7
CHAIN slot=3 stage=4 layer=0 rows=1 mi=548 hi=7
CHAIN slot=3 stage=1 layer=1 rows=1 mi=548 hi=7
CHAIN slot=3 stage=2 layer=1 rows=1 mi=549 hi=7
CHAIN slot=3 stage=3 layer=1 rows=1 mi=549 hi=7
CHAIN slot=3 stage=4 layer=1 rows=1 mi=550 hi=7
CHAIN slot=3 stage=1 layer=2 rows=1 mi=550 hi=7
CHAIN slot=3 stage=2 layer=2 rows=1 mi=551 hi=7
CHAIN slot=3 stage=3 layer=2 rows=1 mi=551 hi=7
CHAIN slot=3 stage=4 layer=2 rows=1 mi=552 hi=7
CHAIN slot=3 stage=1 layer=3 rows=1 mi=552 hi=7
CHAIN slot=3 stage=2 layer=3 rows=1 mi=553 hi=7
CHAIN slot=3 stage=3 layer=3 rows=1 mi=553 hi=7
CHAIN slot=3 stage=4 layer=3 rows=1 mi=554 hi=7
CHAIN slot=3 stage=1 layer=4 rows=1 mi=554 hi=7
CHAIN slot=3 stage=2 layer=4 rows=1 mi=555 hi=7
CHAIN slot=3 stage=3 layer=4 rows=1 mi=555 hi=7
CHAIN slot=3 stage=4 layer=4 rows=1 mi=556 hi=7
CHAIN slot=3 stage=1 layer=5 rows=1 mi=556 hi=7
CHAIN slot=3 stage=2 layer=5 rows=1 mi=557 hi=7
CHAIN slot=3 stage=3 layer=5 rows=1 mi=557 hi=7
CHAIN slot=3 stage=4 layer=5 rows=1 mi=558 hi=7
CHAIN slot=3 stage=1 layer=6 rows=1 mi=558 hi=7
CHAIN slot=3 stage=2 layer=6 rows=1 mi=559 hi=7
CHAIN slot=3 stage=3 layer=6 rows=1 mi=559 hi=7
CHAIN slot=3 stage=4 layer=6 rows=1 mi=560 hi=7
CHAIN slot=3 stage=1 layer=7 rows=1 mi=560 hi=7
CHAIN slot=3 stage=2 layer=7 rows=1 mi=561 hi=7
CHAIN slot=3 stage=3 layer=7 rows=1 mi=561 hi=7
CHAIN slot=3 stage=4 layer=7 rows=1 mi=562 hi=7
CHAIN slot=3 stage=1 layer=8 rows=1 mi=562 hi=7
CHAIN slot=3 stage=2 layer=8 rows=1 mi=563 hi=7
CHAIN slot=3 stage=3 layer=8 rows=1 mi=563 hi=7
CHAIN slot=3 stage=4 layer=8 rows=1 mi=564 hi=7
CHAIN slot=3 stage=1 layer=9 rows=1 mi=564 hi=7
CHAIN slot=3 stage=2 layer=9 rows=1 mi=565 hi=7
CHAIN slot=3 stage=3 layer=9 rows=1 mi=565 hi=7
CHAIN slot=3 stage=4 layer=9 rows=1 mi=566 hi=7
CHAIN slot=3 stage=1 layer=10 rows=1 mi=566 hi=7
CHAIN slot=3 stage=2 layer=10 rows=1 mi=567 hi=7
CHAIN slot=3 stage=3 layer=10 rows=1 mi=567 hi=7
CHAIN slot=3 stage=4 layer=10 rows=1 mi=568 hi=7
CHAIN slot=3 stage=1 layer=11 rows=1 mi=568 hi=7
OPUS rank=0 ops=64 mean_us=24437 max_us=1122448 pub_us=0 wait_us=24426 bytes=8192
CHAIN slot=3 stage=2 layer=11 rows=1 mi=569 hi=7
CHAIN slot=3 stage=3 layer=11 rows=1 mi=569 hi=7
CHAIN slot=3 stage=4 layer=11 rows=1 mi=570 hi=7
CHAIN slot=3 stage=1 layer=12 rows=1 mi=570 hi=7
CHAIN slot=3 stage=2 layer=12 rows=1 mi=571 hi=7
CHAIN slot=3 stage=3 layer=12 rows=1 mi=571 hi=7
CHAIN slot=3 stage=4 layer=12 rows=1 mi=572 hi=7
CHAIN slot=3 stage=1 layer=13 rows=1 mi=572 hi=7
CHAIN slot=3 stage=2 layer=13 rows=1 mi=573 hi=7
CHAIN slot=3 stage=3 layer=13 rows=1 mi=573 hi=7
CHAIN slot=3 stage=4 layer=13 rows=1 mi=574 hi=7
CHAIN slot=3 stage=1 layer=14 rows=1 mi=574 hi=7
CHAIN slot=3 stage=2 layer=14 rows=1 mi=575 hi=7
CHAIN slot=3 stage=3 layer=14 rows=1 mi=575 hi=7
CHAIN slot=3 stage=4 layer=14 rows=1 mi=576 hi=7
CHAIN slot=3 stage=1 layer=15 rows=1 mi=576 hi=7
CHAIN slot=3 stage=2 layer=15 rows=1 mi=577 hi=7
CHAIN slot=3 stage=3 layer=15 rows=1 mi=577 hi=7
CHAIN slot=3 stage=4 layer=15 rows=1 mi=578 hi=7
CHAIN slot=3 stage=1 layer=16 rows=1 mi=578 hi=7
CHAIN slot=3 stage=2 layer=16 rows=1 mi=579 hi=7
CHAIN slot=3 stage=3 layer=16 rows=1 mi=579 hi=7
CHAIN slot=3 stage=4 layer=16 rows=1 mi=580 hi=7
CHAIN slot=3 stage=1 layer=17 rows=1 mi=580 hi=7
CHAIN slot=3 stage=2 layer=17 rows=1 mi=581 hi=7
CHAIN slot=3 stage=3 layer=17 rows=1 mi=581 hi=7
CHAIN slot=3 stage=4 layer=17 rows=1 mi=582 hi=7
CHAIN slot=3 stage=1 layer=18 rows=1 mi=582 hi=7
CHAIN slot=3 stage=2 layer=18 rows=1 mi=583 hi=7
CHAIN slot=3 stage=3 layer=18 rows=1 mi=583 hi=7
CHAIN slot=3 stage=4 layer=18 rows=1 mi=584 hi=7
CHAIN slot=3 stage=1 layer=19 rows=1 mi=584 hi=7
CHAIN slot=3 stage=2 layer=19 rows=1 mi=585 hi=7
CHAIN slot=3 stage=3 layer=19 rows=1 mi=585 hi=7
CHAIN slot=3 stage=4 layer=19 rows=1 mi=586 hi=7
CHAIN slot=3 stage=1 layer=20 rows=1 mi=586 hi=7
CHAIN slot=3 stage=2 layer=20 rows=1 mi=587 hi=7
CHAIN slot=3 stage=3 layer=20 rows=1 mi=587 hi=7
CHAIN slot=3 stage=4 layer=20 rows=1 mi=588 hi=7
CHAIN slot=3 stage=1 layer=21 rows=1 mi=588 hi=7
CHAIN slot=3 stage=2 layer=21 rows=1 mi=589 hi=7
CHAIN slot=3 stage=3 layer=21 rows=1 mi=589 hi=7
CHAIN slot=3 stage=4 layer=21 rows=1 mi=590 hi=7
CHAIN slot=3 stage=1 layer=22 rows=1 mi=590 hi=7
CHAIN slot=3 stage=2 layer=22 rows=1 mi=591 hi=7
CHAIN slot=3 stage=3 layer=22 rows=1 mi=591 hi=7
CHAIN slot=3 stage=4 layer=22 rows=1 mi=592 hi=7
CHAIN slot=3 stage=1 layer=23 rows=1 mi=592 hi=7
CHAIN slot=3 stage=2 layer=23 rows=1 mi=593 hi=7
CHAIN slot=3 stage=3 layer=23 rows=1 mi=593 hi=7
CHAIN slot=3 stage=4 layer=23 rows=1 mi=594 hi=7
CHAIN slot=3 stage=1 layer=24 rows=1 mi=594 hi=7
CHAIN slot=3 stage=2 layer=24 rows=1 mi=595 hi=7
CHAIN slot=3 stage=3 layer=24 rows=1 mi=595 hi=7
CHAIN slot=3 stage=4 layer=24 rows=1 mi=596 hi=7
CHAIN slot=3 stage=1 layer=25 rows=1 mi=596 hi=7
CHAIN slot=3 stage=2 layer=25 rows=1 mi=597 hi=7
CHAIN slot=3 stage=3 layer=25 rows=1 mi=597 hi=7
CHAIN slot=3 stage=4 layer=25 rows=1 mi=598 hi=7
CHAIN slot=3 stage=1 layer=26 rows=1 mi=598 hi=7
CHAIN slot=3 stage=2 layer=26 rows=1 mi=599 hi=7
CHAIN slot=3 stage=3 layer=26 rows=1 mi=599 hi=7
CHAIN slot=3 stage=4 layer=26 rows=1 mi=600 hi=7
CHAIN slot=3 stage=1 layer=27 rows=1 mi=600 hi=7
CHAIN slot=3 stage=2 layer=27 rows=1 mi=601 hi=7
CHAIN slot=3 stage=3 layer=27 rows=1 mi=601 hi=7
CHAIN slot=3 stage=4 layer=27 rows=1 mi=602 hi=7
CHAIN slot=3 stage=1 layer=28 rows=1 mi=602 hi=7
CHAIN slot=3 stage=2 layer=28 rows=1 mi=603 hi=7
CHAIN slot=3 stage=3 layer=28 rows=1 mi=603 hi=7
CHAIN slot=3 stage=4 layer=28 rows=1 mi=604 hi=7
CHAIN slot=3 stage=1 layer=29 rows=1 mi=604 hi=7
CHAIN slot=3 stage=2 layer=29 rows=1 mi=605 hi=7
CHAIN slot=3 stage=3 layer=29 rows=1 mi=605 hi=7
CHAIN slot=3 stage=4 layer=29 rows=1 mi=606 hi=7
CHAIN slot=3 stage=1 layer=30 rows=1 mi=606 hi=7
CHAIN slot=3 stage=2 layer=30 rows=1 mi=607 hi=7
CHAIN slot=3 stage=3 layer=30 rows=1 mi=607 hi=7
CHAIN slot=3 stage=4 layer=30 rows=1 mi=608 hi=7
CHAIN slot=3 stage=1 layer=31 rows=1 mi=608 hi=7
CHAIN slot=3 stage=2 layer=31 rows=1 mi=609 hi=7
CHAIN slot=3 stage=3 layer=31 rows=1 mi=609 hi=7
CHAIN slot=3 stage=4 layer=31 rows=1 mi=610 hi=7
CHAIN slot=3 stage=1 layer=32 rows=1 mi=610 hi=7
CHAIN slot=3 stage=2 layer=32 rows=1 mi=611 hi=7
CHAIN slot=3 stage=3 layer=32 rows=1 mi=611 hi=7
CHAIN slot=3 stage=4 layer=32 rows=1 mi=612 hi=7
CHAIN slot=3 stage=1 layer=33 rows=1 mi=612 hi=7
CHAIN slot=3 stage=2 layer=33 rows=1 mi=613 hi=7
CHAIN slot=3 stage=3 layer=33 rows=1 mi=613 hi=7
CHAIN slot=3 stage=4 layer=33 rows=1 mi=614 hi=7
CHAIN slot=3 stage=1 layer=34 rows=1 mi=614 hi=7
CHAIN slot=3 stage=2 layer=34 rows=1 mi=615 hi=7
CHAIN slot=3 stage=3 layer=34 rows=1 mi=615 hi=7
CHAIN slot=3 stage=4 layer=34 rows=1 mi=616 hi=7
CHAIN slot=3 stage=1 layer=35 rows=1 mi=616 hi=7
CHAIN slot=3 stage=2 layer=35 rows=1 mi=617 hi=7
CHAIN slot=3 stage=3 layer=35 rows=1 mi=617 hi=7
CHAIN slot=3 stage=4 layer=35 rows=1 mi=618 hi=7
CHAIN slot=3 stage=1 layer=36 rows=1 mi=618 hi=7
CHAIN slot=3 stage=2 layer=36 rows=1 mi=619 hi=7
CHAIN slot=3 stage=3 layer=36 rows=1 mi=619 hi=7
CHAIN slot=3 stage=4 layer=36 rows=1 mi=620 hi=7
CHAIN slot=3 stage=1 layer=37 rows=1 mi=620 hi=7
CHAIN slot=3 stage=2 layer=37 rows=1 mi=621 hi=7
CHAIN slot=3 stage=3 layer=37 rows=1 mi=621 hi=7
CHAIN slot=3 stage=4 layer=37 rows=1 mi=622 hi=7
CHAIN slot=3 stage=1 layer=38 rows=1 mi=622 hi=7
CHAIN slot=3 stage=2 layer=38 rows=1 mi=623 hi=7
CHAIN slot=3 stage=3 layer=38 rows=1 mi=623 hi=7
CHAIN slot=3 stage=4 layer=38 rows=1 mi=624 hi=7
CHAIN slot=3 stage=1 layer=39 rows=1 mi=624 hi=7
CHAIN slot=3 stage=2 layer=39 rows=1 mi=625 hi=7
CHAIN slot=3 stage=3 layer=39 rows=1 mi=625 hi=7
CHAIN slot=3 stage=4 layer=39 rows=1 mi=626 hi=7
CHAIN slot=3 stage=1 layer=40 rows=1 mi=626 hi=7
CHAIN slot=3 stage=2 layer=40 rows=1 mi=627 hi=7
CHAIN slot=3 stage=3 layer=40 rows=1 mi=627 hi=7
CHAIN slot=3 stage=4 layer=40 rows=1 mi=628 hi=7
CHAIN slot=3 stage=1 layer=41 rows=1 mi=628 hi=7
CHAIN slot=3 stage=2 layer=41 rows=1 mi=629 hi=7
CHAIN slot=3 stage=3 layer=41 rows=1 mi=629 hi=7
CHAIN slot=3 stage=4 layer=41 rows=1 mi=630 hi=7
CHAIN slot=3 stage=1 layer=42 rows=1 mi=630 hi=7
CHAIN slot=3 stage=2 layer=42 rows=1 mi=631 hi=7
CHAIN slot=3 stage=3 layer=42 rows=1 mi=631 hi=7
CHAIN slot=3 stage=4 layer=42 rows=1 mi=632 hi=7
CHAIN slot=3 stage=1 layer=43 rows=1 mi=632 hi=7
OPUS rank=0 ops=64 mean_us=2469 max_us=10549 pub_us=0 wait_us=2460 bytes=8192
CHAIN slot=3 stage=2 layer=43 rows=1 mi=633 hi=7
CHAIN slot=3 stage=3 layer=43 rows=1 mi=633 hi=7
CHAIN slot=3 stage=4 layer=43 rows=1 mi=634 hi=7
CHAIN slot=3 stage=1 layer=44 rows=1 mi=634 hi=7
CHAIN slot=3 stage=2 layer=44 rows=1 mi=635 hi=7
CHAIN slot=3 stage=3 layer=44 rows=1 mi=635 hi=7
CHAIN slot=3 stage=4 layer=44 rows=1 mi=636 hi=7
CHAIN slot=3 stage=5 layer=45 rows=1 mi=636 hi=7
CHAIN slot=3 stage=6 layer=45 rows=1 mi=637 hi=7
CHAIN slot=0 stage=0 layer=0 rows=1 mi=637 hi=7
CHAIN slot=0 stage=1 layer=0 rows=1 mi=637 hi=8
CHAIN slot=0 stage=2 layer=0 rows=1 mi=638 hi=8
CHAIN slot=0 stage=3 layer=0 rows=1 mi=638 hi=8
CHAIN slot=0 stage=4 layer=0 rows=1 mi=639 hi=8
CHAIN slot=0 stage=1 layer=1 rows=1 mi=639 hi=8
CHAIN slot=0 stage=2 layer=1 rows=1 mi=640 hi=8
CHAIN slot=0 stage=3 layer=1 rows=1 mi=640 hi=8
CHAIN slot=0 stage=4 layer=1 rows=1 mi=641 hi=8
CHAIN slot=0 stage=1 layer=2 rows=1 mi=641 hi=8
CHAIN slot=0 stage=2 layer=2 rows=1 mi=642 hi=8
CHAIN slot=0 stage=3 layer=2 rows=1 mi=642 hi=8
CHAIN slot=0 stage=4 layer=2 rows=1 mi=643 hi=8
CHAIN slot=0 stage=1 layer=3 rows=1 mi=643 hi=8
CHAIN slot=0 stage=2 layer=3 rows=1 mi=644 hi=8
CHAIN slot=0 stage=3 layer=3 rows=1 mi=644 hi=8
CHAIN slot=0 stage=4 layer=3 rows=1 mi=645 hi=8
CHAIN slot=0 stage=1 layer=4 rows=1 mi=645 hi=8
CHAIN slot=0 stage=2 layer=4 rows=1 mi=646 hi=8
CHAIN slot=0 stage=3 layer=4 rows=1 mi=646 hi=8
CHAIN slot=0 stage=4 layer=4 rows=1 mi=647 hi=8
CHAIN slot=0 stage=1 layer=5 rows=1 mi=647 hi=8
CHAIN slot=0 stage=2 layer=5 rows=1 mi=648 hi=8
CHAIN slot=0 stage=3 layer=5 rows=1 mi=648 hi=8
CHAIN slot=0 stage=4 layer=5 rows=1 mi=649 hi=8
CHAIN slot=0 stage=1 layer=6 rows=1 mi=649 hi=8
CHAIN slot=0 stage=2 layer=6 rows=1 mi=650 hi=8
CHAIN slot=0 stage=3 layer=6 rows=1 mi=650 hi=8
CHAIN slot=0 stage=4 layer=6 rows=1 mi=651 hi=8
CHAIN slot=0 stage=1 layer=7 rows=1 mi=651 hi=8
CHAIN slot=0 stage=2 layer=7 rows=1 mi=652 hi=8
CHAIN slot=0 stage=3 layer=7 rows=1 mi=652 hi=8
CHAIN slot=0 stage=4 layer=7 rows=1 mi=653 hi=8
CHAIN slot=0 stage=1 layer=8 rows=1 mi=653 hi=8
CHAIN slot=0 stage=2 layer=8 rows=1 mi=654 hi=8
CHAIN slot=0 stage=3 layer=8 rows=1 mi=654 hi=8
CHAIN slot=0 stage=4 layer=8 rows=1 mi=655 hi=8
CHAIN slot=0 stage=1 layer=9 rows=1 mi=655 hi=8
CHAIN slot=0 stage=2 layer=9 rows=1 mi=656 hi=8
CHAIN slot=0 stage=3 layer=9 rows=1 mi=656 hi=8
CHAIN slot=0 stage=4 layer=9 rows=1 mi=657 hi=8
CHAIN slot=0 stage=1 layer=10 rows=1 mi=657 hi=8
CHAIN slot=0 stage=2 layer=10 rows=1 mi=658 hi=8
CHAIN slot=0 stage=3 layer=10 rows=1 mi=658 hi=8
CHAIN slot=0 stage=4 layer=10 rows=1 mi=659 hi=8
CHAIN slot=0 stage=1 layer=11 rows=1 mi=659 hi=8
CHAIN slot=0 stage=2 layer=11 rows=1 mi=660 hi=8
CHAIN slot=0 stage=3 layer=11 rows=1 mi=660 hi=8
CHAIN slot=0 stage=4 layer=11 rows=1 mi=661 hi=8
CHAIN slot=0 stage=1 layer=12 rows=1 mi=661 hi=8
CHAIN slot=0 stage=2 layer=12 rows=1 mi=662 hi=8
CHAIN slot=0 stage=3 layer=12 rows=1 mi=662 hi=8
CHAIN slot=0 stage=4 layer=12 rows=1 mi=663 hi=8
CHAIN slot=0 stage=1 layer=13 rows=1 mi=663 hi=8
CHAIN slot=0 stage=2 layer=13 rows=1 mi=664 hi=8
CHAIN slot=0 stage=3 layer=13 rows=1 mi=664 hi=8
CHAIN slot=0 stage=4 layer=13 rows=1 mi=665 hi=8
CHAIN slot=0 stage=1 layer=14 rows=1 mi=665 hi=8
CHAIN slot=0 stage=2 layer=14 rows=1 mi=666 hi=8
CHAIN slot=0 stage=3 layer=14 rows=1 mi=666 hi=8
CHAIN slot=0 stage=4 layer=14 rows=1 mi=667 hi=8
CHAIN slot=0 stage=1 layer=15 rows=1 mi=667 hi=8
CHAIN slot=0 stage=2 layer=15 rows=1 mi=668 hi=8
CHAIN slot=0 stage=3 layer=15 rows=1 mi=668 hi=8
CHAIN slot=0 stage=4 layer=15 rows=1 mi=669 hi=8
CHAIN slot=0 stage=1 layer=16 rows=1 mi=669 hi=8
CHAIN slot=0 stage=2 layer=16 rows=1 mi=670 hi=8
CHAIN slot=0 stage=3 layer=16 rows=1 mi=670 hi=8
CHAIN slot=0 stage=4 layer=16 rows=1 mi=671 hi=8
CHAIN slot=0 stage=1 layer=17 rows=1 mi=671 hi=8
CHAIN slot=0 stage=2 layer=17 rows=1 mi=672 hi=8
CHAIN slot=0 stage=3 layer=17 rows=1 mi=672 hi=8
CHAIN slot=0 stage=4 layer=17 rows=1 mi=673 hi=8
CHAIN slot=0 stage=1 layer=18 rows=1 mi=673 hi=8
CHAIN slot=0 stage=2 layer=18 rows=1 mi=674 hi=8
CHAIN slot=0 stage=3 layer=18 rows=1 mi=674 hi=8
CHAIN slot=0 stage=4 layer=18 rows=1 mi=675 hi=8
CHAIN slot=0 stage=1 layer=19 rows=1 mi=675 hi=8
CHAIN slot=0 stage=2 layer=19 rows=1 mi=676 hi=8
CHAIN slot=0 stage=3 layer=19 rows=1 mi=676 hi=8
CHAIN slot=0 stage=4 layer=19 rows=1 mi=677 hi=8
CHAIN slot=0 stage=1 layer=20 rows=1 mi=677 hi=8
CHAIN slot=0 stage=2 layer=20 rows=1 mi=678 hi=8
CHAIN slot=0 stage=3 layer=20 rows=1 mi=678 hi=8
CHAIN slot=0 stage=4 layer=20 rows=1 mi=679 hi=8
CHAIN slot=0 stage=1 layer=21 rows=1 mi=679 hi=8
CHAIN slot=0 stage=2 layer=21 rows=1 mi=680 hi=8
CHAIN slot=0 stage=3 layer=21 rows=1 mi=680 hi=8
CHAIN slot=0 stage=4 layer=21 rows=1 mi=681 hi=8
CHAIN slot=0 stage=1 layer=22 rows=1 mi=681 hi=8
CHAIN slot=0 stage=2 layer=22 rows=1 mi=682 hi=8
CHAIN slot=0 stage=3 layer=22 rows=1 mi=682 hi=8
CHAIN slot=0 stage=4 layer=22 rows=1 mi=683 hi=8
CHAIN slot=0 stage=1 layer=23 rows=1 mi=683 hi=8
CHAIN slot=0 stage=2 layer=23 rows=1 mi=684 hi=8
CHAIN slot=0 stage=3 layer=23 rows=1 mi=684 hi=8
CHAIN slot=0 stage=4 layer=23 rows=1 mi=685 hi=8
CHAIN slot=0 stage=1 layer=24 rows=1 mi=685 hi=8
CHAIN slot=0 stage=2 layer=24 rows=1 mi=686 hi=8
CHAIN slot=0 stage=3 layer=24 rows=1 mi=686 hi=8
CHAIN slot=0 stage=4 layer=24 rows=1 mi=687 hi=8
CHAIN slot=0 stage=1 layer=25 rows=1 mi=687 hi=8
CHAIN slot=0 stage=2 layer=25 rows=1 mi=688 hi=8
CHAIN slot=0 stage=3 layer=25 rows=1 mi=688 hi=8
CHAIN slot=0 stage=4 layer=25 rows=1 mi=689 hi=8
CHAIN slot=0 stage=1 layer=26 rows=1 mi=689 hi=8
CHAIN slot=0 stage=2 layer=26 rows=1 mi=690 hi=8
CHAIN slot=0 stage=3 layer=26 rows=1 mi=690 hi=8
CHAIN slot=0 stage=4 layer=26 rows=1 mi=691 hi=8
CHAIN slot=0 stage=1 layer=27 rows=1 mi=691 hi=8
CHAIN slot=0 stage=2 layer=27 rows=1 mi=692 hi=8
CHAIN slot=0 stage=3 layer=27 rows=1 mi=692 hi=8
CHAIN slot=0 stage=4 layer=27 rows=1 mi=693 hi=8
CHAIN slot=0 stage=1 layer=28 rows=1 mi=693 hi=8
CHAIN slot=0 stage=2 layer=28 rows=1 mi=694 hi=8
CHAIN slot=0 stage=3 layer=28 rows=1 mi=694 hi=8
CHAIN slot=0 stage=4 layer=28 rows=1 mi=695 hi=8
CHAIN slot=0 stage=1 layer=29 rows=1 mi=695 hi=8
OPUS rank=0 ops=64 mean_us=23008 max_us=1127799 pub_us=0 wait_us=22999 bytes=8192
CHAIN slot=0 stage=2 layer=29 rows=1 mi=696 hi=8
CHAIN slot=0 stage=3 layer=29 rows=1 mi=696 hi=8
CHAIN slot=0 stage=4 layer=29 rows=1 mi=697 hi=8
CHAIN slot=0 stage=1 layer=30 rows=1 mi=697 hi=8
CHAIN slot=0 stage=2 layer=30 rows=1 mi=698 hi=8
CHAIN slot=0 stage=3 layer=30 rows=1 mi=698 hi=8
CHAIN slot=0 stage=4 layer=30 rows=1 mi=699 hi=8
CHAIN slot=0 stage=1 layer=31 rows=1 mi=699 hi=8
CHAIN slot=0 stage=2 layer=31 rows=1 mi=700 hi=8
CHAIN slot=0 stage=3 layer=31 rows=1 mi=700 hi=8
CHAIN slot=0 stage=4 layer=31 rows=1 mi=701 hi=8
CHAIN slot=0 stage=1 layer=32 rows=1 mi=701 hi=8
CHAIN slot=0 stage=2 layer=32 rows=1 mi=702 hi=8
CHAIN slot=0 stage=3 layer=32 rows=1 mi=702 hi=8
CHAIN slot=0 stage=4 layer=32 rows=1 mi=703 hi=8
CHAIN slot=0 stage=1 layer=33 rows=1 mi=703 hi=8
CHAIN slot=0 stage=2 layer=33 rows=1 mi=704 hi=8
CHAIN slot=0 stage=3 layer=33 rows=1 mi=704 hi=8
CHAIN slot=0 stage=4 layer=33 rows=1 mi=705 hi=8
CHAIN slot=0 stage=1 layer=34 rows=1 mi=705 hi=8
CHAIN slot=0 stage=2 layer=34 rows=1 mi=706 hi=8
CHAIN slot=0 stage=3 layer=34 rows=1 mi=706 hi=8
CHAIN slot=0 stage=4 layer=34 rows=1 mi=707 hi=8
CHAIN slot=0 stage=1 layer=35 rows=1 mi=707 hi=8
CHAIN slot=0 stage=2 layer=35 rows=1 mi=708 hi=8
CHAIN slot=0 stage=3 layer=35 rows=1 mi=708 hi=8
CHAIN slot=0 stage=4 layer=35 rows=1 mi=709 hi=8
CHAIN slot=0 stage=1 layer=36 rows=1 mi=709 hi=8
CHAIN slot=0 stage=2 layer=36 rows=1 mi=710 hi=8
CHAIN slot=0 stage=3 layer=36 rows=1 mi=710 hi=8
CHAIN slot=0 stage=4 layer=36 rows=1 mi=711 hi=8
CHAIN slot=0 stage=1 layer=37 rows=1 mi=711 hi=8
CHAIN slot=0 stage=2 layer=37 rows=1 mi=712 hi=8
CHAIN slot=0 stage=3 layer=37 rows=1 mi=712 hi=8
CHAIN slot=0 stage=4 layer=37 rows=1 mi=713 hi=8
CHAIN slot=0 stage=1 layer=38 rows=1 mi=713 hi=8
CHAIN slot=0 stage=2 layer=38 rows=1 mi=714 hi=8
CHAIN slot=0 stage=3 layer=38 rows=1 mi=714 hi=8
CHAIN slot=0 stage=4 layer=38 rows=1 mi=715 hi=8
CHAIN slot=0 stage=1 layer=39 rows=1 mi=715 hi=8
CHAIN slot=0 stage=2 layer=39 rows=1 mi=716 hi=8
CHAIN slot=0 stage=3 layer=39 rows=1 mi=716 hi=8
CHAIN slot=0 stage=4 layer=39 rows=1 mi=717 hi=8
CHAIN slot=0 stage=1 layer=40 rows=1 mi=717 hi=8
CHAIN slot=0 stage=2 layer=40 rows=1 mi=718 hi=8
CHAIN slot=0 stage=3 layer=40 rows=1 mi=718 hi=8
CHAIN slot=0 stage=4 layer=40 rows=1 mi=719 hi=8
CHAIN slot=0 stage=1 layer=41 rows=1 mi=719 hi=8
CHAIN slot=0 stage=2 layer=41 rows=1 mi=720 hi=8
CHAIN slot=0 stage=3 layer=41 rows=1 mi=720 hi=8
CHAIN slot=0 stage=4 layer=41 rows=1 mi=721 hi=8
CHAIN slot=0 stage=1 layer=42 rows=1 mi=721 hi=8
CHAIN slot=0 stage=2 layer=42 rows=1 mi=722 hi=8
CHAIN slot=0 stage=3 layer=42 rows=1 mi=722 hi=8
CHAIN slot=0 stage=4 layer=42 rows=1 mi=723 hi=8
CHAIN slot=0 stage=1 layer=43 rows=1 mi=723 hi=8
CHAIN slot=0 stage=2 layer=43 rows=1 mi=724 hi=8
CHAIN slot=0 stage=3 layer=43 rows=1 mi=724 hi=8
CHAIN slot=0 stage=4 layer=43 rows=1 mi=725 hi=8
CHAIN slot=0 stage=1 layer=44 rows=1 mi=725 hi=8
CHAIN slot=0 stage=2 layer=44 rows=1 mi=726 hi=8
CHAIN slot=0 stage=3 layer=44 rows=1 mi=726 hi=8
CHAIN slot=0 stage=4 layer=44 rows=1 mi=727 hi=8
CHAIN slot=0 stage=5 layer=45 rows=1 mi=727 hi=8
CHAIN slot=0 stage=6 layer=45 rows=1 mi=728 hi=8
CHAIN slot=2 stage=0 layer=0 rows=1 mi=728 hi=8
RS slot=2 taken=0 hit=0 miss=0 rr=1 f=3 e=45 lc=45 off=0 0 0 0
CHAIN slot=2 stage=0 layer=0 rows=1 mi=728 hi=8
CHAIN slot=2 stage=1 layer=0 rows=1 mi=728 hi=9
CHAIN slot=2 stage=2 layer=0 rows=1 mi=729 hi=9
CHAIN slot=2 stage=3 layer=0 rows=1 mi=729 hi=9
CHAIN slot=2 stage=4 layer=0 rows=1 mi=730 hi=9
CHAIN slot=2 stage=1 layer=1 rows=1 mi=730 hi=9
CHAIN slot=2 stage=2 layer=1 rows=1 mi=731 hi=9
CHAIN slot=2 stage=3 layer=1 rows=1 mi=731 hi=9
CHAIN slot=2 stage=4 layer=1 rows=1 mi=732 hi=9
CHAIN slot=2 stage=1 layer=2 rows=1 mi=732 hi=9
CHAIN slot=2 stage=2 layer=2 rows=1 mi=733 hi=9
CHAIN slot=2 stage=3 layer=2 rows=1 mi=733 hi=9
CHAIN slot=2 stage=4 layer=2 rows=1 mi=734 hi=9
CHAIN slot=2 stage=1 layer=3 rows=1 mi=734 hi=9
CHAIN slot=2 stage=2 layer=3 rows=1 mi=735 hi=9
CHAIN slot=2 stage=3 layer=3 rows=1 mi=735 hi=9
CHAIN slot=2 stage=4 layer=3 rows=1 mi=736 hi=9
CHAIN slot=2 stage=1 layer=4 rows=1 mi=736 hi=9
CHAIN slot=2 stage=2 layer=4 rows=1 mi=737 hi=9
CHAIN slot=2 stage=3 layer=4 rows=1 mi=737 hi=9
CHAIN slot=2 stage=4 layer=4 rows=1 mi=738 hi=9
CHAIN slot=2 stage=1 layer=5 rows=1 mi=738 hi=9
CHAIN slot=2 stage=2 layer=5 rows=1 mi=739 hi=9
CHAIN slot=2 stage=3 layer=5 rows=1 mi=739 hi=9
CHAIN slot=2 stage=4 layer=5 rows=1 mi=740 hi=9
CHAIN slot=2 stage=1 layer=6 rows=1 mi=740 hi=9
CHAIN slot=2 stage=2 layer=6 rows=1 mi=741 hi=9
CHAIN slot=2 stage=3 layer=6 rows=1 mi=741 hi=9
CHAIN slot=2 stage=4 layer=6 rows=1 mi=742 hi=9
CHAIN slot=2 stage=1 layer=7 rows=1 mi=742 hi=9
CHAIN slot=2 stage=2 layer=7 rows=1 mi=743 hi=9
CHAIN slot=2 stage=3 layer=7 rows=1 mi=743 hi=9
CHAIN slot=2 stage=4 layer=7 rows=1 mi=744 hi=9
CHAIN slot=2 stage=1 layer=8 rows=1 mi=744 hi=9
CHAIN slot=2 stage=2 layer=8 rows=1 mi=745 hi=9
CHAIN slot=2 stage=3 layer=8 rows=1 mi=745 hi=9
CHAIN slot=2 stage=4 layer=8 rows=1 mi=746 hi=9
CHAIN slot=2 stage=1 layer=9 rows=1 mi=746 hi=9
CHAIN slot=2 stage=2 layer=9 rows=1 mi=747 hi=9
CHAIN slot=2 stage=3 layer=9 rows=1 mi=747 hi=9
CHAIN slot=2 stage=4 layer=9 rows=1 mi=748 hi=9
CHAIN slot=2 stage=1 layer=10 rows=1 mi=748 hi=9
CHAIN slot=2 stage=2 layer=10 rows=1 mi=749 hi=9
CHAIN slot=2 stage=3 layer=10 rows=1 mi=749 hi=9
CHAIN slot=2 stage=4 layer=10 rows=1 mi=750 hi=9
CHAIN slot=2 stage=1 layer=11 rows=1 mi=750 hi=9
CHAIN slot=2 stage=2 layer=11 rows=1 mi=751 hi=9
CHAIN slot=2 stage=3 layer=11 rows=1 mi=751 hi=9
CHAIN slot=2 stage=4 layer=11 rows=1 mi=752 hi=9
CHAIN slot=2 stage=1 layer=12 rows=1 mi=752 hi=9
CHAIN slot=2 stage=2 layer=12 rows=1 mi=753 hi=9
CHAIN slot=2 stage=3 layer=12 rows=1 mi=753 hi=9
CHAIN slot=2 stage=4 layer=12 rows=1 mi=754 hi=9
CHAIN slot=2 stage=1 layer=13 rows=1 mi=754 hi=9
CHAIN slot=2 stage=2 layer=13 rows=1 mi=755 hi=9
CHAIN slot=2 stage=3 layer=13 rows=1 mi=755 hi=9
CHAIN slot=2 stage=4 layer=13 rows=1 mi=756 hi=9
CHAIN slot=2 stage=1 layer=14 rows=1 mi=756 hi=9
CHAIN slot=2 stage=2 layer=14 rows=1 mi=757 hi=9
CHAIN slot=2 stage=3 layer=14 rows=1 mi=757 hi=9
CHAIN slot=2 stage=4 layer=14 rows=1 mi=758 hi=9
CHAIN slot=2 stage=1 layer=15 rows=1 mi=758 hi=9
OPUS rank=0 ops=64 mean_us=14827 max_us=831384 pub_us=0 wait_us=14818 bytes=8192
CHAIN slot=2 stage=2 layer=15 rows=1 mi=759 hi=9
CHAIN slot=2 stage=3 layer=15 rows=1 mi=759 hi=9
CHAIN slot=2 stage=4 layer=15 rows=1 mi=760 hi=9
CHAIN slot=2 stage=1 layer=16 rows=1 mi=760 hi=9
CHAIN slot=2 stage=2 layer=16 rows=1 mi=761 hi=9
CHAIN slot=2 stage=3 layer=16 rows=1 mi=761 hi=9
CHAIN slot=2 stage=4 layer=16 rows=1 mi=762 hi=9
CHAIN slot=2 stage=1 layer=17 rows=1 mi=762 hi=9
CHAIN slot=2 stage=2 layer=17 rows=1 mi=763 hi=9
CHAIN slot=2 stage=3 layer=17 rows=1 mi=763 hi=9
CHAIN slot=2 stage=4 layer=17 rows=1 mi=764 hi=9
CHAIN slot=2 stage=1 layer=18 rows=1 mi=764 hi=9
CHAIN slot=2 stage=2 layer=18 rows=1 mi=765 hi=9
CHAIN slot=2 stage=3 layer=18 rows=1 mi=765 hi=9
CHAIN slot=2 stage=4 layer=18 rows=1 mi=766 hi=9
CHAIN slot=2 stage=1 layer=19 rows=1 mi=766 hi=9
CHAIN slot=2 stage=2 layer=19 rows=1 mi=767 hi=9
CHAIN slot=2 stage=3 layer=19 rows=1 mi=767 hi=9
CHAIN slot=2 stage=4 layer=19 rows=1 mi=768 hi=9
CHAIN slot=2 stage=1 layer=20 rows=1 mi=768 hi=9
CHAIN slot=2 stage=2 layer=20 rows=1 mi=769 hi=9
CHAIN slot=2 stage=3 layer=20 rows=1 mi=769 hi=9
CHAIN slot=2 stage=4 layer=20 rows=1 mi=770 hi=9
CHAIN slot=2 stage=1 layer=21 rows=1 mi=770 hi=9
CHAIN slot=2 stage=2 layer=21 rows=1 mi=771 hi=9
CHAIN slot=2 stage=3 layer=21 rows=1 mi=771 hi=9
CHAIN slot=2 stage=4 layer=21 rows=1 mi=772 hi=9
CHAIN slot=2 stage=1 layer=22 rows=1 mi=772 hi=9
CHAIN slot=2 stage=2 layer=22 rows=1 mi=773 hi=9
CHAIN slot=2 stage=3 layer=22 rows=1 mi=773 hi=9
CHAIN slot=2 stage=4 layer=22 rows=1 mi=774 hi=9
CHAIN slot=2 stage=1 layer=23 rows=1 mi=774 hi=9
CHAIN slot=2 stage=2 layer=23 rows=1 mi=775 hi=9
CHAIN slot=2 stage=3 layer=23 rows=1 mi=775 hi=9
CHAIN slot=2 stage=4 layer=23 rows=1 mi=776 hi=9
CHAIN slot=2 stage=1 layer=24 rows=1 mi=776 hi=9
CHAIN slot=2 stage=2 layer=24 rows=1 mi=777 hi=9
CHAIN slot=2 stage=3 layer=24 rows=1 mi=777 hi=9
CHAIN slot=2 stage=4 layer=24 rows=1 mi=778 hi=9
CHAIN slot=2 stage=1 layer=25 rows=1 mi=778 hi=9
CHAIN slot=2 stage=2 layer=25 rows=1 mi=779 hi=9
CHAIN slot=2 stage=3 layer=25 rows=1 mi=779 hi=9
CHAIN slot=2 stage=4 layer=25 rows=1 mi=780 hi=9
CHAIN slot=2 stage=1 layer=26 rows=1 mi=780 hi=9
CHAIN slot=2 stage=2 layer=26 rows=1 mi=781 hi=9
CHAIN slot=2 stage=3 layer=26 rows=1 mi=781 hi=9
CHAIN slot=2 stage=4 layer=26 rows=1 mi=782 hi=9
CHAIN slot=2 stage=1 layer=27 rows=1 mi=782 hi=9
CHAIN slot=2 stage=2 layer=27 rows=1 mi=783 hi=9
CHAIN slot=2 stage=3 layer=27 rows=1 mi=783 hi=9
CHAIN slot=2 stage=4 layer=27 rows=1 mi=784 hi=9
CHAIN slot=2 stage=1 layer=28 rows=1 mi=784 hi=9
CHAIN slot=2 stage=2 layer=28 rows=1 mi=785 hi=9
CHAIN slot=2 stage=3 layer=28 rows=1 mi=785 hi=9
CHAIN slot=2 stage=4 layer=28 rows=1 mi=786 hi=9
CHAIN slot=2 stage=1 layer=29 rows=1 mi=786 hi=9
CHAIN slot=2 stage=2 layer=29 rows=1 mi=787 hi=9
CHAIN slot=2 stage=3 layer=29 rows=1 mi=787 hi=9
CHAIN slot=2 stage=4 layer=29 rows=1 mi=788 hi=9
CHAIN slot=2 stage=1 layer=30 rows=1 mi=788 hi=9
CHAIN slot=2 stage=2 layer=30 rows=1 mi=789 hi=9
CHAIN slot=2 stage=3 layer=30 rows=1 mi=789 hi=9
CHAIN slot=2 stage=4 layer=30 rows=1 mi=790 hi=9
CHAIN slot=2 stage=1 layer=31 rows=1 mi=790 hi=9
CHAIN slot=2 stage=2 layer=31 rows=1 mi=791 hi=9
CHAIN slot=2 stage=3 layer=31 rows=1 mi=791 hi=9
CHAIN slot=2 stage=4 layer=31 rows=1 mi=792 hi=9
CHAIN slot=2 stage=1 layer=32 rows=1 mi=792 hi=9
CHAIN slot=2 stage=2 layer=32 rows=1 mi=793 hi=9
CHAIN slot=2 stage=3 layer=32 rows=1 mi=793 hi=9
CHAIN slot=2 stage=4 layer=32 rows=1 mi=794 hi=9
CHAIN slot=2 stage=1 layer=33 rows=1 mi=794 hi=9
CHAIN slot=2 stage=2 layer=33 rows=1 mi=795 hi=9
CHAIN slot=2 stage=3 layer=33 rows=1 mi=795 hi=9
CHAIN slot=2 stage=4 layer=33 rows=1 mi=796 hi=9
CHAIN slot=2 stage=1 layer=34 rows=1 mi=796 hi=9
CHAIN slot=2 stage=2 layer=34 rows=1 mi=797 hi=9
CHAIN slot=2 stage=3 layer=34 rows=1 mi=797 hi=9
CHAIN slot=2 stage=4 layer=34 rows=1 mi=798 hi=9
CHAIN slot=2 stage=1 layer=35 rows=1 mi=798 hi=9
CHAIN slot=2 stage=2 layer=35 rows=1 mi=799 hi=9
CHAIN slot=2 stage=3 layer=35 rows=1 mi=799 hi=9
CHAIN slot=2 stage=4 layer=35 rows=1 mi=800 hi=9
CHAIN slot=2 stage=1 layer=36 rows=1 mi=800 hi=9
CHAIN slot=2 stage=2 layer=36 rows=1 mi=801 hi=9
CHAIN slot=2 stage=3 layer=36 rows=1 mi=801 hi=9
CHAIN slot=2 stage=4 layer=36 rows=1 mi=802 hi=9
CHAIN slot=2 stage=1 layer=37 rows=1 mi=802 hi=9
CHAIN slot=2 stage=2 layer=37 rows=1 mi=803 hi=9
CHAIN slot=2 stage=3 layer=37 rows=1 mi=803 hi=9
CHAIN slot=2 stage=4 layer=37 rows=1 mi=804 hi=9
CHAIN slot=2 stage=1 layer=38 rows=1 mi=804 hi=9
CHAIN slot=2 stage=2 layer=38 rows=1 mi=805 hi=9
CHAIN slot=2 stage=3 layer=38 rows=1 mi=805 hi=9
CHAIN slot=2 stage=4 layer=38 rows=1 mi=806 hi=9
CHAIN slot=2 stage=1 layer=39 rows=1 mi=806 hi=9
CHAIN slot=2 stage=2 layer=39 rows=1 mi=807 hi=9
CHAIN slot=2 stage=3 layer=39 rows=1 mi=807 hi=9
CHAIN slot=2 stage=4 layer=39 rows=1 mi=808 hi=9
CHAIN slot=2 stage=1 layer=40 rows=1 mi=808 hi=9
CHAIN slot=2 stage=2 layer=40 rows=1 mi=809 hi=9
CHAIN slot=2 stage=3 layer=40 rows=1 mi=809 hi=9
CHAIN slot=2 stage=4 layer=40 rows=1 mi=810 hi=9
CHAIN slot=2 stage=1 layer=41 rows=1 mi=810 hi=9
CHAIN slot=2 stage=2 layer=41 rows=1 mi=811 hi=9
CHAIN slot=2 stage=3 layer=41 rows=1 mi=811 hi=9
CHAIN slot=2 stage=4 layer=41 rows=1 mi=812 hi=9
CHAIN slot=2 stage=1 layer=42 rows=1 mi=812 hi=9
CHAIN slot=2 stage=2 layer=42 rows=1 mi=813 hi=9
CHAIN slot=2 stage=3 layer=42 rows=1 mi=813 hi=9
CHAIN slot=2 stage=4 layer=42 rows=1 mi=814 hi=9
CHAIN slot=2 stage=1 layer=43 rows=1 mi=814 hi=9
CHAIN slot=2 stage=2 layer=43 rows=1 mi=815 hi=9
CHAIN slot=2 stage=3 layer=43 rows=1 mi=815 hi=9
CHAIN slot=2 stage=4 layer=43 rows=1 mi=816 hi=9
CHAIN slot=2 stage=1 layer=44 rows=1 mi=816 hi=9
CHAIN slot=2 stage=2 layer=44 rows=1 mi=817 hi=9
CHAIN slot=2 stage=3 layer=44 rows=1 mi=817 hi=9
CHAIN slot=2 stage=4 layer=44 rows=1 mi=818 hi=9
CHAIN slot=2 stage=5 layer=45 rows=1 mi=818 hi=9
CHAIN slot=2 stage=6 layer=45 rows=1 mi=819 hi=9
CHAIN slot=2 stage=0 layer=45 rows=1 mi=819 hi=9
CHAIN slot=2 stage=1 layer=0 rows=1 mi=819 hi=10
CHAIN slot=2 stage=2 layer=0 rows=1 mi=820 hi=10
CHAIN slot=2 stage=3 layer=0 rows=1 mi=820 hi=10
CHAIN slot=2 stage=4 layer=0 rows=1 mi=821 hi=10
CHAIN slot=2 stage=1 layer=1 rows=1 mi=821 hi=10
OPUS rank=0 ops=64 mean_us=652 max_us=2477 pub_us=0 wait_us=643 bytes=8192
CHAIN slot=2 stage=2 layer=1 rows=1 mi=822 hi=10
CHAIN slot=2 stage=3 layer=1 rows=1 mi=822 hi=10
CHAIN slot=2 stage=4 layer=1 rows=1 mi=823 hi=10
CHAIN slot=2 stage=1 layer=2 rows=1 mi=823 hi=10
CHAIN slot=2 stage=2 layer=2 rows=1 mi=824 hi=10
CHAIN slot=2 stage=3 layer=2 rows=1 mi=824 hi=10
CHAIN slot=2 stage=4 layer=2 rows=1 mi=825 hi=10
CHAIN slot=2 stage=1 layer=3 rows=1 mi=825 hi=10
CHAIN slot=2 stage=2 layer=3 rows=1 mi=826 hi=10
CHAIN slot=2 stage=3 layer=3 rows=1 mi=826 hi=10
CHAIN slot=2 stage=4 layer=3 rows=1 mi=827 hi=10
CHAIN slot=2 stage=1 layer=4 rows=1 mi=827 hi=10
CHAIN slot=2 stage=2 layer=4 rows=1 mi=828 hi=10
CHAIN slot=2 stage=3 layer=4 rows=1 mi=828 hi=10
CHAIN slot=2 stage=4 layer=4 rows=1 mi=829 hi=10
CHAIN slot=2 stage=1 layer=5 rows=1 mi=829 hi=10
CHAIN slot=2 stage=2 layer=5 rows=1 mi=830 hi=10
CHAIN slot=2 stage=3 layer=5 rows=1 mi=830 hi=10
CHAIN slot=2 stage=4 layer=5 rows=1 mi=831 hi=10
CHAIN slot=2 stage=1 layer=6 rows=1 mi=831 hi=10
CHAIN slot=2 stage=2 layer=6 rows=1 mi=832 hi=10
CHAIN slot=2 stage=3 layer=6 rows=1 mi=832 hi=10
CHAIN slot=2 stage=4 layer=6 rows=1 mi=833 hi=10
CHAIN slot=2 stage=1 layer=7 rows=1 mi=833 hi=10
CHAIN slot=2 stage=2 layer=7 rows=1 mi=834 hi=10
CHAIN slot=2 stage=3 layer=7 rows=1 mi=834 hi=10
CHAIN slot=2 stage=4 layer=7 rows=1 mi=835 hi=10
CHAIN slot=2 stage=1 layer=8 rows=1 mi=835 hi=10
CHAIN slot=2 stage=2 layer=8 rows=1 mi=836 hi=10
CHAIN slot=2 stage=3 layer=8 rows=1 mi=836 hi=10
CHAIN slot=2 stage=4 layer=8 rows=1 mi=837 hi=10
CHAIN slot=2 stage=1 layer=9 rows=1 mi=837 hi=10
CHAIN slot=2 stage=2 layer=9 rows=1 mi=838 hi=10
CHAIN slot=2 stage=3 layer=9 rows=1 mi=838 hi=10
CHAIN slot=2 stage=4 layer=9 rows=1 mi=839 hi=10
CHAIN slot=2 stage=1 layer=10 rows=1 mi=839 hi=10
CHAIN slot=2 stage=2 layer=10 rows=1 mi=840 hi=10
CHAIN slot=2 stage=3 layer=10 rows=1 mi=840 hi=10
CHAIN slot=2 stage=4 layer=10 rows=1 mi=841 hi=10
CHAIN slot=2 stage=1 layer=11 rows=1 mi=841 hi=10
CHAIN slot=2 stage=2 layer=11 rows=1 mi=842 hi=10
CHAIN slot=2 stage=3 layer=11 rows=1 mi=842 hi=10
CHAIN slot=2 stage=4 layer=11 rows=1 mi=843 hi=10
CHAIN slot=2 stage=1 layer=12 rows=1 mi=843 hi=10
CHAIN slot=2 stage=2 layer=12 rows=1 mi=844 hi=10
CHAIN slot=2 stage=3 layer=12 rows=1 mi=844 hi=10
CHAIN slot=2 stage=4 layer=12 rows=1 mi=845 hi=10
CHAIN slot=2 stage=1 layer=13 rows=1 mi=845 hi=10
CHAIN slot=2 stage=2 layer=13 rows=1 mi=846 hi=10
CHAIN slot=2 stage=3 layer=13 rows=1 mi=846 hi=10
CHAIN slot=2 stage=4 layer=13 rows=1 mi=847 hi=10
CHAIN slot=2 stage=1 layer=14 rows=1 mi=847 hi=10
CHAIN slot=2 stage=2 layer=14 rows=1 mi=848 hi=10
CHAIN slot=2 stage=3 layer=14 rows=1 mi=848 hi=10
CHAIN slot=2 stage=4 layer=14 rows=1 mi=849 hi=10
CHAIN slot=2 stage=1 layer=15 rows=1 mi=849 hi=10
CHAIN slot=2 stage=2 layer=15 rows=1 mi=850 hi=10
CHAIN slot=2 stage=3 layer=15 rows=1 mi=850 hi=10
CHAIN slot=2 stage=4 layer=15 rows=1 mi=851 hi=10
CHAIN slot=2 stage=1 layer=16 rows=1 mi=851 hi=10
CHAIN slot=2 stage=2 layer=16 rows=1 mi=852 hi=10
CHAIN slot=2 stage=3 layer=16 rows=1 mi=852 hi=10
CHAIN slot=2 stage=4 layer=16 rows=1 mi=853 hi=10
CHAIN slot=2 stage=1 layer=17 rows=1 mi=853 hi=10
CHAIN slot=2 stage=2 layer=17 rows=1 mi=854 hi=10
CHAIN slot=2 stage=3 layer=17 rows=1 mi=854 hi=10
CHAIN slot=2 stage=4 layer=17 rows=1 mi=855 hi=10
CHAIN slot=2 stage=1 layer=18 rows=1 mi=855 hi=10
CHAIN slot=2 stage=2 layer=18 rows=1 mi=856 hi=10
CHAIN slot=2 stage=3 layer=18 rows=1 mi=856 hi=10
CHAIN slot=2 stage=4 layer=18 rows=1 mi=857 hi=10
CHAIN slot=2 stage=1 layer=19 rows=1 mi=857 hi=10
CHAIN slot=2 stage=2 layer=19 rows=1 mi=858 hi=10
CHAIN slot=2 stage=3 layer=19 rows=1 mi=858 hi=10
CHAIN slot=2 stage=4 layer=19 rows=1 mi=859 hi=10
CHAIN slot=2 stage=1 layer=20 rows=1 mi=859 hi=10
CHAIN slot=2 stage=2 layer=20 rows=1 mi=860 hi=10
CHAIN slot=2 stage=3 layer=20 rows=1 mi=860 hi=10
CHAIN slot=2 stage=4 layer=20 rows=1 mi=861 hi=10
CHAIN slot=2 stage=1 layer=21 rows=1 mi=861 hi=10
CHAIN slot=2 stage=2 layer=21 rows=1 mi=862 hi=10
CHAIN slot=2 stage=3 layer=21 rows=1 mi=862 hi=10
CHAIN slot=2 stage=4 layer=21 rows=1 mi=863 hi=10
CHAIN slot=2 stage=1 layer=22 rows=1 mi=863 hi=10
CHAIN slot=2 stage=2 layer=22 rows=1 mi=864 hi=10
CHAIN slot=2 stage=3 layer=22 rows=1 mi=864 hi=10
CHAIN slot=2 stage=4 layer=22 rows=1 mi=865 hi=10
CHAIN slot=2 stage=1 layer=23 rows=1 mi=865 hi=10
CHAIN slot=2 stage=2 layer=23 rows=1 mi=866 hi=10
CHAIN slot=2 stage=3 layer=23 rows=1 mi=866 hi=10
CHAIN slot=2 stage=4 layer=23 rows=1 mi=867 hi=10
CHAIN slot=2 stage=1 layer=24 rows=1 mi=867 hi=10
CHAIN slot=2 stage=2 layer=24 rows=1 mi=868 hi=10
CHAIN slot=2 stage=3 layer=24 rows=1 mi=868 hi=10
CHAIN slot=2 stage=4 layer=24 rows=1 mi=869 hi=10
CHAIN slot=2 stage=1 layer=25 rows=1 mi=869 hi=10
CHAIN slot=2 stage=2 layer=25 rows=1 mi=870 hi=10
CHAIN slot=2 stage=3 layer=25 rows=1 mi=870 hi=10
CHAIN slot=2 stage=4 layer=25 rows=1 mi=871 hi=10
CHAIN slot=2 stage=1 layer=26 rows=1 mi=871 hi=10
CHAIN slot=2 stage=2 layer=26 rows=1 mi=872 hi=10
CHAIN slot=2 stage=3 layer=26 rows=1 mi=872 hi=10
CHAIN slot=2 stage=4 layer=26 rows=1 mi=873 hi=10
CHAIN slot=2 stage=1 layer=27 rows=1 mi=873 hi=10
CHAIN slot=2 stage=2 layer=27 rows=1 mi=874 hi=10
CHAIN slot=2 stage=3 layer=27 rows=1 mi=874 hi=10
CHAIN slot=2 stage=4 layer=27 rows=1 mi=875 hi=10
CHAIN slot=2 stage=1 layer=28 rows=1 mi=875 hi=10
CHAIN slot=2 stage=2 layer=28 rows=1 mi=876 hi=10
CHAIN slot=2 stage=3 layer=28 rows=1 mi=876 hi=10
CHAIN slot=2 stage=4 layer=28 rows=1 mi=877 hi=10
CHAIN slot=2 stage=1 layer=29 rows=1 mi=877 hi=10
CHAIN slot=2 stage=2 layer=29 rows=1 mi=878 hi=10
CHAIN slot=2 stage=3 layer=29 rows=1 mi=878 hi=10
CHAIN slot=2 stage=4 layer=29 rows=1 mi=879 hi=10
CHAIN slot=2 stage=1 layer=30 rows=1 mi=879 hi=10
CHAIN slot=2 stage=2 layer=30 rows=1 mi=880 hi=10
CHAIN slot=2 stage=3 layer=30 rows=1 mi=880 hi=10
CHAIN slot=2 stage=4 layer=30 rows=1 mi=881 hi=10
CHAIN slot=2 stage=1 layer=31 rows=1 mi=881 hi=10
CHAIN slot=2 stage=2 layer=31 rows=1 mi=882 hi=10
CHAIN slot=2 stage=3 layer=31 rows=1 mi=882 hi=10
CHAIN slot=2 stage=4 layer=31 rows=1 mi=883 hi=10
CHAIN slot=2 stage=1 layer=32 rows=1 mi=883 hi=10
CHAIN slot=2 stage=2 layer=32 rows=1 mi=884 hi=10
CHAIN slot=2 stage=3 layer=32 rows=1 mi=884 hi=10
CHAIN slot=2 stage=4 layer=32 rows=1 mi=885 hi=10
CHAIN slot=2 stage=1 layer=33 rows=1 mi=885 hi=10
OPUS rank=0 ops=64 mean_us=2007 max_us=5860 pub_us=0 wait_us=1998 bytes=8192
CHAIN slot=2 stage=2 layer=33 rows=1 mi=886 hi=10
CHAIN slot=2 stage=3 layer=33 rows=1 mi=886 hi=10
CHAIN slot=2 stage=4 layer=33 rows=1 mi=887 hi=10
CHAIN slot=2 stage=1 layer=34 rows=1 mi=887 hi=10
CHAIN slot=2 stage=2 layer=34 rows=1 mi=888 hi=10
CHAIN slot=2 stage=3 layer=34 rows=1 mi=888 hi=10
CHAIN slot=2 stage=4 layer=34 rows=1 mi=889 hi=10
CHAIN slot=2 stage=1 layer=35 rows=1 mi=889 hi=10
CHAIN slot=2 stage=2 layer=35 rows=1 mi=890 hi=10
CHAIN slot=2 stage=3 layer=35 rows=1 mi=890 hi=10
CHAIN slot=2 stage=4 layer=35 rows=1 mi=891 hi=10
CHAIN slot=2 stage=1 layer=36 rows=1 mi=891 hi=10
CHAIN slot=2 stage=2 layer=36 rows=1 mi=892 hi=10
CHAIN slot=2 stage=3 layer=36 rows=1 mi=892 hi=10
CHAIN slot=2 stage=4 layer=36 rows=1 mi=893 hi=10
CHAIN slot=2 stage=1 layer=37 rows=1 mi=893 hi=10
CHAIN slot=2 stage=2 layer=37 rows=1 mi=894 hi=10
CHAIN slot=2 stage=3 layer=37 rows=1 mi=894 hi=10
CHAIN slot=2 stage=4 layer=37 rows=1 mi=895 hi=10
CHAIN slot=2 stage=1 layer=38 rows=1 mi=895 hi=10
CHAIN slot=2 stage=2 layer=38 rows=1 mi=896 hi=10
CHAIN slot=2 stage=3 layer=38 rows=1 mi=896 hi=10
CHAIN slot=2 stage=4 layer=38 rows=1 mi=897 hi=10
CHAIN slot=2 stage=1 layer=39 rows=1 mi=897 hi=10
CHAIN slot=2 stage=2 layer=39 rows=1 mi=898 hi=10
CHAIN slot=2 stage=3 layer=39 rows=1 mi=898 hi=10
CHAIN slot=2 stage=4 layer=39 rows=1 mi=899 hi=10
CHAIN slot=2 stage=1 layer=40 rows=1 mi=899 hi=10
CHAIN slot=2 stage=2 layer=40 rows=1 mi=900 hi=10
CHAIN slot=2 stage=3 layer=40 rows=1 mi=900 hi=10
CHAIN slot=2 stage=4 layer=40 rows=1 mi=901 hi=10
CHAIN slot=2 stage=1 layer=41 rows=1 mi=901 hi=10
CHAIN slot=2 stage=2 layer=41 rows=1 mi=902 hi=10
CHAIN slot=2 stage=3 layer=41 rows=1 mi=902 hi=10
CHAIN slot=2 stage=4 layer=41 rows=1 mi=903 hi=10
CHAIN slot=2 stage=1 layer=42 rows=1 mi=903 hi=10
CHAIN slot=2 stage=2 layer=42 rows=1 mi=904 hi=10
CHAIN slot=2 stage=3 layer=42 rows=1 mi=904 hi=10
CHAIN slot=2 stage=4 layer=42 rows=1 mi=905 hi=10
CHAIN slot=2 stage=1 layer=43 rows=1 mi=905 hi=10
CHAIN slot=2 stage=2 layer=43 rows=1 mi=906 hi=10
CHAIN slot=2 stage=3 layer=43 rows=1 mi=906 hi=10
CHAIN slot=2 stage=4 layer=43 rows=1 mi=907 hi=10
CHAIN slot=2 stage=1 layer=44 rows=1 mi=907 hi=10
CHAIN slot=2 stage=2 layer=44 rows=1 mi=908 hi=10
CHAIN slot=2 stage=3 layer=44 rows=1 mi=908 hi=10
CHAIN slot=2 stage=4 layer=44 rows=1 mi=909 hi=10
CHAIN slot=2 stage=5 layer=45 rows=1 mi=909 hi=10
CHAIN slot=2 stage=6 layer=45 rows=1 mi=910 hi=10
CHAIN slot=2 stage=0 layer=45 rows=1 mi=910 hi=10
CHAIN slot=2 stage=1 layer=0 rows=1 mi=910 hi=11
CHAIN slot=2 stage=2 layer=0 rows=1 mi=911 hi=11
CHAIN slot=2 stage=3 layer=0 rows=1 mi=911 hi=11
CHAIN slot=2 stage=4 layer=0 rows=1 mi=912 hi=11
CHAIN slot=2 stage=1 layer=1 rows=1 mi=912 hi=11
CHAIN slot=2 stage=2 layer=1 rows=1 mi=913 hi=11
CHAIN slot=2 stage=3 layer=1 rows=1 mi=913 hi=11
CHAIN slot=2 stage=4 layer=1 rows=1 mi=914 hi=11
CHAIN slot=2 stage=1 layer=2 rows=1 mi=914 hi=11
CHAIN slot=2 stage=2 layer=2 rows=1 mi=915 hi=11
CHAIN slot=2 stage=3 layer=2 rows=1 mi=915 hi=11
CHAIN slot=2 stage=4 layer=2 rows=1 mi=916 hi=11
CHAIN slot=2 stage=1 layer=3 rows=1 mi=916 hi=11
CHAIN slot=2 stage=2 layer=3 rows=1 mi=917 hi=11
CHAIN slot=2 stage=3 layer=3 rows=1 mi=917 hi=11
CHAIN slot=2 stage=4 layer=3 rows=1 mi=918 hi=11
CHAIN slot=2 stage=1 layer=4 rows=1 mi=918 hi=11
CHAIN slot=2 stage=2 layer=4 rows=1 mi=919 hi=11
CHAIN slot=2 stage=3 layer=4 rows=1 mi=919 hi=11
CHAIN slot=2 stage=4 layer=4 rows=1 mi=920 hi=11
CHAIN slot=2 stage=1 layer=5 rows=1 mi=920 hi=11
CHAIN slot=2 stage=2 layer=5 rows=1 mi=921 hi=11
CHAIN slot=2 stage=3 layer=5 rows=1 mi=921 hi=11
CHAIN slot=2 stage=4 layer=5 rows=1 mi=922 hi=11
CHAIN slot=2 stage=1 layer=6 rows=1 mi=922 hi=11
CHAIN slot=2 stage=2 layer=6 rows=1 mi=923 hi=11
CHAIN slot=2 stage=3 layer=6 rows=1 mi=923 hi=11
CHAIN slot=2 stage=4 layer=6 rows=1 mi=924 hi=11
CHAIN slot=2 stage=1 layer=7 rows=1 mi=924 hi=11
CHAIN slot=2 stage=2 layer=7 rows=1 mi=925 hi=11
CHAIN slot=2 stage=3 layer=7 rows=1 mi=925 hi=11
CHAIN slot=2 stage=4 layer=7 rows=1 mi=926 hi=11
CHAIN slot=2 stage=1 layer=8 rows=1 mi=926 hi=11
CHAIN slot=2 stage=2 layer=8 rows=1 mi=927 hi=11
CHAIN slot=2 stage=3 layer=8 rows=1 mi=927 hi=11
CHAIN slot=2 stage=4 layer=8 rows=1 mi=928 hi=11
CHAIN slot=2 stage=1 layer=9 rows=1 mi=928 hi=11
CHAIN slot=2 stage=2 layer=9 rows=1 mi=929 hi=11
CHAIN slot=2 stage=3 layer=9 rows=1 mi=929 hi=11
CHAIN slot=2 stage=4 layer=9 rows=1 mi=930 hi=11
CHAIN slot=2 stage=1 layer=10 rows=1 mi=930 hi=11
CHAIN slot=2 stage=2 layer=10 rows=1 mi=931 hi=11
CHAIN slot=2 stage=3 layer=10 rows=1 mi=931 hi=11
CHAIN slot=2 stage=4 layer=10 rows=1 mi=932 hi=11
CHAIN slot=2 stage=1 layer=11 rows=1 mi=932 hi=11
CHAIN slot=2 stage=2 layer=11 rows=1 mi=933 hi=11
CHAIN slot=2 stage=3 layer=11 rows=1 mi=933 hi=11
CHAIN slot=2 stage=4 layer=11 rows=1 mi=934 hi=11
CHAIN slot=2 stage=1 layer=12 rows=1 mi=934 hi=11
CHAIN slot=2 stage=2 layer=12 rows=1 mi=935 hi=11
CHAIN slot=2 stage=3 layer=12 rows=1 mi=935 hi=11
CHAIN slot=2 stage=4 layer=12 rows=1 mi=936 hi=11
CHAIN slot=2 stage=1 layer=13 rows=1 mi=936 hi=11
CHAIN slot=2 stage=2 layer=13 rows=1 mi=937 hi=11
CHAIN slot=2 stage=3 layer=13 rows=1 mi=937 hi=11
CHAIN slot=2 stage=4 layer=13 rows=1 mi=938 hi=11
CHAIN slot=2 stage=1 layer=14 rows=1 mi=938 hi=11
CHAIN slot=2 stage=2 layer=14 rows=1 mi=939 hi=11
CHAIN slot=2 stage=3 layer=14 rows=1 mi=939 hi=11
CHAIN slot=2 stage=4 layer=14 rows=1 mi=940 hi=11
CHAIN slot=2 stage=1 layer=15 rows=1 mi=940 hi=11
CHAIN slot=2 stage=2 layer=15 rows=1 mi=941 hi=11
CHAIN slot=2 stage=3 layer=15 rows=1 mi=941 hi=11
CHAIN slot=2 stage=4 layer=15 rows=1 mi=942 hi=11
CHAIN slot=2 stage=1 layer=16 rows=1 mi=942 hi=11
CHAIN slot=2 stage=2 layer=16 rows=1 mi=943 hi=11
CHAIN slot=2 stage=3 layer=16 rows=1 mi=943 hi=11
CHAIN slot=2 stage=4 layer=16 rows=1 mi=944 hi=11
CHAIN slot=2 stage=1 layer=17 rows=1 mi=944 hi=11
CHAIN slot=2 stage=2 layer=17 rows=1 mi=945 hi=11
CHAIN slot=2 stage=3 layer=17 rows=1 mi=945 hi=11
CHAIN slot=2 stage=4 layer=17 rows=1 mi=946 hi=11
CHAIN slot=2 stage=1 layer=18 rows=1 mi=946 hi=11
CHAIN slot=2 stage=2 layer=18 rows=1 mi=947 hi=11
CHAIN slot=2 stage=3 layer=18 rows=1 mi=947 hi=11
CHAIN slot=2 stage=4 layer=18 rows=1 mi=948 hi=11
CHAIN slot=2 stage=1 layer=19 rows=1 mi=948 hi=11
OPUS rank=0 ops=64 mean_us=2764 max_us=9316 pub_us=0 wait_us=2753 bytes=8192
CHAIN slot=2 stage=2 layer=19 rows=1 mi=949 hi=11
CHAIN slot=2 stage=3 layer=19 rows=1 mi=949 hi=11
CHAIN slot=2 stage=4 layer=19 rows=1 mi=950 hi=11
CHAIN slot=2 stage=1 layer=20 rows=1 mi=950 hi=11
CHAIN slot=2 stage=2 layer=20 rows=1 mi=951 hi=11
CHAIN slot=2 stage=3 layer=20 rows=1 mi=951 hi=11
CHAIN slot=2 stage=4 layer=20 rows=1 mi=952 hi=11
CHAIN slot=2 stage=1 layer=21 rows=1 mi=952 hi=11
CHAIN slot=2 stage=2 layer=21 rows=1 mi=953 hi=11
CHAIN slot=2 stage=3 layer=21 rows=1 mi=953 hi=11
CHAIN slot=2 stage=4 layer=21 rows=1 mi=954 hi=11
CHAIN slot=2 stage=1 layer=22 rows=1 mi=954 hi=11
CHAIN slot=2 stage=2 layer=22 rows=1 mi=955 hi=11
CHAIN slot=2 stage=3 layer=22 rows=1 mi=955 hi=11
CHAIN slot=2 stage=4 layer=22 rows=1 mi=956 hi=11
CHAIN slot=2 stage=1 layer=23 rows=1 mi=956 hi=11
CHAIN slot=2 stage=2 layer=23 rows=1 mi=957 hi=11
CHAIN slot=2 stage=3 layer=23 rows=1 mi=957 hi=11
CHAIN slot=2 stage=4 layer=23 rows=1 mi=958 hi=11
CHAIN slot=2 stage=1 layer=24 rows=1 mi=958 hi=11
CHAIN slot=2 stage=2 layer=24 rows=1 mi=959 hi=11
CHAIN slot=2 stage=3 layer=24 rows=1 mi=959 hi=11
CHAIN slot=2 stage=4 layer=24 rows=1 mi=960 hi=11
CHAIN slot=2 stage=1 layer=25 rows=1 mi=960 hi=11
CHAIN slot=2 stage=2 layer=25 rows=1 mi=961 hi=11
CHAIN slot=2 stage=3 layer=25 rows=1 mi=961 hi=11
CHAIN slot=2 stage=4 layer=25 rows=1 mi=962 hi=11
CHAIN slot=2 stage=1 layer=26 rows=1 mi=962 hi=11
CHAIN slot=2 stage=2 layer=26 rows=1 mi=963 hi=11
CHAIN slot=2 stage=3 layer=26 rows=1 mi=963 hi=11
CHAIN slot=2 stage=4 layer=26 rows=1 mi=964 hi=11
CHAIN slot=2 stage=1 layer=27 rows=1 mi=964 hi=11
CHAIN slot=2 stage=2 layer=27 rows=1 mi=965 hi=11
CHAIN slot=2 stage=3 layer=27 rows=1 mi=965 hi=11
CHAIN slot=2 stage=4 layer=27 rows=1 mi=966 hi=11
CHAIN slot=2 stage=1 layer=28 rows=1 mi=966 hi=11
CHAIN slot=2 stage=2 layer=28 rows=1 mi=967 hi=11
CHAIN slot=2 stage=3 layer=28 rows=1 mi=967 hi=11
CHAIN slot=2 stage=4 layer=28 rows=1 mi=968 hi=11
CHAIN slot=2 stage=1 layer=29 rows=1 mi=968 hi=11
CHAIN slot=2 stage=2 layer=29 rows=1 mi=969 hi=11
CHAIN slot=2 stage=3 layer=29 rows=1 mi=969 hi=11
CHAIN slot=2 stage=4 layer=29 rows=1 mi=970 hi=11
CHAIN slot=2 stage=1 layer=30 rows=1 mi=970 hi=11
CHAIN slot=2 stage=2 layer=30 rows=1 mi=971 hi=11
CHAIN slot=2 stage=3 layer=30 rows=1 mi=971 hi=11
CHAIN slot=2 stage=4 layer=30 rows=1 mi=972 hi=11
CHAIN slot=2 stage=1 layer=31 rows=1 mi=972 hi=11
CHAIN slot=2 stage=2 layer=31 rows=1 mi=973 hi=11
CHAIN slot=2 stage=3 layer=31 rows=1 mi=973 hi=11
CHAIN slot=2 stage=4 layer=31 rows=1 mi=974 hi=11
CHAIN slot=2 stage=1 layer=32 rows=1 mi=974 hi=11
CHAIN slot=2 stage=2 layer=32 rows=1 mi=975 hi=11
CHAIN slot=2 stage=3 layer=32 rows=1 mi=975 hi=11
CHAIN slot=2 stage=4 layer=32 rows=1 mi=976 hi=11
CHAIN slot=2 stage=1 layer=33 rows=1 mi=976 hi=11
CHAIN slot=2 stage=2 layer=33 rows=1 mi=977 hi=11
CHAIN slot=2 stage=3 layer=33 rows=1 mi=977 hi=11
CHAIN slot=2 stage=4 layer=33 rows=1 mi=978 hi=11
CHAIN slot=2 stage=1 layer=34 rows=1 mi=978 hi=11
CHAIN slot=2 stage=2 layer=34 rows=1 mi=979 hi=11
CHAIN slot=2 stage=3 layer=34 rows=1 mi=979 hi=11
CHAIN slot=2 stage=4 layer=34 rows=1 mi=980 hi=11
CHAIN slot=2 stage=1 layer=35 rows=1 mi=980 hi=11
CHAIN slot=2 stage=2 layer=35 rows=1 mi=981 hi=11
CHAIN slot=2 stage=3 layer=35 rows=1 mi=981 hi=11
CHAIN slot=2 stage=4 layer=35 rows=1 mi=982 hi=11
CHAIN slot=2 stage=1 layer=36 rows=1 mi=982 hi=11
CHAIN slot=2 stage=2 layer=36 rows=1 mi=983 hi=11
CHAIN slot=2 stage=3 layer=36 rows=1 mi=983 hi=11
CHAIN slot=2 stage=4 layer=36 rows=1 mi=984 hi=11
CHAIN slot=2 stage=1 layer=37 rows=1 mi=984 hi=11
CHAIN slot=2 stage=2 layer=37 rows=1 mi=985 hi=11
CHAIN slot=2 stage=3 layer=37 rows=1 mi=985 hi=11
CHAIN slot=2 stage=4 layer=37 rows=1 mi=986 hi=11
CHAIN slot=2 stage=1 layer=38 rows=1 mi=986 hi=11
CHAIN slot=2 stage=2 layer=38 rows=1 mi=987 hi=11
CHAIN slot=2 stage=3 layer=38 rows=1 mi=987 hi=11
CHAIN slot=2 stage=4 layer=38 rows=1 mi=988 hi=11
CHAIN slot=2 stage=1 layer=39 rows=1 mi=988 hi=11
CHAIN slot=2 stage=2 layer=39 rows=1 mi=989 hi=11
CHAIN slot=2 stage=3 layer=39 rows=1 mi=989 hi=11
CHAIN slot=2 stage=4 layer=39 rows=1 mi=990 hi=11
CHAIN slot=2 stage=1 layer=40 rows=1 mi=990 hi=11
CHAIN slot=2 stage=2 layer=40 rows=1 mi=991 hi=11
CHAIN slot=2 stage=3 layer=40 rows=1 mi=991 hi=11
CHAIN slot=2 stage=4 layer=40 rows=1 mi=992 hi=11
CHAIN slot=2 stage=1 layer=41 rows=1 mi=992 hi=11
CHAIN slot=2 stage=2 layer=41 rows=1 mi=993 hi=11
CHAIN slot=2 stage=3 layer=41 rows=1 mi=993 hi=11
CHAIN slot=2 stage=4 layer=41 rows=1 mi=994 hi=11
CHAIN slot=2 stage=1 layer=42 rows=1 mi=994 hi=11
CHAIN slot=2 stage=2 layer=42 rows=1 mi=995 hi=11
CHAIN slot=2 stage=3 layer=42 rows=1 mi=995 hi=11
CHAIN slot=2 stage=4 layer=42 rows=1 mi=996 hi=11
CHAIN slot=2 stage=1 layer=43 rows=1 mi=996 hi=11
CHAIN slot=2 stage=2 layer=43 rows=1 mi=997 hi=11
CHAIN slot=2 stage=3 layer=43 rows=1 mi=997 hi=11
CHAIN slot=2 stage=4 layer=43 rows=1 mi=998 hi=11
CHAIN slot=2 stage=1 layer=44 rows=1 mi=998 hi=11
CHAIN slot=2 stage=2 layer=44 rows=1 mi=999 hi=11
CHAIN slot=2 stage=3 layer=44 rows=1 mi=999 hi=11
CHAIN slot=2 stage=4 layer=44 rows=1 mi=1000 hi=11
CHAIN slot=2 stage=5 layer=45 rows=1 mi=1000 hi=11
CHAIN slot=2 stage=6 layer=45 rows=1 mi=1001 hi=11
CHAIN slot=2 stage=0 layer=45 rows=1 mi=1001 hi=11
CHAIN slot=2 stage=1 layer=0 rows=1 mi=1001 hi=12
CHAIN slot=2 stage=2 layer=0 rows=1 mi=1002 hi=12
CHAIN slot=2 stage=3 layer=0 rows=1 mi=1002 hi=12
CHAIN slot=2 stage=4 layer=0 rows=1 mi=1003 hi=12
CHAIN slot=2 stage=1 layer=1 rows=1 mi=1003 hi=12
CHAIN slot=2 stage=2 layer=1 rows=1 mi=1004 hi=12
CHAIN slot=2 stage=3 layer=1 rows=1 mi=1004 hi=12
CHAIN slot=2 stage=4 layer=1 rows=1 mi=1005 hi=12
CHAIN slot=2 stage=1 layer=2 rows=1 mi=1005 hi=12
CHAIN slot=2 stage=2 layer=2 rows=1 mi=1006 hi=12
CHAIN slot=2 stage=3 layer=2 rows=1 mi=1006 hi=12
CHAIN slot=2 stage=4 layer=2 rows=1 mi=1007 hi=12
CHAIN slot=2 stage=1 layer=3 rows=1 mi=1007 hi=12
CHAIN slot=2 stage=2 layer=3 rows=1 mi=1008 hi=12
CHAIN slot=2 stage=3 layer=3 rows=1 mi=1008 hi=12
CHAIN slot=2 stage=4 layer=3 rows=1 mi=1009 hi=12
CHAIN slot=2 stage=1 layer=4 rows=1 mi=1009 hi=12
CHAIN slot=2 stage=2 layer=4 rows=1 mi=1010 hi=12
CHAIN slot=2 stage=3 layer=4 rows=1 mi=1010 hi=12
CHAIN slot=2 stage=4 layer=4 rows=1 mi=1011 hi=12
CHAIN slot=2 stage=1 layer=5 rows=1 mi=1011 hi=12
OPUS rank=0 ops=64 mean_us=3031 max_us=11280 pub_us=0 wait_us=3020 bytes=8192
CHAIN slot=2 stage=2 layer=5 rows=1 mi=1012 hi=12
CHAIN slot=2 stage=3 layer=5 rows=1 mi=1012 hi=12
CHAIN slot=2 stage=4 layer=5 rows=1 mi=1013 hi=12
CHAIN slot=2 stage=1 layer=6 rows=1 mi=1013 hi=12
CHAIN slot=2 stage=2 layer=6 rows=1 mi=1014 hi=12
CHAIN slot=2 stage=3 layer=6 rows=1 mi=1014 hi=12
CHAIN slot=2 stage=4 layer=6 rows=1 mi=1015 hi=12
CHAIN slot=2 stage=1 layer=7 rows=1 mi=1015 hi=12
CHAIN slot=2 stage=2 layer=7 rows=1 mi=1016 hi=12
CHAIN slot=2 stage=3 layer=7 rows=1 mi=1016 hi=12
CHAIN slot=2 stage=4 layer=7 rows=1 mi=1017 hi=12
CHAIN slot=2 stage=1 layer=8 rows=1 mi=1017 hi=12
CHAIN slot=2 stage=2 layer=8 rows=1 mi=1018 hi=12
CHAIN slot=2 stage=3 layer=8 rows=1 mi=1018 hi=12
CHAIN slot=2 stage=4 layer=8 rows=1 mi=1019 hi=12
CHAIN slot=2 stage=1 layer=9 rows=1 mi=1019 hi=12
CHAIN slot=2 stage=2 layer=9 rows=1 mi=1020 hi=12
CHAIN slot=2 stage=3 layer=9 rows=1 mi=1020 hi=12
CHAIN slot=2 stage=4 layer=9 rows=1 mi=1021 hi=12
CHAIN slot=2 stage=1 layer=10 rows=1 mi=1021 hi=12
CHAIN slot=2 stage=2 layer=10 rows=1 mi=1022 hi=12
CHAIN slot=2 stage=3 layer=10 rows=1 mi=1022 hi=12
CHAIN slot=2 stage=4 layer=10 rows=1 mi=1023 hi=12
CHAIN slot=2 stage=1 layer=11 rows=1 mi=1023 hi=12
CHAIN slot=2 stage=2 layer=11 rows=1 mi=1024 hi=12
CHAIN slot=2 stage=3 layer=11 rows=1 mi=1024 hi=12
CHAIN slot=2 stage=4 layer=11 rows=1 mi=1025 hi=12
CHAIN slot=2 stage=1 layer=12 rows=1 mi=1025 hi=12
CHAIN slot=2 stage=2 layer=12 rows=1 mi=1026 hi=12
CHAIN slot=2 stage=3 layer=12 rows=1 mi=1026 hi=12
CHAIN slot=2 stage=4 layer=12 rows=1 mi=1027 hi=12
CHAIN slot=2 stage=1 layer=13 rows=1 mi=1027 hi=12
CHAIN slot=2 stage=2 layer=13 rows=1 mi=1028 hi=12
CHAIN slot=2 stage=3 layer=13 rows=1 mi=1028 hi=12
CHAIN slot=2 stage=4 layer=13 rows=1 mi=1029 hi=12
CHAIN slot=2 stage=1 layer=14 rows=1 mi=1029 hi=12
CHAIN slot=2 stage=2 layer=14 rows=1 mi=1030 hi=12
CHAIN slot=2 stage=3 layer=14 rows=1 mi=1030 hi=12
CHAIN slot=2 stage=4 layer=14 rows=1 mi=1031 hi=12
CHAIN slot=2 stage=1 layer=15 rows=1 mi=1031 hi=12
CHAIN slot=2 stage=2 layer=15 rows=1 mi=1032 hi=12
CHAIN slot=2 stage=3 layer=15 rows=1 mi=1032 hi=12
CHAIN slot=2 stage=4 layer=15 rows=1 mi=1033 hi=12
CHAIN slot=2 stage=1 layer=16 rows=1 mi=1033 hi=12
CHAIN slot=2 stage=2 layer=16 rows=1 mi=1034 hi=12
CHAIN slot=2 stage=3 layer=16 rows=1 mi=1034 hi=12
CHAIN slot=2 stage=4 layer=16 rows=1 mi=1035 hi=12
CHAIN slot=2 stage=1 layer=17 rows=1 mi=1035 hi=12
CHAIN slot=2 stage=2 layer=17 rows=1 mi=1036 hi=12
CHAIN slot=2 stage=3 layer=17 rows=1 mi=1036 hi=12
CHAIN slot=2 stage=4 layer=17 rows=1 mi=1037 hi=12
CHAIN slot=2 stage=1 layer=18 rows=1 mi=1037 hi=12
CHAIN slot=2 stage=2 layer=18 rows=1 mi=1038 hi=12
CHAIN slot=2 stage=3 layer=18 rows=1 mi=1038 hi=12
CHAIN slot=2 stage=4 layer=18 rows=1 mi=1039 hi=12
CHAIN slot=2 stage=1 layer=19 rows=1 mi=1039 hi=12
CHAIN slot=2 stage=2 layer=19 rows=1 mi=1040 hi=12
CHAIN slot=2 stage=3 layer=19 rows=1 mi=1040 hi=12
CHAIN slot=2 stage=4 layer=19 rows=1 mi=1041 hi=12
CHAIN slot=2 stage=1 layer=20 rows=1 mi=1041 hi=12
CHAIN slot=2 stage=2 layer=20 rows=1 mi=1042 hi=12
CHAIN slot=2 stage=3 layer=20 rows=1 mi=1042 hi=12
CHAIN slot=2 stage=4 layer=20 rows=1 mi=1043 hi=12
CHAIN slot=2 stage=1 layer=21 rows=1 mi=1043 hi=12
CHAIN slot=2 stage=2 layer=21 rows=1 mi=1044 hi=12
CHAIN slot=2 stage=3 layer=21 rows=1 mi=1044 hi=12
CHAIN slot=2 stage=4 layer=21 rows=1 mi=1045 hi=12
CHAIN slot=2 stage=1 layer=22 rows=1 mi=1045 hi=12
CHAIN slot=2 stage=2 layer=22 rows=1 mi=1046 hi=12
CHAIN slot=2 stage=3 layer=22 rows=1 mi=1046 hi=12
CHAIN slot=2 stage=4 layer=22 rows=1 mi=1047 hi=12
CHAIN slot=2 stage=1 layer=23 rows=1 mi=1047 hi=12
CHAIN slot=2 stage=2 layer=23 rows=1 mi=1048 hi=12
CHAIN slot=2 stage=3 layer=23 rows=1 mi=1048 hi=12
CHAIN slot=2 stage=4 layer=23 rows=1 mi=1049 hi=12
CHAIN slot=2 stage=1 layer=24 rows=1 mi=1049 hi=12
CHAIN slot=2 stage=2 layer=24 rows=1 mi=1050 hi=12
CHAIN slot=2 stage=3 layer=24 rows=1 mi=1050 hi=12
CHAIN slot=2 stage=4 layer=24 rows=1 mi=1051 hi=12
CHAIN slot=2 stage=1 layer=25 rows=1 mi=1051 hi=12
CHAIN slot=2 stage=2 layer=25 rows=1 mi=1052 hi=12
CHAIN slot=2 stage=3 layer=25 rows=1 mi=1052 hi=12
CHAIN slot=2 stage=4 layer=25 rows=1 mi=1053 hi=12
CHAIN slot=2 stage=1 layer=26 rows=1 mi=1053 hi=12
CHAIN slot=2 stage=2 layer=26 rows=1 mi=1054 hi=12
CHAIN slot=2 stage=3 layer=26 rows=1 mi=1054 hi=12
CHAIN slot=2 stage=4 layer=26 rows=1 mi=1055 hi=12
CHAIN slot=2 stage=1 layer=27 rows=1 mi=1055 hi=12
CHAIN slot=2 stage=2 layer=27 rows=1 mi=1056 hi=12
CHAIN slot=2 stage=3 layer=27 rows=1 mi=1056 hi=12
CHAIN slot=2 stage=4 layer=27 rows=1 mi=1057 hi=12
CHAIN slot=2 stage=1 layer=28 rows=1 mi=1057 hi=12
CHAIN slot=2 stage=2 layer=28 rows=1 mi=1058 hi=12
CHAIN slot=2 stage=3 layer=28 rows=1 mi=1058 hi=12
CHAIN slot=2 stage=4 layer=28 rows=1 mi=1059 hi=12
CHAIN slot=2 stage=1 layer=29 rows=1 mi=1059 hi=12
CHAIN slot=2 stage=2 layer=29 rows=1 mi=1060 hi=12
CHAIN slot=2 stage=3 layer=29 rows=1 mi=1060 hi=12
CHAIN slot=2 stage=4 layer=29 rows=1 mi=1061 hi=12
CHAIN slot=2 stage=1 layer=30 rows=1 mi=1061 hi=12
CHAIN slot=2 stage=2 layer=30 rows=1 mi=1062 hi=12
CHAIN slot=2 stage=3 layer=30 rows=1 mi=1062 hi=12
CHAIN slot=2 stage=4 layer=30 rows=1 mi=1063 hi=12
CHAIN slot=2 stage=1 layer=31 rows=1 mi=1063 hi=12
CHAIN slot=2 stage=2 layer=31 rows=1 mi=1064 hi=12
CHAIN slot=2 stage=3 layer=31 rows=1 mi=1064 hi=12
CHAIN slot=2 stage=4 layer=31 rows=1 mi=1065 hi=12
CHAIN slot=2 stage=1 layer=32 rows=1 mi=1065 hi=12
CHAIN slot=2 stage=2 layer=32 rows=1 mi=1066 hi=12
CHAIN slot=2 stage=3 layer=32 rows=1 mi=1066 hi=12
CHAIN slot=2 stage=4 layer=32 rows=1 mi=1067 hi=12
CHAIN slot=2 stage=1 layer=33 rows=1 mi=1067 hi=12
CHAIN slot=2 stage=2 layer=33 rows=1 mi=1068 hi=12
CHAIN slot=2 stage=3 layer=33 rows=1 mi=1068 hi=12
CHAIN slot=2 stage=4 layer=33 rows=1 mi=1069 hi=12
CHAIN slot=2 stage=1 layer=34 rows=1 mi=1069 hi=12
CHAIN slot=2 stage=2 layer=34 rows=1 mi=1070 hi=12
CHAIN slot=2 stage=3 layer=34 rows=1 mi=1070 hi=12
CHAIN slot=2 stage=4 layer=34 rows=1 mi=1071 hi=12
CHAIN slot=2 stage=1 layer=35 rows=1 mi=1071 hi=12
CHAIN slot=2 stage=2 layer=35 rows=1 mi=1072 hi=12
CHAIN slot=2 stage=3 layer=35 rows=1 mi=1072 hi=12
CHAIN slot=2 stage=4 layer=35 rows=1 mi=1073 hi=12
CHAIN slot=2 stage=1 layer=36 rows=1 mi=1073 hi=12
CHAIN slot=2 stage=2 layer=36 rows=1 mi=1074 hi=12
CHAIN slot=2 stage=3 layer=36 rows=1 mi=1074 hi=12
CHAIN slot=2 stage=4 layer=36 rows=1 mi=1075 hi=12
CHAIN slot=2 stage=1 layer=37 rows=1 mi=1075 hi=12
OPUS rank=0 ops=64 mean_us=4685 max_us=34828 pub_us=0 wait_us=4674 bytes=8192
CHAIN slot=2 stage=2 layer=37 rows=1 mi=1076 hi=12
CHAIN slot=2 stage=3 layer=37 rows=1 mi=1076 hi=12
CHAIN slot=2 stage=4 layer=37 rows=1 mi=1077 hi=12
CHAIN slot=2 stage=1 layer=38 rows=1 mi=1077 hi=12
CHAIN slot=2 stage=2 layer=38 rows=1 mi=1078 hi=12
CHAIN slot=2 stage=3 layer=38 rows=1 mi=1078 hi=12
CHAIN slot=2 stage=4 layer=38 rows=1 mi=1079 hi=12
CHAIN slot=2 stage=1 layer=39 rows=1 mi=1079 hi=12
CHAIN slot=2 stage=2 layer=39 rows=1 mi=1080 hi=12
CHAIN slot=2 stage=3 layer=39 rows=1 mi=1080 hi=12
CHAIN slot=2 stage=4 layer=39 rows=1 mi=1081 hi=12
CHAIN slot=2 stage=1 layer=40 rows=1 mi=1081 hi=12
CHAIN slot=2 stage=2 layer=40 rows=1 mi=1082 hi=12
CHAIN slot=2 stage=3 layer=40 rows=1 mi=1082 hi=12
CHAIN slot=2 stage=4 layer=40 rows=1 mi=1083 hi=12
CHAIN slot=2 stage=1 layer=41 rows=1 mi=1083 hi=12
CHAIN slot=2 stage=2 layer=41 rows=1 mi=1084 hi=12
CHAIN slot=2 stage=3 layer=41 rows=1 mi=1084 hi=12
CHAIN slot=2 stage=4 layer=41 rows=1 mi=1085 hi=12
CHAIN slot=2 stage=1 layer=42 rows=1 mi=1085 hi=12
CHAIN slot=2 stage=2 layer=42 rows=1 mi=1086 hi=12
CHAIN slot=2 stage=3 layer=42 rows=1 mi=1086 hi=12
CHAIN slot=2 stage=4 layer=42 rows=1 mi=1087 hi=12
CHAIN slot=2 stage=1 layer=43 rows=1 mi=1087 hi=12
CHAIN slot=2 stage=2 layer=43 rows=1 mi=1088 hi=12
CHAIN slot=2 stage=3 layer=43 rows=1 mi=1088 hi=12
CHAIN slot=2 stage=4 layer=43 rows=1 mi=1089 hi=12
CHAIN slot=2 stage=1 layer=44 rows=1 mi=1089 hi=12
CHAIN slot=2 stage=2 layer=44 rows=1 mi=1090 hi=12
CHAIN slot=2 stage=3 layer=44 rows=1 mi=1090 hi=12
CHAIN slot=2 stage=4 layer=44 rows=1 mi=1091 hi=12
CHAIN slot=2 stage=5 layer=45 rows=1 mi=1091 hi=12
CHAIN slot=2 stage=6 layer=45 rows=1 mi=1092 hi=12
CHAIN slot=2 stage=0 layer=45 rows=1 mi=1092 hi=12
CHAIN slot=2 stage=1 layer=0 rows=1 mi=1092 hi=13
CHAIN slot=2 stage=2 layer=0 rows=1 mi=1093 hi=13
CHAIN slot=2 stage=3 layer=0 rows=1 mi=1093 hi=13
CHAIN slot=2 stage=4 layer=0 rows=1 mi=1094 hi=13
CHAIN slot=2 stage=1 layer=1 rows=1 mi=1094 hi=13
CHAIN slot=2 stage=2 layer=1 rows=1 mi=1095 hi=13
CHAIN slot=2 stage=3 layer=1 rows=1 mi=1095 hi=13
CHAIN slot=2 stage=4 layer=1 rows=1 mi=1096 hi=13
CHAIN slot=2 stage=1 layer=2 rows=1 mi=1096 hi=13
CHAIN slot=2 stage=2 layer=2 rows=1 mi=1097 hi=13
CHAIN slot=2 stage=3 layer=2 rows=1 mi=1097 hi=13
CHAIN slot=2 stage=4 layer=2 rows=1 mi=1098 hi=13
CHAIN slot=2 stage=1 layer=3 rows=1 mi=1098 hi=13
CHAIN slot=2 stage=2 layer=3 rows=1 mi=1099 hi=13
CHAIN slot=2 stage=3 layer=3 rows=1 mi=1099 hi=13
CHAIN slot=2 stage=4 layer=3 rows=1 mi=1100 hi=13
CHAIN slot=2 stage=1 layer=4 rows=1 mi=1100 hi=13
CHAIN slot=2 stage=2 layer=4 rows=1 mi=1101 hi=13
CHAIN slot=2 stage=3 layer=4 rows=1 mi=1101 hi=13
CHAIN slot=2 stage=4 layer=4 rows=1 mi=1102 hi=13
CHAIN slot=2 stage=1 layer=5 rows=1 mi=1102 hi=13
CHAIN slot=2 stage=2 layer=5 rows=1 mi=1103 hi=13
CHAIN slot=2 stage=3 layer=5 rows=1 mi=1103 hi=13
CHAIN slot=2 stage=4 layer=5 rows=1 mi=1104 hi=13
CHAIN slot=2 stage=1 layer=6 rows=1 mi=1104 hi=13
CHAIN slot=2 stage=2 layer=6 rows=1 mi=1105 hi=13
CHAIN slot=2 stage=3 layer=6 rows=1 mi=1105 hi=13
CHAIN slot=2 stage=4 layer=6 rows=1 mi=1106 hi=13
CHAIN slot=2 stage=1 layer=7 rows=1 mi=1106 hi=13
CHAIN slot=2 stage=2 layer=7 rows=1 mi=1107 hi=13
CHAIN slot=2 stage=3 layer=7 rows=1 mi=1107 hi=13
CHAIN slot=2 stage=4 layer=7 rows=1 mi=1108 hi=13
CHAIN slot=2 stage=1 layer=8 rows=1 mi=1108 hi=13
CHAIN slot=2 stage=2 layer=8 rows=1 mi=1109 hi=13
CHAIN slot=2 stage=3 layer=8 rows=1 mi=1109 hi=13
CHAIN slot=2 stage=4 layer=8 rows=1 mi=1110 hi=13
CHAIN slot=2 stage=1 layer=9 rows=1 mi=1110 hi=13
CHAIN slot=2 stage=2 layer=9 rows=1 mi=1111 hi=13
CHAIN slot=2 stage=3 layer=9 rows=1 mi=1111 hi=13
CHAIN slot=2 stage=4 layer=9 rows=1 mi=1112 hi=13
CHAIN slot=2 stage=1 layer=10 rows=1 mi=1112 hi=13
CHAIN slot=2 stage=2 layer=10 rows=1 mi=1113 hi=13
CHAIN slot=2 stage=3 layer=10 rows=1 mi=1113 hi=13
CHAIN slot=2 stage=4 layer=10 rows=1 mi=1114 hi=13
CHAIN slot=2 stage=1 layer=11 rows=1 mi=1114 hi=13
CHAIN slot=2 stage=2 layer=11 rows=1 mi=1115 hi=13
CHAIN slot=2 stage=3 layer=11 rows=1 mi=1115 hi=13
CHAIN slot=2 stage=4 layer=11 rows=1 mi=1116 hi=13
CHAIN slot=2 stage=1 layer=12 rows=1 mi=1116 hi=13
CHAIN slot=2 stage=2 layer=12 rows=1 mi=1117 hi=13
CHAIN slot=2 stage=3 layer=12 rows=1 mi=1117 hi=13
CHAIN slot=2 stage=4 layer=12 rows=1 mi=1118 hi=13
CHAIN slot=2 stage=1 layer=13 rows=1 mi=1118 hi=13
CHAIN slot=2 stage=2 layer=13 rows=1 mi=1119 hi=13
CHAIN slot=2 stage=3 layer=13 rows=1 mi=1119 hi=13
CHAIN slot=2 stage=4 layer=13 rows=1 mi=1120 hi=13
CHAIN slot=2 stage=1 layer=14 rows=1 mi=1120 hi=13
CHAIN slot=2 stage=2 layer=14 rows=1 mi=1121 hi=13
CHAIN slot=2 stage=3 layer=14 rows=1 mi=1121 hi=13
CHAIN slot=2 stage=4 layer=14 rows=1 mi=1122 hi=13
CHAIN slot=2 stage=1 layer=15 rows=1 mi=1122 hi=13
CHAIN slot=2 stage=2 layer=15 rows=1 mi=1123 hi=13
CHAIN slot=2 stage=3 layer=15 rows=1 mi=1123 hi=13
CHAIN slot=2 stage=4 layer=15 rows=1 mi=1124 hi=13
CHAIN slot=2 stage=1 layer=16 rows=1 mi=1124 hi=13
CHAIN slot=2 stage=2 layer=16 rows=1 mi=1125 hi=13
CHAIN slot=2 stage=3 layer=16 rows=1 mi=1125 hi=13
CHAIN slot=2 stage=4 layer=16 rows=1 mi=1126 hi=13
CHAIN slot=2 stage=1 layer=17 rows=1 mi=1126 hi=13
CHAIN slot=2 stage=2 layer=17 rows=1 mi=1127 hi=13
CHAIN slot=2 stage=3 layer=17 rows=1 mi=1127 hi=13
CHAIN slot=2 stage=4 layer=17 rows=1 mi=1128 hi=13
CHAIN slot=2 stage=1 layer=18 rows=1 mi=1128 hi=13
CHAIN slot=2 stage=2 layer=18 rows=1 mi=1129 hi=13
CHAIN slot=2 stage=3 layer=18 rows=1 mi=1129 hi=13
CHAIN slot=2 stage=4 layer=18 rows=1 mi=1130 hi=13
CHAIN slot=2 stage=1 layer=19 rows=1 mi=1130 hi=13
CHAIN slot=2 stage=2 layer=19 rows=1 mi=1131 hi=13
CHAIN slot=2 stage=3 layer=19 rows=1 mi=1131 hi=13
CHAIN slot=2 stage=4 layer=19 rows=1 mi=1132 hi=13
CHAIN slot=2 stage=1 layer=20 rows=1 mi=1132 hi=13
CHAIN slot=2 stage=2 layer=20 rows=1 mi=1133 hi=13
CHAIN slot=2 stage=3 layer=20 rows=1 mi=1133 hi=13
CHAIN slot=2 stage=4 layer=20 rows=1 mi=1134 hi=13
CHAIN slot=2 stage=1 layer=21 rows=1 mi=1134 hi=13
CHAIN slot=2 stage=2 layer=21 rows=1 mi=1135 hi=13
CHAIN slot=2 stage=3 layer=21 rows=1 mi=1135 hi=13
CHAIN slot=2 stage=4 layer=21 rows=1 mi=1136 hi=13
CHAIN slot=2 stage=1 layer=22 rows=1 mi=1136 hi=13
CHAIN slot=2 stage=2 layer=22 rows=1 mi=1137 hi=13
CHAIN slot=2 stage=3 layer=22 rows=1 mi=1137 hi=13
CHAIN slot=2 stage=4 layer=22 rows=1 mi=1138 hi=13
CHAIN slot=2 stage=1 layer=23 rows=1 mi=1138 hi=13
OPUS rank=0 ops=64 mean_us=3875 max_us=20284 pub_us=0 wait_us=3864 bytes=8192
CHAIN slot=2 stage=2 layer=23 rows=1 mi=1139 hi=13
CHAIN slot=2 stage=3 layer=23 rows=1 mi=1139 hi=13
CHAIN slot=2 stage=4 layer=23 rows=1 mi=1140 hi=13
CHAIN slot=2 stage=1 layer=24 rows=1 mi=1140 hi=13
CHAIN slot=2 stage=2 layer=24 rows=1 mi=1141 hi=13
CHAIN slot=2 stage=3 layer=24 rows=1 mi=1141 hi=13
CHAIN slot=2 stage=4 layer=24 rows=1 mi=1142 hi=13
CHAIN slot=2 stage=1 layer=25 rows=1 mi=1142 hi=13
CHAIN slot=2 stage=2 layer=25 rows=1 mi=1143 hi=13
CHAIN slot=2 stage=3 layer=25 rows=1 mi=1143 hi=13
CHAIN slot=2 stage=4 layer=25 rows=1 mi=1144 hi=13
CHAIN slot=2 stage=1 layer=26 rows=1 mi=1144 hi=13
CHAIN slot=2 stage=2 layer=26 rows=1 mi=1145 hi=13
CHAIN slot=2 stage=3 layer=26 rows=1 mi=1145 hi=13
CHAIN slot=2 stage=4 layer=26 rows=1 mi=1146 hi=13
CHAIN slot=2 stage=1 layer=27 rows=1 mi=1146 hi=13
CHAIN slot=2 stage=2 layer=27 rows=1 mi=1147 hi=13
CHAIN slot=2 stage=3 layer=27 rows=1 mi=1147 hi=13
CHAIN slot=2 stage=4 layer=27 rows=1 mi=1148 hi=13
CHAIN slot=2 stage=1 layer=28 rows=1 mi=1148 hi=13
CHAIN slot=2 stage=2 layer=28 rows=1 mi=1149 hi=13
CHAIN slot=2 stage=3 layer=28 rows=1 mi=1149 hi=13
CHAIN slot=2 stage=4 layer=28 rows=1 mi=1150 hi=13
CHAIN slot=2 stage=1 layer=29 rows=1 mi=1150 hi=13
CHAIN slot=2 stage=2 layer=29 rows=1 mi=1151 hi=13
CHAIN slot=2 stage=3 layer=29 rows=1 mi=1151 hi=13
CHAIN slot=2 stage=4 layer=29 rows=1 mi=1152 hi=13
CHAIN slot=2 stage=1 layer=30 rows=1 mi=1152 hi=13
CHAIN slot=2 stage=2 layer=30 rows=1 mi=1153 hi=13
CHAIN slot=2 stage=3 layer=30 rows=1 mi=1153 hi=13
CHAIN slot=2 stage=4 layer=30 rows=1 mi=1154 hi=13
CHAIN slot=2 stage=1 layer=31 rows=1 mi=1154 hi=13
CHAIN slot=2 stage=2 layer=31 rows=1 mi=1155 hi=13
CHAIN slot=2 stage=3 layer=31 rows=1 mi=1155 hi=13
CHAIN slot=2 stage=4 layer=31 rows=1 mi=1156 hi=13
CHAIN slot=2 stage=1 layer=32 rows=1 mi=1156 hi=13
CHAIN slot=2 stage=2 layer=32 rows=1 mi=1157 hi=13
CHAIN slot=2 stage=3 layer=32 rows=1 mi=1157 hi=13
CHAIN slot=2 stage=4 layer=32 rows=1 mi=1158 hi=13
CHAIN slot=2 stage=1 layer=33 rows=1 mi=1158 hi=13
CHAIN slot=2 stage=2 layer=33 rows=1 mi=1159 hi=13
CHAIN slot=2 stage=3 layer=33 rows=1 mi=1159 hi=13
CHAIN slot=2 stage=4 layer=33 rows=1 mi=1160 hi=13
CHAIN slot=2 stage=1 layer=34 rows=1 mi=1160 hi=13
CHAIN slot=2 stage=2 layer=34 rows=1 mi=1161 hi=13
CHAIN slot=2 stage=3 layer=34 rows=1 mi=1161 hi=13
CHAIN slot=2 stage=4 layer=34 rows=1 mi=1162 hi=13
CHAIN slot=2 stage=1 layer=35 rows=1 mi=1162 hi=13
CHAIN slot=2 stage=2 layer=35 rows=1 mi=1163 hi=13
CHAIN slot=2 stage=3 layer=35 rows=1 mi=1163 hi=13
CHAIN slot=2 stage=4 layer=35 rows=1 mi=1164 hi=13
CHAIN slot=2 stage=1 layer=36 rows=1 mi=1164 hi=13
CHAIN slot=2 stage=2 layer=36 rows=1 mi=1165 hi=13
CHAIN slot=2 stage=3 layer=36 rows=1 mi=1165 hi=13
CHAIN slot=2 stage=4 layer=36 rows=1 mi=1166 hi=13
CHAIN slot=2 stage=1 layer=37 rows=1 mi=1166 hi=13
CHAIN slot=2 stage=2 layer=37 rows=1 mi=1167 hi=13
CHAIN slot=2 stage=3 layer=37 rows=1 mi=1167 hi=13
CHAIN slot=2 stage=4 layer=37 rows=1 mi=1168 hi=13
CHAIN slot=2 stage=1 layer=38 rows=1 mi=1168 hi=13
CHAIN slot=2 stage=2 layer=38 rows=1 mi=1169 hi=13
CHAIN slot=2 stage=3 layer=38 rows=1 mi=1169 hi=13
CHAIN slot=2 stage=4 layer=38 rows=1 mi=1170 hi=13
CHAIN slot=2 stage=1 layer=39 rows=1 mi=1170 hi=13
CHAIN slot=2 stage=2 layer=39 rows=1 mi=1171 hi=13
CHAIN slot=2 stage=3 layer=39 rows=1 mi=1171 hi=13
CHAIN slot=2 stage=4 layer=39 rows=1 mi=1172 hi=13
CHAIN slot=2 stage=1 layer=40 rows=1 mi=1172 hi=13
CHAIN slot=2 stage=2 layer=40 rows=1 mi=1173 hi=13
CHAIN slot=2 stage=3 layer=40 rows=1 mi=1173 hi=13
CHAIN slot=2 stage=4 layer=40 rows=1 mi=1174 hi=13
CHAIN slot=2 stage=1 layer=41 rows=1 mi=1174 hi=13
CHAIN slot=2 stage=2 layer=41 rows=1 mi=1175 hi=13
CHAIN slot=2 stage=3 layer=41 rows=1 mi=1175 hi=13
CHAIN slot=2 stage=4 layer=41 rows=1 mi=1176 hi=13
CHAIN slot=2 stage=1 layer=42 rows=1 mi=1176 hi=13
CHAIN slot=2 stage=2 layer=42 rows=1 mi=1177 hi=13
CHAIN slot=2 stage=3 layer=42 rows=1 mi=1177 hi=13
CHAIN slot=2 stage=4 layer=42 rows=1 mi=1178 hi=13
CHAIN slot=2 stage=1 layer=43 rows=1 mi=1178 hi=13
CHAIN slot=2 stage=2 layer=43 rows=1 mi=1179 hi=13
CHAIN slot=2 stage=3 layer=43 rows=1 mi=1179 hi=13
CHAIN slot=2 stage=4 layer=43 rows=1 mi=1180 hi=13
CHAIN slot=2 stage=1 layer=44 rows=1 mi=1180 hi=13
CHAIN slot=2 stage=2 layer=44 rows=1 mi=1181 hi=13
CHAIN slot=2 stage=3 layer=44 rows=1 mi=1181 hi=13
CHAIN slot=2 stage=4 layer=44 rows=1 mi=1182 hi=13
CHAIN slot=2 stage=5 layer=45 rows=1 mi=1182 hi=13
CHAIN slot=2 stage=6 layer=45 rows=1 mi=1183 hi=13
CHAIN slot=3 stage=0 layer=0 rows=1 mi=1183 hi=13
RS slot=3 taken=0 hit=0 miss=0 rr=1 f=3 e=45 lc=45 off=0 0 0 0
OPUS rank=0 ops=64 mean_us=1648 max_us=8205 pub_us=0 wait_us=1822 bytes=8192
OPUS rank=0 ops=64 mean_us=7 max_us=44 pub_us=0 wait_us=0 bytes=8192
OPUS rank=0 ops=64 mean_us=4 max_us=49 pub_us=0 wait_us=1 bytes=8192
GRAPH-CAPTURE-OK bound=262
RS slot=3 taken=0 hit=0 miss=0 rr=1 f=3 e=45 lc=45 off=0 0 0 0
