[0m
> build · x-preview-f-free
[0m
[0m→ [0mRead tools/fleet/lanes/G-glm52-bringup.state.md
[0m→ [0mRead tools/devcycle/fleet_registry.json
[0m
[0m$ [0mls tools/fleet/lanes/ && ls tools/fleet/
F-flash-dflash2.log
F-flash-dflash2.md
F-flash-dflash2.state.md
G-glm52-bringup.log
G-glm52-bringup.md
G-glm52-bringup.state.md
H-hwiface-amd.md
K-kernels.md
Q-qwen27b-dflash2.log
Q-qwen27b-dflash2.md
Q-qwen27b-dflash2.state.md
R-research-dflash2.md
V-bigmodel-review.md
lane_runner.sh
lanes
status.sh
[0m
Lane file shows attempt 1 with zero completed steps — starting fresh from step 1 (probe). Let me explore the repo structure and registry first.
[0m→ [0mRead tools/fleet/lanes/G-glm52-bringup.md
[0m✗ [0mRead tools/fleet/G-glm52-bringup.md failed
[91m[1mError: [0mFile not found: /Users/mac/sparkpipe/tools/fleet/G-glm52-bringup.md
[0m
[0m$ [0mcat tools/fleet/G-glm52-bringup.log 2>/dev/null; ls tools/fleet/lanes/
F-flash-dflash2.log
F-flash-dflash2.md
F-flash-dflash2.state.md
G-glm52-bringup.log
G-glm52-bringup.md
G-glm52-bringup.state.md
H-hwiface-amd.md
K-kernels.md
Q-qwen27b-dflash2.log
Q-qwen27b-dflash2.md
Q-qwen27b-dflash2.state.md
R-research-dflash2.md
V-bigmodel-review.md
[0m
[0m$ [0mls tools/ && ls tools/devcycle/ | head -50
__pycache__
audit_core_boundaries.py
breakdown.sh
build.sh
build_grouped_topk.sh
build_head_topk.sh
build_replay_fold.sh
check_no_cuda_in_shared_headers.sh
check_no_cuda_shared_headers_baseline.txt
classify.sh
cuda13_sm121a_compile_gate.sh
devcycle
devcycle.sh
dsv4_ga_reference_vector.py
dsv4_merge_stagepacks.py
dsv4_pro_expert_requant.py
dsv4_pro_stagepack.py
dsv4_stage_source.py
dsv4_stagepack.py
dsv4_tp16_stagepack.py
dsv4_tp4_decode_roofline.py
dsv4_tp4_pp4_perf_estimate.py
dsv4_tp4_pp4_stagepacks.py
fleet
fleet_swap.sh
gates.sh
generate_dsv4_contracts.py
generate_dsv4_ga_reference_fixture.sh
generate_k3_contract.py
generate_model_resident_deployment.py
generate_package_manifest.py
generate_proposed_change_manifest.py
generate_recipe.py
generate_sha256sums.py
generate_topology.py
get_cuda.sh
get_diagnostics.sh
glm52_dspark_manifest.py
glm52_dspark_stagepack.py
glm52_dspark_trace_quality.py
glm52_fixup_f32_codec.py
glm52_gen_deployment.py
glm52_hash_diff.py
glm52_model_contract.py
glm52_patch_bf16_codec.py
glm52_resident_pack_common.py
glm52_resident_stagepack.py
glm52_spark2_local_pipeline_gate.sh
glm52_stagepack.py
glm52_transformers_stage_reference.py
glm52_validate_pack.py
hardware
install_cuda13_compile_only_debian13.sh
inventory.sh
k3_autoslice.sh
k3_deploy_ranks.sh
k3_deploy_stage.sh
k3_deploy_tp16.sh
k3_dispatch_compile_gate.sh
k3_gen_adapter_configs.sh
k3_gen_deployment.sh
k3_pack.py
k3_param_budget.py
k3_rededeploy_stage.sh
k3_runner_compile_gate.sh
k3_shard.py
k3_single_spark_step.sh
k3_sm121a_compile_gate.sh
k3_stage_runtime.sh
k3_stage_runtime_tp16.sh
k3_tp16_pack_production.sh
k3_tp4_equivalence_check.py
k3_tp4_slice.sh
k3_tp4pp4_perf_estimate.py
k3_wait_and_deploy.sh
k3_watchdog.sh
length_gate.py
metric.sh
model_stream_decode_benchmark.py
nvme_kv_estimate.py
package_inventory.py
package_source.py
perf_estimate.py
prefix_cache_full_gate_baseline.txt
qwen36_dflash2_bisect.py
qwen36_dflash2_cache_check.py
qwen36_dflash2_conv_parity.cu
qwen36_dflash2_conv_parity_check.py
qwen36_dflash2_conv_sweep.py
qwen36_dflash2_deep_parity.py
qwen36_dflash2_engine_faithfulness.py
qwen36_dflash2_fp8_bf16_tapdiff.py
qwen36_dflash2_gsm_sweep.py
qwen36_dflash2_parity_io.h
qwen36_dflash2_round_parity.py
qwen36_dflash2_selector_case.py
qwen36_dflash2_selector_real_case.py
qwen36_dflash2_specforge_bisect.py
qwen36_dflash2_stage_diff.py
qwen36_dflash2_torch_parity.py
qwen36_dflash2_vllm_input_parity.py
qwen36_dflash2_w34_crosscheck.cu
qwen36_dflash2_w34_oracle.py
qwen36_dspark_acceptance_profile.py
qwen36_dspark_context_probe.py
qwen36_dspark_contract_sweep.py
qwen36_dspark_e2e_parity.py
qwen36_dspark_lattice_stage.py
qwen36_dspark_reference.py
qwen36_dspark_round_audit.py
qwen36_dspark_stagepack.py
qwen36_dspark_trajectory_bisect.py
qwen36_multirow_dot_bench.cu
qwen36_native_linear_bench.cu
qwen36_native_staged_bench.cu
qwen36_native_warp_specialized_bench.cu
qwen36_stagepack.py
qwen36_stagepack_mx_repack.py
qwen36_stagepack_rans.c
qwen38_stagepack.py
qwen38_timing_probe.c
qwen38_tp4_bench.c
qwen38_tp4_collective_bench.c
qwen38_tp4_e2e.c
qwen38_tp4_nccl_bench.c
run_prefix_cache_full_gate.sh
runtime
spark_hardware_qualify.py
spark_node_layout.json
spark_pack_common.py
sparkpipe_api_stress.py
sparkpipe_driver_inspect.c
sparkpipe_dsv4_driver_cuda_smoke.c
sparkpipe_github_pat.sh
sparkpipe_glm52_tokenize.c
sparkpipe_model_compile.c
sparkpipe_module_publish.c
sparkpipe_release_assemble.py
sparkpipe_tokenize_prompt.c
sparkpipe_tokenizer_benchmark.c
sparkpipe_tool_file.h
validate_dsv4_tp16_pack.sh
verify_dsv4_ga_reference_fixture.py
verify_package_manifest.py
verify_source_archive.py
README-glm52.md
README.md
archive_ga_pro_cold.sh
batches
bbench.sh
boot-unblock
build_pro_remote.sh
build_remote.sh
bw_probe.cu
deploy_pro.sh
download_ga_pro.sh
drivers
ds4_fastboot_fix.sh
dsv4_pro_ga_migration.md
dsv4_pro_inference_path_audit.md
dsv4_pro_kv_cache_audit.md
dsv4_pro_kv_codec_plan.md
dsv4_pro_performance_estimate.md
dsv4_pro_performance_plan.md
dsv4_pro_selectability.md
dsv4_pro_single_spark_receipts.md
fabric_probe_pro.sh
finish_ga_download.sh
finish_ga_parallel.sh
first_decode_pro.sh
fix_validation_pro.py
fleet_registry.json
fleet_status.sh
ga_cold_manifest.py
ga_missing_files.py
k3_serial_tp_replay.sh
migrate_dev_system.sh
preflight_pro.sh
probe_adapter.c
publish_validator_wrapper.sh
rankpacks_ship_pro.sh
show_node_context.py
sparkpipe-fsck-health.service
sparkpipe_fleet_root.pub
sparkpipe_fsck_health.sh
sparkpipe_model_residentd.service
split_ship_pro.sh
stage_ds4_fastboot_grub.sh
templates
validate_ga_pro.sh
verify_rank_packs_pro.sh
[0m
[0m→ [0mRead tools/fleet/lanes/F-flash-dflash2.md
[0m→ [0mRead tools/fleet/lane_runner.sh
[0m→ [0mRead tools/devcycle/README-glm52.md
[93m[1m! [0mpermission requested: external_directory (/Users/mac/.ssh/*); auto-rejecting
[0m✗ [0mcat ~/.ssh/config 2>/dev/null | head -80 failed
[91m[1mError: [0mThe user rejected permission to use this specific tool call.
[0m→ [0mRead tools/fleet/status.sh
[0m
> build · x-preview-f-free
[0m
[0m→ [0mRead tools/fleet/lanes/G-glm52-bringup.state.md
[0m
[0m$ [0mls /Users/mac/sparkpipe/tools/fleet/lanes/ 2>/dev/null; ls /Users/mac/sparkpipe/tools/devcycle/ 2>/dev/null
F-flash-dflash2.log
F-flash-dflash2.md
F-flash-dflash2.state.md
G-glm52-bringup.log
G-glm52-bringup.md
G-glm52-bringup.state.md
H-hwiface-amd.md
K-kernels.md
Q-qwen27b-dflash2.log
Q-qwen27b-dflash2.md
Q-qwen27b-dflash2.state.md
R-research-dflash2.md
V-bigmodel-review.md
README-glm52.md
README.md
archive_ga_pro_cold.sh
batches
bbench.sh
boot-unblock
build_pro_remote.sh
build_remote.sh
bw_probe.cu
deploy_pro.sh
download_ga_pro.sh
drivers
ds4_fastboot_fix.sh
dsv4_pro_ga_migration.md
dsv4_pro_inference_path_audit.md
dsv4_pro_kv_cache_audit.md
dsv4_pro_kv_codec_plan.md
dsv4_pro_performance_estimate.md
dsv4_pro_performance_plan.md
dsv4_pro_selectability.md
dsv4_pro_single_spark_receipts.md
fabric_probe_pro.sh
finish_ga_download.sh
finish_ga_parallel.sh
first_decode_pro.sh
fix_validation_pro.py
fleet_registry.json
fleet_status.sh
ga_cold_manifest.py
ga_missing_files.py
k3_serial_tp_replay.sh
migrate_dev_system.sh
preflight_pro.sh
probe_adapter.c
publish_validator_wrapper.sh
rankpacks_ship_pro.sh
show_node_context.py
sparkpipe-fsck-health.service
sparkpipe_fleet_root.pub
sparkpipe_fsck_health.sh
sparkpipe_model_residentd.service
split_ship_pro.sh
stage_ds4_fastboot_grub.sh
templates
validate_ga_pro.sh
verify_rank_packs_pro.sh
[0m
[0m→ [0mRead tools/fleet/lanes/G-glm52-bringup.md
[0m→ [0mRead tools/devcycle/fleet_registry.json
[0m→ [0mRead tools/fleet/lanes/G-glm52-bringup.log
[0m→ [0mRead tools/devcycle/README-glm52.md
No completed steps in state — starting fresh from step 1. Let me gather context from the lane log and GLM README.
[0m→ [0mRead tools/fleet/status.sh
[0m→ [0mRead tools/fleet/lanes/Q-qwen27b-dflash2.state.md
[0m✱ [0mGrep "glm52_tp8_rank"[90m in . · 14 matches[0m
[0m✱ [0mGrep "spark1.*glm|glm.*spark1"[90m in tools · 1 match[0m
[0m→ [0mRead docs/GLM52_TP8_BRINGUP_PLAN.md
Found the key plan document. Reading it now.
[0m
[0m# [0mTodos
[•] STEP 1: Re-probe band hosts/GPUs/disks/ports/configs (plan §4 Step 0)
[ ] STEP 2: Seed spark1 runtime tree (bins/libs/configs)
[ ] STEP 3: Ship rank04 pack sparke→spark1 (~96GiB) + sha256 gate
[ ] STEP 4: Cross-check fleet config consistency
[ ] STEP 5: Single-rank boot test
[ ] STEP 6: Launch all 8 ranks, readiness gate
[ ] STEP 7: O128 B1 receipt + record receipts
[ ] STEP 8: Update registry bookkeeping (sparkc→spark1)
[ ] STEP 9: DFlash2 speculator assessment
[0m
The plan doc is complete and current (dated today). Mapping lane steps to plan sections and starting execution.
[0m$ [0mBAND="spark8 spark9 sparka sparkb spark1 sparkd sparke sparkf"; for h in $BAND sparkc; do printf '=== %s ===\n' "$h"; timeout 12 ssh -o BatchMode=yes -o ConnectTimeout=6 "$h" 'hostname; nvidia-smi -L | head -1; df --output=avail -BG "$HOME/sparkdata" 2>/dev/null | tail -1; pgrep -af "bin/sparkpipe_model_residentd" || echo "residentd: none"; ss -ltnH 2>/dev/null | grep -E ":(1948[0-7]|6362[0-7]|607[0-9][0-9]) " || echo "ports: free"' 2>&1 || echo "UNREACHABLE: $h"; done
=== spark8 ===
spark8
GPU 0: NVIDIA GB10 (UUID: GPU-0301c3ec-0487-a1ee-629e-14bdd719fe0a)
2089G
1758006 bash -c hostname; nvidia-smi -L | head -1; df --output=avail -BG "$HOME/sparkdata" 2>/dev/null | tail -1; pgrep -af "bin/sparkpipe_model_residentd" || echo "residentd: none"; ss -ltnH 2>/dev/null | grep -E ":(1948[0-7]|6362[0-7]|607[0-9][0-9]) " || echo "ports: free"
ports: free
=== spark9 ===
spark9
GPU 0: NVIDIA GB10 (UUID: GPU-06759622-c673-b343-e038-1439403d8f57)
2068G
1438467 bash -c hostname; nvidia-smi -L | head -1; df --output=avail -BG "$HOME/sparkdata" 2>/dev/null | tail -1; pgrep -af "bin/sparkpipe_model_residentd" || echo "residentd: none"; ss -ltnH 2>/dev/null | grep -E ":(1948[0-7]|6362[0-7]|607[0-9][0-9]) " || echo "ports: free"
ports: free
=== sparka ===
sparka
GPU 0: NVIDIA GB10 (UUID: GPU-f2dfa81f-8515-f107-5207-9a09ab43c0da)
2004G
971732 bash -c hostname; nvidia-smi -L | head -1; df --output=avail -BG "$HOME/sparkdata" 2>/dev/null | tail -1; pgrep -af "bin/sparkpipe_model_residentd" || echo "residentd: none"; ss -ltnH 2>/dev/null | grep -E ":(1948[0-7]|6362[0-7]|607[0-9][0-9]) " || echo "ports: free"
ports: free
=== sparkb ===
sparkb
GPU 0: NVIDIA GB10 (UUID: GPU-e4938968-e8af-f9e7-c988-62be422af760)
 832G
844764 bash -c hostname; nvidia-smi -L | head -1; df --output=avail -BG "$HOME/sparkdata" 2>/dev/null | tail -1; pgrep -af "bin/sparkpipe_model_residentd" || echo "residentd: none"; ss -ltnH 2>/dev/null | grep -E ":(1948[0-7]|6362[0-7]|607[0-9][0-9]) " || echo "ports: free"
ports: free
=== spark1 ===
spark1
GPU 0: NVIDIA GB10 (UUID: GPU-75f0c596-dbe4-e9fc-2f7d-48d7f1f3bd14)
1381G
854538 bash -c hostname; nvidia-smi -L | head -1; df --output=avail -BG "$HOME/sparkdata" 2>/dev/null | tail -1; pgrep -af "bin/sparkpipe_model_residentd" || echo "residentd: none"; ss -ltnH 2>/dev/null | grep -E ":(1948[0-7]|6362[0-7]|607[0-9][0-9]) " || echo "ports: free"
ports: free
=== sparkd ===
sparkd
GPU 0: NVIDIA GB10 (UUID: GPU-8ab1f900-0d61-f016-3646-2e1ff9f7a270)
2056G
421073 bash -c hostname; nvidia-smi -L | head -1; df --output=avail -BG "$HOME/sparkdata" 2>/dev/null | tail -1; pgrep -af "bin/sparkpipe_model_residentd" || echo "residentd: none"; ss -ltnH 2>/dev/null | grep -E ":(1948[0-7]|6362[0-7]|607[0-9][0-9]) " || echo "ports: free"
ports: free
=== sparke ===
sparke
GPU 0: NVIDIA GB10 (UUID: GPU-a89a1bd0-2635-042d-966e-cdad5fb39788)
 747G
502439 bash -c hostname; nvidia-smi -L | head -1; df --output=avail -BG "$HOME/sparkdata" 2>/dev/null | tail -1; pgrep -af "bin/sparkpipe_model_residentd" || echo "residentd: none"; ss -ltnH 2>/dev/null | grep -E ":(1948[0-7]|6362[0-7]|607[0-9][0-9]) " || echo "ports: free"
ports: free
=== sparkf ===
sparkf
GPU 0: NVIDIA GB10 (UUID: GPU-128b365c-6cb3-479e-f05c-e2a571dbce83)
2414G
417800 bash -c hostname; nvidia-smi -L | head -1; df --output=avail -BG "$HOME/sparkdata" 2>/dev/null | tail -1; pgrep -af "bin/sparkpipe_model_residentd" || echo "residentd: none"; ss -ltnH 2>/dev/null | grep -E ":(1948[0-7]|6362[0-7]|607[0-9][0-9]) " || echo "ports: free"
ports: free
=== sparkc ===
Connection timed out during banner exchange
Connection to UNKNOWN port 65535 timed out
UNREACHABLE: sparkc
[0m
All 8 band hosts up, GB10 present, ports free (pgrep hits are the probe's own command line — known false positive). sparkc still dead. Now probing packs and configs.
[0m$ [0mfor h in spark8 spark9 sparka sparkb spark1 sparkd sparke sparkf; do printf '=== %s ===\n' "$h"; timeout 15 ssh -o BatchMode=yes "$h" 'ls -l ~/sparkdata/glm52.tp8.fp8/packs/ 2>/dev/null; ls ~/sparkdata/glm52.tp8.fp8/bin ~/sparkdata/glm52.tp8.fp8/lib 2>/dev/null | tr "\n" " "; echo; ls ~/sparkdata/glm52.tp8.fp8/config/glm52_stage.json ~/sparkdata/glm52.tp8.fp8/model_resident.json ~/sparkdata/glm52.tp8.fp8/bench_b1.json 2>&1' 2>&1; done
=== spark8 ===
total 100425752
-rw-rw-r-- 1 spark8 spark8 102835957760 Aug 15 17:22 glm52_tp8_rank00.fp8.glms52sp
/home/spark8/sparkdata/glm52.tp8.fp8/bin: sparkpipe_model_batch sparkpipe_model_residentd  /home/spark8/sparkdata/glm52.tp8.fp8/lib: hidden_transport.so model_driver.so model_serving_adapter.so 
/home/spark8/sparkdata/glm52.tp8.fp8/bench_b1.json
/home/spark8/sparkdata/glm52.tp8.fp8/config/glm52_stage.json
/home/spark8/sparkdata/glm52.tp8.fp8/model_resident.json
=== spark9 ===
total 100425752
-rw-rw-r-- 1 spark9 spark9 102835957760 Aug 15 17:22 glm52_tp8_rank01.fp8.glms52sp
/home/spark9/sparkdata/glm52.tp8.fp8/bin: sparkpipe_model_batch sparkpipe_model_residentd  /home/spark9/sparkdata/glm52.tp8.fp8/lib: hidden_transport.so model_driver.so model_serving_adapter.so 
ls: cannot access '/home/spark9/sparkdata/glm52.tp8.fp8/bench_b1.json': No such file or directory
/home/spark9/sparkdata/glm52.tp8.fp8/config/glm52_stage.json
/home/spark9/sparkdata/glm52.tp8.fp8/model_resident.json
=== sparka ===
total 100425752
-rw-rw-r-- 1 sparka sparka 102835957760 Aug 15 17:22 glm52_tp8_rank02.fp8.glms52sp
/home/sparka/sparkdata/glm52.tp8.fp8/bin: sparkpipe_model_batch sparkpipe_model_residentd  /home/sparka/sparkdata/glm52.tp8.fp8/lib: hidden_transport.so model_driver.so model_serving_adapter.so 
ls: cannot access '/home/sparka/sparkdata/glm52.tp8.fp8/bench_b1.json': No such file or directory
/home/sparka/sparkdata/glm52.tp8.fp8/config/glm52_stage.json
/home/sparka/sparkdata/glm52.tp8.fp8/model_resident.json
=== sparkb ===
total 100425764
-rw-rw-r-- 1 sparkb sparkb 102835957760 Aug 15 17:22 glm52_tp8_rank03.fp8.glms52sp
/home/sparkb/sparkdata/glm52.tp8.fp8/bin: sparkpipe_model_batch sparkpipe_model_residentd  /home/sparkb/sparkdata/glm52.tp8.fp8/lib: hidden_transport.so model_driver.so model_serving_adapter.so 
ls: cannot access '/home/sparkb/sparkdata/glm52.tp8.fp8/bench_b1.json': No such file or directory
/home/sparkb/sparkdata/glm52.tp8.fp8/config/glm52_stage.json
/home/sparkb/sparkdata/glm52.tp8.fp8/model_resident.json
=== spark1 ===
total 100425768
-rw-rw-r-- 1 spark1 spark1 102835957760 Aug 25 14:27 glm52_tp8_rank04.fp8.glms52sp
/home/spark1/sparkdata/glm52.tp8.fp8/bin: sparkpipe_model_batch sparkpipe_model_residentd  /home/spark1/sparkdata/glm52.tp8.fp8/lib: hidden_transport.so model_driver.so model_serving_adapter.so 
ls: cannot access '/home/spark1/sparkdata/glm52.tp8.fp8/bench_b1.json': No such file or directory
/home/spark1/sparkdata/glm52.tp8.fp8/config/glm52_stage.json
/home/spark1/sparkdata/glm52.tp8.fp8/model_resident.json
=== sparkd ===
total 100425764
-rw-rw-r-- 1 sparkd sparkd 102835957760 Aug 15 17:22 glm52_tp8_rank05.fp8.glms52sp
/home/sparkd/sparkdata/glm52.tp8.fp8/bin: sparkpipe_model_batch sparkpipe_model_residentd  /home/sparkd/sparkdata/glm52.tp8.fp8/lib: hidden_transport.so model_driver.so model_serving_adapter.so 
ls: cannot access '/home/sparkd/sparkdata/glm52.tp8.fp8/bench_b1.json': No such file or directory
/home/sparkd/sparkdata/glm52.tp8.fp8/config/glm52_stage.json
/home/sparkd/sparkdata/glm52.tp8.fp8/model_resident.json
=== sparke ===
total 100425756
-rw-rw-r-- 2 sparke sparke 102835957760 Aug 15 17:22 glm52_tp8_rank06.fp8.glms52sp
/home/sparke/sparkdata/glm52.tp8.fp8/bin: sparkpipe_model_batch sparkpipe_model_residentd  /home/sparke/sparkdata/glm52.tp8.fp8/lib: hidden_transport.so model_driver.so model_serving_adapter.so 
ls: cannot access '/home/sparke/sparkdata/glm52.tp8.fp8/bench_b1.json': No such file or directory
/home/sparke/sparkdata/glm52.tp8.fp8/config/glm52_stage.json
/home/sparke/sparkdata/glm52.tp8.fp8/model_resident.json
=== sparkf ===
total 100425752
-rw-rw-r-- 1 sparkf sparkf 102835957760 Aug 15 17:22 glm52_tp8_rank07.fp8.glms52sp
/home/sparkf/sparkdata/glm52.tp8.fp8/bin: sparkpipe_model_batch sparkpipe_model_residentd  /home/sparkf/sparkdata/glm52.tp8.fp8/lib: hidden_transport.so model_driver.so model_serving_adapter.so 
ls: cannot access '/home/sparkf/sparkdata/glm52.tp8.fp8/bench_b1.json': No such file or directory
/home/sparkf/sparkdata/glm52.tp8.fp8/config/glm52_stage.json
/home/sparkf/sparkdata/glm52.tp8.fp8/model_resident.json
[0m
[0m$ [0mtimeout 15 ssh -o BatchMode=yes spark1 'jq "{tp_rank, stage_pack_path, listen_port: .tp_collective.listen_port, peers: .tp_collective.peer_hosts}" ~/sparkdata/glm52.tp8.fp8/config/glm52_stage.json; echo ---; jq -r ".nodes[] | select(.rank_index==4) | .host" ~/sparkdata/glm52.tp8.fp8/model_resident.json 2>/dev/null || grep -o "spark1" ~/sparkdata/glm52.tp8.fp8/model_resident.json | head -1'
{
  "tp_rank": 4,
  "stage_pack_path": "packs/glm52_tp8_rank04.fp8.glms52sp",
  "listen_port": 63620,
  "peers": [
    "spark8",
    "spark9",
    "sparka",
    "sparkb",
    "spark1",
    "sparkd",
    "sparke",
    "sparkf"
  ]
}
---
null
[0m
Big change since the plan was written: **spark1 now has the full runtime tree AND the rank04 pack** (shipped today 14:27). Steps 1–3 may be partially done. Verifying configs and the critical sha256 gate before trusting it.
[0m$ [0mtimeout 15 ssh -o BatchMode=yes spark8 'jq "{tp_rank, peers: .tp_collective.peer_hosts, ports: .tp_collective.peer_ports}" ~/sparkdata/glm52.tp8.fp8/config/glm52_stage.json; echo ---; jq -r ".speculation_enabled, .draft_count, .tp_degree, .model_revision" ~/sparkdata/glm52.tp8.fp8/config/glm52_stage.json'
{
  "tp_rank": 0,
  "peers": [
    "spark8",
    "spark9",
    "sparka",
    "sparkb",
    "spark1",
    "sparkd",
    "sparke",
    "sparkf"
  ],
  "ports": [
    63620,
    63621,
    63622,
    63623,
    63624,
    63625,
    63626,
    63627
  ]
}
---
false
null
8
b4734de4facf877f85769a911abafc5283eab3d9
[0m
Found a discrepancy: spark1's config has `listen_port: 63620` (should be 63624 per plan). Checking what other ranks use before concluding, plus model_resident.json structure.
[0m$ [0mtimeout 15 ssh -o BatchMode=yes spark1 'head -c 2000 ~/sparkdata/glm52.tp8.fp8/model_resident.json; echo'
{
  "schema_version": 2,
  "coordinator_rank_index": 0,
  "adapter": {
    "shared_object_path": "lib/model_serving_adapter.so"
  },
  "driver": {
    "shared_object_path": "lib/model_driver.so",
    "program_name": "resident_decode"
  },
  "transport": {
    "shared_object_path": "lib/hidden_transport.so",
    "mode": "host-rdma",
    "control_port_base": 60700
  },
  "runtime_limits": {
    "max_inflight_submissions": 4,
    "max_active_sequences": 16,
    "max_input_rows": 16,
    "resident_sequence_capacity": 16,
    "kv_logical_page_capacity": 0,
    "kv_physical_page_capacity": 0
  },
  "nodes": [
    {
      "rank_index": 0,
      "stage_index": 0,
      "runtime_root": "/home/spark8/sparkdata/glm52.tp8.fp8",
      "node_target": "cuda.sm121.glm52.resident_decode_stage.bf16.expert_fp8",
      "transport_host": "spark8",
      "adapter_configuration_path": "config/glm52_stage.json",
      "kv_backing_directory": "/home/spark8/kvcache/glm52.tp8",
      "kv_backing_maximum_bytes": 8589934592,
      "control_endpoint": {
        "kind": "tcp",
        "host": "spark8",
        "port": 19480
      }
    },
    {
      "rank_index": 1,
      "stage_index": 1,
      "runtime_root": "/home/spark9/sparkdata/glm52.tp8.fp8",
      "node_target": "cuda.sm121.glm52.resident_decode_stage.bf16.expert_fp8",
      "transport_host": "spark9",
      "adapter_configuration_path": "config/glm52_stage.json",
      "kv_backing_directory": "/home/spark9/kvcache/glm52.tp8",
      "kv_backing_maximum_bytes": 8589934592,
      "control_endpoint": {
        "kind": "tcp",
        "host": "spark9",
        "port": 19481
      }
    },
    {
      "rank_index": 2,
      "stage_index": 2,
      "runtime_root": "/home/sparka/sparkdata/glm52.tp8.fp8",
      "node_target": "cuda.sm121.glm52.resident_decode_stage.bf16.expert_fp8",
      "transport_host": "sparka",
      "adapter_configuration_path": "config/glm52_stage.json",
      "kv_backing_directory": "/home/sparka/kvcache/glm52.tp8",
[0m
[0m$ [0mfor h in spark8 spark9 sparka sparkb sparkd sparke sparkf; do printf '%s: ' "$h"; timeout 10 ssh -o BatchMode=yes "$h" 'jq -c "{rank: .tp_rank, listen: .tp_collective.listen_port}" ~/sparkdata/glm52.tp8.fp8/config/glm52_stage.json'; done
spark8: {"rank":0,"listen":63620}
spark9: {"rank":1,"listen":63620}
sparka: {"rank":2,"listen":63620}
sparkb: {"rank":3,"listen":63620}
sparkd: {"rank":5,"listen":63620}
sparke: {"rank":6,"listen":63620}
sparkf: {"rank":7,"listen":63620}
[0m
[0m✱ [0mGrep "listen_port"[90m in . · 100 matches[0m
All staged configs use `listen_port: 63620` uniformly — contradicting plan §3's "63620+rank" claim. Need ground truth on semantics before touching anything. Checking source.
[0m
[0m$ [0mrg -n "peer_ports|peer_hosts" /Users/mac/sparkpipe/ring/transport/tp_collective.c | head -30; echo ===; rg -n "peer_ports|listen_port" /Users/mac/sparkpipe/modules/glm52_resident_decode_stage/source/spark_glm52_serving_adapter.c | head -30
===
157:	uint16_t tp_listen_port;
158:	uint16_t tp_peer_ports[SPARK_TP_DEVICE_COLLECTIVE_MAX_DEGREE];
328:		"listen_port","connect_timeout_milli","operation_timeout_milli",
329:		"peer_hosts","peer_ports"
334:		"listen_port","connect_timeout_milli","operation_timeout_milli",
335:		"peer_hosts","peer_ports","algorithms",
409:	status = SparkJsonGetUInt32Member(document,object,"listen_port",&port);
412:	state->tp_listen_port = (uint16_t)port;
440:	token = SparkJsonFindObjectMember(document,object,"peer_ports");
452:		state->tp_peer_ports[index] = (uint16_t)port;
454:	state->tp_collective_control_port_base = state->tp_peer_ports[0];
457:		if ( state->tp_peer_ports[index] !=
[0m
[0m→ [0mRead modules/glm52_resident_decode_stage/source/spark_glm52_serving_adapter.c[90m [offset=400, limit=90][0m
`peer_ports` must equal `base+i` (enforced at line 454-460). Now checking which value actually drives the local bind — `tp_listen_port` or the derived base.
[0m
[0m$ [0mrg -n "tp_listen_port|tp_collective_control_port_base" /Users/mac/sparkpipe/modules/glm52_resident_decode_stage/source/spark_glm52_serving_adapter.c; echo ===; rg -n "listen_port|control_port_base|port_base" /Users/mac/sparkpipe/lib/hidden_transport/*.c 2>/dev/null | head -20; ls /Users/mac/sparkpipe/lib 2>/dev/null | head
157:	uint16_t tp_listen_port;
165:	uint32_t tp_collective_control_port_base;
412:	state->tp_listen_port = (uint16_t)port;
454:	state->tp_collective_control_port_base = state->tp_peer_ports[0];
458:			(uint16_t)(state->tp_collective_control_port_base + index) )
1032:		state->node_context.tp_collective_control_port_base = state->tp_collective_control_port_base;
===
[0m
[0m$ [0mrg -rn "tp_listen_port|collective_control_port_base" /Users/mac/sparkpipe/modules/glm52_resident_decode_stage/ --include-zero 2>/dev/null; rg -n "node_context\.tp_listen_port|node_context\.tp_collective_control_port_base" -g '*.c' /Users/mac/sparkpipe | head; echo ===; rg -ln "tp_listen_port" /Users/mac/sparkpipe --iglob '*.c'
/Users/mac/sparkpipe/modules/glm52_resident_decode_stage/source/spark_glm52_serving_adapter.c:	uint16_t n;
/Users/mac/sparkpipe/modules/glm52_resident_decode_stage/source/spark_glm52_serving_adapter.c:	uint32_t tp_n;
/Users/mac/sparkpipe/modules/glm52_resident_decode_stage/source/spark_glm52_serving_adapter.c:	state->n = (uint16_t)port;
/Users/mac/sparkpipe/modules/glm52_resident_decode_stage/source/spark_glm52_serving_adapter.c:	state->tp_n = state->tp_peer_ports[0];
/Users/mac/sparkpipe/modules/glm52_resident_decode_stage/source/spark_glm52_serving_adapter.c:			(uint16_t)(state->tp_n + index) )
/Users/mac/sparkpipe/modules/glm52_resident_decode_stage/source/spark_glm52_serving_adapter.c:		state->node_context.tp_n = state->tp_n;
/Users/mac/sparkpipe/modules/glm52_resident_decode_stage/source/spark_glm52_resident_decode_stage_module.c:	configuration.control_port_base = context->tp_n;
/Users/mac/sparkpipe/modules/glm52_resident_decode_stage/include/sparkpipe/spark_glm52_resident_decode_stage_firmware.h:	uint32_t tp_n;
/Users/mac/sparkpipe/modules/glm52_resident_decode_stage/source/spark_glm52_serving_adapter.c:1032:		state->node_context.tp_collective_control_port_base = state->tp_collective_control_port_base;
/Users/mac/sparkpipe/modules/dsv4_resident_decode_stage/source/spark_dsv4_serving_adapter.c:1093:		state->node_context.tp_listen_port = state->tp_listen_port;
/Users/mac/sparkpipe/modules/dsv4_resident_decode_stage/source/spark_dsv4_serving_adapter.c:1104:		state->node_context.tp_collective_control_port_base =
/Users/mac/sparkpipe/modules/dsv4_resident_decode_stage/source/spark_dsv4_serving_adapter.c:1119:			state->node_context.tp_collective_control_port_base =
===
/Users/mac/sparkpipe/modules/glm52_resident_decode_stage/source/spark_glm52_serving_adapter.c
/Users/mac/sparkpipe/modules/dsv4_resident_decode_stage/source/spark_dsv4_serving_adapter.c
[0m
[0m$ [0mrg -n "tp_listen_port" /Users/mac/sparkpipe/modules/glm52_resident_decode_stage/source/spark_glm52_serving_adapter.c /Users/mac/sparkpipe/modules/glm52_resident_decode_stage/include/sparkpipe/spark_glm52_resident_decode_stage_firmware.h /Users/mac/sparkpipe/modules/glm52_resident_decode_stage/source/spark_glm52_resident_decode_stage_module.c; echo ===; rg -n "control_port_base" /Users/mac/sparkpipe/modules/glm52_resident_decode_stage/source/spark_glm52_resident_decode_stage_module.c
/Users/mac/sparkpipe/modules/glm52_resident_decode_stage/source/spark_glm52_serving_adapter.c:157:	uint16_t tp_listen_port;
/Users/mac/sparkpipe/modules/glm52_resident_decode_stage/source/spark_glm52_serving_adapter.c:412:	state->tp_listen_port = (uint16_t)port;
===
1386:	configuration.control_port_base = context->tp_collective_control_port_base;
1399:	if ( configuration.connect_timeout_milli == 0u || configuration.operation_timeout_milli == 0u || configuration.control_port_base == 0u || configuration.collective_identifier == 0u || configuration.backend_module_path == 0 || configuration.local_host == 0 || configuration.backend_module_path[0] == '\0' || configuration.local_host[0] == '\0' )
[0m
[0m$ [0mrg -ln "hidden_transport" /Users/mac/sparkpipe --iglob '*.c' | head -5; echo ===; rg -n "control_port_base \+|port_base \+ .*rank|\+ rank_index|\+ tp_rank" /Users/mac/sparkpipe/ring /Users/mac/sparkpipe/modules/glm52_resident_decode_stage 2>/dev/null | head -10
/Users/mac/sparkpipe/ring/transport/hidden_transport.c
/Users/mac/sparkpipe/ring/transport/rdma_control.c
/Users/mac/sparkpipe/runtime/pack/model_description.c
/Users/mac/sparkpipe/tests/test_qwen38_pack_load.c
/Users/mac/sparkpipe/deployment/src/spark_release.c
===
/Users/mac/sparkpipe/modules/glm52_resident_decode_stage/source/spark_glm52_serving_adapter.c:458:			(uint16_t)(state->tp_collective_control_port_base + index) )
/Users/mac/sparkpipe/ring/transport/tp_device_collective.c:739:    port_base = config->control_port_base +
/Users/mac/sparkpipe/ring/transport/rdma.cu:810:            state->control_port_base + (uint32_t)state->sink_rank);
/Users/mac/sparkpipe/ring/transport/rdma.cu:815:                state->control_port_base + (uint32_t)state->sink_rank,
/Users/mac/sparkpipe/ring/transport/rdma.cu:830:                    state->control_port_base + (uint32_t)state->sink_rank,
/Users/mac/sparkpipe/ring/transport/rdma.cu:867:            state->control_port_base + (uint32_t)state->sink_rank);
/Users/mac/sparkpipe/ring/transport/rdma.cu:949:                state->control_port_base + (uint32_t)state->sink_rank,
/Users/mac/sparkpipe/ring/transport/rdma.cu:980:    identity.control_port = state->control_port_base +
[0m
`tp_listen_port` is parsed but **never used** by the GLM52 backend — the bind port derives from `control_port_base` (=peer_ports[0]). Verifying how the transport derives its actual listen port.
[0m$ [0mrg -n "control_port_base" /Users/mac/sparkpipe/ring/transport/hidden_transport.c | head; rg -n "listen" /Users/mac/sparkpipe/ring/transport/hidden_transport.c | head -15
147:    destination->control_port_base = source->control_port_base;
292:            endpoint->control_port_base == 0u ||
293:            endpoint->control_port_base >
304:        endpoint->control_port_base != 0u || endpoint->source_host != 0 ||
[0m
[0m$ [0mrg -n "listen|bind|port" /Users/mac/sparkpipe/ring/transport/hidden_transport.c | head -40
1:#include "sparkpipe/spark_hidden_transport.h"
8:struct SparkHiddenTransportSession
10:    SparkHiddenTransportEndpoint endpoint;
11:    SparkHiddenTransportInterface transport_interface;
12:    void *transport_state;
13:    char transport_module_id[512];
19:static SparkStatus SparkHiddenTransportCopySessionText(
41:static SparkStatus SparkHiddenTransportOwnEndpointText(
42:    SparkHiddenTransportSession *session,
43:    const SparkHiddenTransportEndpoint *endpoint)
47:    status = SparkHiddenTransportCopySessionText(session->transport_module_id,
48:        sizeof(session->transport_module_id),endpoint->transport_module_id,1u);
50:        status = SparkHiddenTransportCopySessionText(session->route_name,
53:        status = SparkHiddenTransportCopySessionText(session->source_host,
56:        status = SparkHiddenTransportCopySessionText(session->sink_host,
58:    session->endpoint.transport_module_id = session->transport_module_id;
65:static uint32_t SparkHiddenTransportInterfaceRequiresBatchFunctions(
66:    const SparkHiddenTransportInterface *transport_interface,
69:    return ((transport_interface->capability_flags | required_capability_flags) &
73:static uint32_t SparkHiddenTransportSessionCanUseBatchSubmission(
74:    const SparkHiddenTransportSession *session)
76:    return (session->transport_interface.capability_flags &
78:        session->transport_interface.post_receive_batch != 0 &&
79:        session->transport_interface.send_batch != 0;
82:static uint32_t SparkHiddenTransportSessionCanUsePollDescriptors(
83:    const SparkHiddenTransportSession *session)
86:        (session->transport_interface.capability_flags &
88:        session->transport_interface.get_poll_descriptors != 0;
91:static uint32_t SparkHiddenTransportSessionCanUsePersistentReceiveCredits(
92:    const SparkHiddenTransportSession *session)
95:        (session->transport_interface.capability_flags &
97:        session->transport_interface.register_persistent_receive != 0 &&
98:        session->transport_interface.persistent_remote_credit_ready != 0 &&
99:        session->transport_interface.reserve_persistent_send != 0 &&
100:        session->transport_interface.cancel_persistent_send != 0 &&
101:        session->transport_interface.activate_persistent_receive != 0 &&
102:        session->transport_interface.cancel_persistent_receive != 0 &&
103:        session->transport_interface.send_persistent != 0 &&
104:        session->transport_interface.release_persistent_receive != 0;
107:static uint32_t SparkHiddenTransportCapabilitiesAreSimulationOnly(
[0m
[0m$ [0mtimeout 15 ssh -o BatchMode=yes spark1 'jq -c ".nodes[4]" ~/sparkdata/glm52.tp8.fp8/model_resident.json; ls -ld ~/kvcache/glm52.tp8 2>&1; jq -c ".nodes|length" ~/sparkdata/glm52.tp8.fp8/model_resident.json'
{"rank_index":4,"stage_index":4,"runtime_root":"/home/spark1/sparkdata/glm52.tp8.fp8","node_target":"cuda.sm121.glm52.resident_decode_stage.bf16.expert_fp8","transport_host":"spark1","adapter_configuration_path":"config/glm52_stage.json","kv_backing_directory":"/home/spark1/kvcache/glm52.tp8","kv_backing_maximum_bytes":8589934592,"control_endpoint":{"kind":"tcp","host":"spark1","port":19484}}
drwxrwxr-x 2 spark1 spark1 4096 Aug 25 14:38 /home/spark1/kvcache/glm52.tp8
8
[0m
Confirmed semantics: transport binds `control_port_base + rank` (rdma.cu:810) → rank4/spark1 binds 63624 automatically from `peer_ports[0]`; the `listen_port` field is dead weight for this backend. Spark1's staged config needs no port fix. Now verifying model_resident.json node-4 entry and running the critical sha256 gate.
[0m$ [0mmkdir -p /Users/mac/sparkpipe/qualification/glm52/performance/tp8_bringup_20260825 && timeout 15 ssh -o BatchMode=yes spark8 'jq -c "." ~/sparkdata/glm52.tp8.fp8/bench_b1.json | head -c 600; echo'
{"schema_version":1,"connect_timeout_ms":60000,"request_capacity":16,"max_context_tokens":4096,"max_prefill_rows_per_submission":256,"maximum_messages_per_rank_per_progress":64,"maximum_new_submissions_per_progress":4,"stop_token_ids":[154820],"requests":[{"request_id":1,"sequence_id":1,"priority":0,"output_token_budget":128,"prompt_token_ids":[154827,40,282,949,1212,3290,13,10753,11,671,949]}]}
[0m
Configs fully consistent; bench_b1.json has `output_token_budget: 128` (the O128). Now the critical sha256 gate on spark1's rank04 pack vs sparke master — running both in parallel in background.
[0m$ [0mssh -o BatchMode=yes sparke 'nohup sha256sum srcdata/glm52_tp8_packs/glm52_tp8_rank04.fp8.glms52sp > /tmp/rank04_src.sha256 2>&1 &' && ssh -o BatchMode=yes spark1 'nohup sha256sum sparkdata/glm52.tp8.fp8/packs/glm52_tp8_rank04.fp8.glms52sp > /tmp/rank04_dst.sha256 2>&1 &' && echo launched
launched
[0m
[0m$ [0mcat >> /Users/mac/sparkpipe/tools/fleet/lanes/G-glm52-bringup.state.md <<'EOF'
[2026-08-25 17:4x] STEP 1: re-probed band spark8,9,a,b,1,d,e,f — all up, GB10 GPU each, slot-A ports free, no residentd running, sparkc still unreachable (banner timeout); packs rank00-07 present (102835957760 B each); spark1 ALREADY seeded with full runtime tree + rank04 pack (shipped 2026-08-25 14:27), config tp_rank=4/stage_pack_path ok, model_resident.json node4→spark1:19484, kvcache dir exists; bench_b1.json on spark8 = 11-tok prompt budget 128; artifact: qualification/glm52/performance/tp8_bringup_20260825/step1_probe.md
EOF
echo done
done
[0m
[0m← [0mWrite qualification/glm52/performance/tp8_bringup_20260825/step1_probe.md
Wrote file successfully.
[0m
[0m$ [0mrg -n "fprintf\(stderr|printf\(" /Users/mac/sparkpipe/node/model_residentd.c | head -40
239:	fprintf(stderr, "model_residentd route_failed status=%d reason=%u work_kind=%u submission=%llu\n", (int)status, reason, route != 0 ? route->submission.work_kind : 0u, route != 0 ? (unsigned long long)route->submission_id : 0ull);
267:	fprintf(stderr,"usage: %s --deployment PATH --rank-index N\n",program);
467:	if ( snprintf(service,sizeof(service),"%u",listen_port) < 0 || getaddrinfo(listen_address,service,&hints,&addresses) != 0 )
802:			fprintf(stderr,"model_residentd TRACE lease-advance status=%s accepted=%u ctps=%u stps=%u ctx=%llu\n",SparkStatusToString(status),route->completion.accepted_token_count,route->completion.tokens_per_sequence,route->submission.tokens_per_sequence,(unsigned long long)lane->context_token_count);
1032:		fprintf(stderr,"model_residentd TRACE queue-completion status=%s\n",SparkStatusToString(status));
1070:			fprintf(stderr,"model_residentd residency_mismatch submission=%llu "
1507:		fprintf(stderr,"model_residentd quiesce=%s; preserving live resources until process exit\n",SparkStatusToString(status));
2301:		fprintf(stderr,"model_residentd adapter_submit status=%s rank=%u stage=%u submission=%llu kind=%u rows=%u lanes=%u\n",SparkStatusToString(status),runtime->rank_plan.rank_index,runtime->rank_plan.stage_index,(unsigned long long)route->submission.submission_id,route->submission.work_kind,route->submission.row_count,route->submission.active_sequence_count);
2550:			fprintf(stderr,"model_residentd TRACE progress-route status=%s state=%u slot=%u\n",SparkStatusToString(status),state,route->slot_index);
2588:		fprintf(stderr,"model_residentd progress stage=routes-pre status=%s rank=%u\n",SparkStatusToString(status),runtime->rank_plan.rank_index);
2592:		fprintf(stderr,"model_residentd progress stage=input-transport-pre status=%s rank=%u\n",SparkStatusToString(status),runtime->rank_plan.rank_index);
2596:		fprintf(stderr,"model_residentd progress stage=output-transport-pre status=%s rank=%u\n",SparkStatusToString(status),runtime->rank_plan.rank_index);
2600:		fprintf(stderr,"model_residentd progress stage=routes-mid status=%s rank=%u\n",SparkStatusToString(status),runtime->rank_plan.rank_index);
2604:		fprintf(stderr,"model_residentd progress stage=routes-adapter status=%s rank=%u\n",SparkStatusToString(status),runtime->rank_plan.rank_index);
2614:		fprintf(stderr,"model_residentd progress stage=input-transport-post status=%s rank=%u\n",SparkStatusToString(status),runtime->rank_plan.rank_index);
2618:		fprintf(stderr,"model_residentd progress stage=output-transport-post status=%s rank=%u\n",SparkStatusToString(status),runtime->rank_plan.rank_index);
2622:		fprintf(stderr,"model_residentd progress stage=routes-final status=%s rank=%u\n",SparkStatusToString(status),runtime->rank_plan.rank_index);
2775:		fprintf(stderr,"model_residentd deployment=%s\n",SparkStatusToString(status));
2785:			printf("model_residentd ready rank=%u stage=%u inflight=%u active=%u rows=%u resident=%u adapter=%s model=%s revision=%s unix=%s\n",runtime.rank_plan.rank_index,runtime.rank_plan.stage_index,runtime.runtime_limits.max_inflight_submission_count,runtime.runtime_limits.max_active_sequence_count,runtime.runtime_limits.max_input_row_count,runtime.runtime_limits.resident_sequence_capacity,runtime.adapter_library.adapter_interface.descriptor->adapter_id,runtime.adapter_library.adapter_interface.descriptor->model_id,runtime.adapter_library.adapter_interface.descriptor->model_revision,configuration.socket_path);
2787:			printf("model_residentd ready rank=%u stage=%u inflight=%u active=%u rows=%u resident=%u adapter=%s model=%s revision=%s tcp=%s:%u\n",runtime.rank_plan.rank_index,runtime.rank_plan.stage_index,runtime.runtime_limits.max_inflight_submission_count,runtime.runtime_limits.max_active_sequence_count,runtime.runtime_limits.max_input_row_count,runtime.runtime_limits.resident_sequence_capacity,runtime.adapter_library.adapter_interface.descriptor->adapter_id,runtime.adapter_library.adapter_interface.descriptor->model_id,runtime.adapter_library.adapter_interface.descriptor->model_revision,configuration.listen_address,configuration.listen_port);
2791:			fprintf(stderr,"model_residentd run=%s status=%u rank=%u stage=%u reason=%u submission=%llu kind=%u route_state=%u\n",SparkStatusToString(status),(uint32_t)status,runtime.rank_plan.rank_index,runtime.rank_plan.stage_index,runtime.failed_reason,(unsigned long long)runtime.failed_submission_id,runtime.failed_work_kind,runtime.failed_route_state);
2794:		fprintf(stderr,"model_residentd initialize=%s status=%u phase=%s rank=%u stage=%u\n",SparkStatusToString(status),(uint32_t)status,runtime.initialize_phase != 0 ? runtime.initialize_phase : "reset",configuration.rank_index,configuration.stage_index);
[0m
While sha256 runs, preparing the single-rank boot test. Checking what startup progress residentd logs so I know what "booted" looks like.
"Ready" prints only after full init including collective formation — so the single-rank test validates binary/adapter/pack/CUDA init up to the peer-wait point, then gets killed. Polling the sha256 jobs first.
[0m$ [0msleep 60; ssh -o BatchMode=yes sparke 'cat /tmp/rank04_src.sha256 2>/dev/null || echo RUNNING-src'; ssh -o BatchMode=yes spark1 'cat /tmp/rank04_dst.sha256 2>/dev/null || echo RUNNING-dst'; ps aux | grep -c "[s]ha256sum" 2>/dev/null; true
a4f67c5eae0ddeedcc5efd651cf34333fd006db9306ac6bfa5efa39d9aee2c16  srcdata/glm52_tp8_packs/glm52_tp8_rank04.fp8.glms52sp
a4f67c5eae0ddeedcc5efd651cf34333fd006db9306ac6bfa5efa39d9aee2c16  sparkdata/glm52.tp8.fp8/packs/glm52_tp8_rank04.fp8.glms52sp
0
[0m
[0m$ [0mSHA=a4f67c5eae0ddeedcc5efd651cf34333fd006db9306ac6bfa5efa39d9aee2c16; cat >> /Users/mac/sparkpipe/tools/fleet/lanes/G-glm52-bringup.state.md <<EOF
[$(date -u '+%Y-%m-%d %H:%M')] STEP 2+3: spark1 runtime tree + rank04 pack ship found already staged (2026-08-25 14:27); sha256 gate PASS — sparke master == spark1 copy == $SHA; artifact: qualification/glm52/performance/tp8_bringup_20260825/step23_sha_gate.md
EOF
printf 'src: %s\ndst: %s\nMATCH: YES\n' "$SHA" "$SHA" > /Users/mac/sparkpipe/qualification/glm52/performance/tp8_bringup_20260825/step23_sha_gate.md; echo ok
ok
[0m
sha256 gate **PASSES** — spark1's rank04 pack is byte-identical to the sparke master (`a4f67c5e…2c16`). Recording steps 2–3 as complete (work was pre-staged today, now verified).
[0m# [0mTodos
[✓] STEP 1: Re-probe band hosts/GPUs/disks/ports/configs (plan §4 Step 0)
[✓] STEP 2: Seed spark1 runtime tree (bins/libs/configs)
[✓] STEP 3: Ship rank04 pack sparke→spark1 (~96GiB) + sha256 gate
[✓] STEP 4: Cross-check fleet config consistency
[•] STEP 5: Single-rank boot test (spark1 rank4)
[ ] STEP 6: Launch all 8 ranks, readiness gate
[ ] STEP 7: O128 B1 receipt + record receipts
[ ] STEP 8: Update registry bookkeeping (sparkc→spark1)
[ ] STEP 9: DFlash2 speculator assessment
[0m
[0m$ [0msed -n '40,110p' /Users/mac/sparkpipe/tools/devcycle/bbench.sh
r["sequence_id"] = 900000 + i
    b["requests"].append(r)
json.dump(b, open(dst, "w"), indent=2)
print("batch", B, "requests ->", dst)
PYEOF

# ---- per-rank runtime: bins/libs seeded, pack symlinked, B-width config ----
KV_PAGES=$(( B * 2 < 32 ? 32 : B * 2 ))
sed "s|$BASE_RUNTIME|$ROOT|g" "$TEMPLATE" | \
    jq --argjson b "$B" --argjson kv "$KV_PAGES" \
    '.runtime_limits.max_active_sequences = $b | .runtime_limits.max_input_rows = $b | .runtime_limits.resident_sequence_capacity = $b | .runtime_limits.kv_logical_page_capacity = $kv | .runtime_limits.kv_physical_page_capacity = $kv' \
    > /tmp/bbench-mr.json

# stop any residentd still holding the control/collective ports (a stale
# runtime from a previous bucket answers the readiness probe and rejects the
# batch with TARGET_MISMATCH)
for h in "${RANKS[@]}"; do
    ssh -o BatchMode=yes "$h" "pkill -9 -f '^bin/sparkpipe_model_residentd' 2>/dev/null; sleep 1" || true
done

i=0
for h in "${RANKS[@]}"; do
    ssh -o BatchMode=yes "$h" "
        set -e
        rm -rf '$ROOT'
        mkdir -p '$ROOT'/bin '$ROOT'/lib '$ROOT'/config '$ROOT'/kv '$ROOT'/packs
        cp -a '$BASE_RUNTIME'/bin/. '$ROOT'/bin/
        cp -a '$BASE_RUNTIME'/lib/. '$ROOT'/lib/
        for f in '$BASE_RUNTIME'/packs/*; do ln -s "\$f" '$ROOT'/packs/\$(basename "\$f"); done
    " || { echo "setup $h failed" >&2; exit 3; }
    scp -q -o BatchMode=yes /tmp/bbench-mr.json "$h:$ROOT/config/model_resident.json"
    scp -q -o BatchMode=yes "$STAGE_TEMPLATE" "$h:$ROOT/config/dsv4_flash_tp4_stage.json"
    scp -q -o BatchMode=yes "$DRIVER" "$h:$ROOT/lib/model_driver.so"
    [[ -f "$ADAPTER" ]] && scp -q -o BatchMode=yes "$ADAPTER" "$h:$ROOT/lib/model_serving_adapter.so"
    ssh -o BatchMode=yes "$h" "
        cd '$ROOT' &&
        export LD_LIBRARY_PATH='$ROOT/lib':\$LD_LIBRARY_PATH \
               SPARKPIPE_RELEASE_GENERATION=20260816000000 \
               SPARKPIPE_RELEASE_GIT_COMMIT=lean-bench \
               SPARKPIPE_RELEASE_ID='bbench-b$B'
        setsid -f bin/sparkpipe_model_residentd \
            --deployment config/model_resident.json --rank-index '$i' \
            >/tmp/bbench-b$B-rank$i.log 2>&1 </dev/null
    " || { echo "start $h failed" >&2; exit 4; }
    i=$((i + 1))
    sleep 6
done

# ---- wait for readiness on the control port ----
for attempt in $(seq 1 60); do
    ready=0
    for h in "${RANKS[@]}"; do
        if ssh -o BatchMode=yes "$h" "ss -ltnH | grep -q ':18480 '"; then
            ready=$((ready + 1))
        fi
    done
    [[ "$ready" == 4 ]] && break
    sleep 3
done
[[ "$ready" == 4 ]] || { echo "ready timeout ($ready/4)" >&2; exit 5; }
echo "b$B all-4-ranks ready"

scp -q -o BatchMode=yes "$BATCH_LOCAL" spark4:/tmp/bbench-batch.json
sleep 45

# ---- warm + measured ----
python3 "$REPO_ROOT/tools/model_stream_decode_benchmark.py" \
    --output "/tmp/bbench-b$B-warm.json" \
    ssh -o BatchMode=yes spark4 "$ROOT/bin/sparkpipe_model_batch" \
        --deployment "$ROOT/config/model_resident.json" \
        --runtime-root "$ROOT" \
[0m
Single-rank boot test: launching residentd rank-4 on spark1 alone, watching startup phases. Checking bbench.sh first for the exact launch env conventions.
Launching single-rank boot test on spark1 (the new/riskiest member), rank-index 4.
[0m$ [0mtimeout 20 ssh -o BatchMode=yes spark1 'cd ~/sparkdata/glm52.tp8.fp8 && export LD_LIBRARY_PATH=$PWD/lib:$LD_LIBRARY_PATH SPARKPIPE_RELEASE_GENERATION=20260816000000 SPARKPIPE_RELEASE_GIT_COMMIT=lean-bench SPARKPIPE_RELEASE_ID=glm52-tp8-single && setsid -f bin/sparkpipe_model_residentd --deployment config/model_resident.json --rank-index 4 >/tmp/glm52-single-rank4.log 2>&1 </dev/null' && sleep 45 && timeout 15 ssh -o BatchMode=yes spark1 'pgrep -af "bin/sparkpipe_model_residentd" | grep -v bash; echo ---LOG---; cat /tmp/glm52-single-rank4.log; echo ---PORTS---; ss -ltnH | grep -E ":(1948[0-7]|6362[0-7]|607xx|607[0-9][0-9]) " || true; nvidia-smi --query-gpu=memory.used --format=csv,noheader'
---LOG---
model_residentd initialize=schema_error status=6 phase=adapter_initialize rank=4 stage=4
model_residentd route_failed status=4 reason=9 work_kind=0 submission=0
---PORTS---
[N/A]
[0m
[0m$ [0mtimeout 20 ssh -o BatchMode=yes sparkd 'cat ~/sparkdata/glm52.tp8.fp8/config/glm52_stage.json' > /tmp/sparkd_stage.json; timeout 15 ssh -o BatchMode=yes spark1 'cat ~/sparkdata/glm52.tp8.fp8/config/glm52_stage.json' > /tmp/spark1_stage.json; diff <(jq -S . /tmp/sparkd_stage.json) <(jq -S . /tmp/spark1_stage.json)
10c10
<   "stage_pack_path": "packs/glm52_tp8_rank05.fp8.glms52sp",
---
>   "stage_pack_path": "packs/glm52_tp8_rank04.fp8.glms52sp",
72c72
<   "tp_rank": 5
---
>   "tp_rank": 4
[0m
Single-rank boot test **failed**: `schema_error status=6 phase=adapter_initialize` — exactly what this step exists to catch. No GLM52-ADAPTER trace line printed, so failure is early in config parsing. Diffing spark1's cloned config against sparkd's original.
[0m→ [0mRead modules/glm52_resident_decode_stage/source/spark_glm52_serving_adapter.c[90m [limit=130, offset=489][0m
Config clone is clean — only the two intended diffs. The failure must be inside the adapter's load path before TP-collective parsing. Reading that code.
[0m
[0m$ [0mrg -n "adapter_initialize|initialize_phase" /Users/mac/sparkpipe/node/model_residentd.c | head -20
217:	const char *initialize_phase;
1252:	runtime->initialize_phase = "adapter_load";
1256:		runtime->initialize_phase = "deployment_validation";
1261:		runtime->initialize_phase = "runtime_limits";
1266:		runtime->initialize_phase = "transport_contract";
1282:		runtime->initialize_phase = "rank_plan";
1287:		runtime->initialize_phase = "transport_load";
1309:		runtime->initialize_phase = "transport_open";
1314:		runtime->initialize_phase = "host_storage";
1319:		runtime->initialize_phase = "cuda_storage";
1324:		runtime->initialize_phase = "wake_pipe";
1329:		runtime->initialize_phase = "adapter_initialize";
1334:		runtime->initialize_phase = "control_listener";
2794:		fprintf(stderr,"model_residentd initialize=%s status=%u phase=%s rank=%u stage=%u\n",SparkStatusToString(status),(uint32_t)status,runtime.initialize_phase != 0 ? runtime.initialize_phase : "reset",configuration.rank_index,configuration.stage_index);
[0m
No `GLM52-ADAPTER LoadConfiguration` trace in the log — either failure is before that point or the deployed .so predates these traces. Checking how residentd labels `adapter_initialize` and what runs inside it.
[0m$ [0mtimeout 20 ssh -o BatchMode=yes spark1 'ls -l ~/sparkdata/glm52.tp8.fp8/lib/ ~/sparkdata/glm52.tp8.fp8/bin/; strings ~/sparkdata/glm52.tp8.fp8/lib/model_serving_adapter.so | grep -m3 "GLM52-ADAPTER"; strings ~/sparkpipe 2>/dev/null | head -0'
/home/spark1/sparkdata/glm52.tp8.fp8/bin/:
total 1196
-rwxrwxr-x 1 spark1 spark1 744128 Aug 25 14:38 sparkpipe_model_batch
-rwxrwxr-x 1 spark1 spark1 477544 Aug 25 14:38 sparkpipe_model_residentd

/home/spark1/sparkdata/glm52.tp8.fp8/lib/:
total 2872
-rwxrwxr-x 1 spark1 spark1  200840 Aug 25 14:38 hidden_transport.so
-rw-rw-r-- 1 spark1 spark1 2373976 Aug 25 22:01 model_driver.so
-rwxrwxr-x 1 spark1 spark1  358584 Aug 25 22:23 model_serving_adapter.so
GLM52-ADAPTER speculation_refused tp_degree=%u stage_count=%u reason=draft_transport_not_wired_for_fanout
[0m
Smoking gun candidate: on spark1, `model_driver.so` (22:01) and `model_serving_adapter.so` (22:23) have timestamps **later than the rest of the tree** (14:38) — possible version skew. Comparing library hashes across all ranks.
[0m$ [0mfor h in spark8 spark9 sparka sparkb spark1 sparkd sparke sparkf; do printf '%s: ' "$h"; timeout 12 ssh -o BatchMode=yes "$h" 'sha256sum ~/sparkdata/glm52.tp8.fp8/lib/model_serving_adapter.so ~/sparkdata/glm52.tp8.fp8/lib/model_driver.so ~/sparkdata/glm52.tp8.fp8/lib/hidden_transport.so 2>/dev/null | cut -c1-16 | tr "\n" " "; ls -l --time-style=+%m-%d_%H:%M ~/sparkdata/glm52.tp8.fp8/lib/model_serving_adapter.so ~/sparkdata/glm52.tp8.fp8/lib/model_driver.so | awk "{print \$6, \$7}" | tr "\n" " "; echo' || echo DOWN; done
spark8: 2d053600a94d0253 61419c824c8da962 c49899c8e20a1a3a 08-25_22:01 /home/spark8/sparkdata/glm52.tp8.fp8/lib/model_driver.so 08-25_22:23 /home/spark8/sparkdata/glm52.tp8.fp8/lib/model_serving_adapter.so 
spark9: 2d053600a94d0253 61419c824c8da962 c49899c8e20a1a3a 08-25_22:01 /home/spark9/sparkdata/glm52.tp8.fp8/lib/model_driver.so 08-25_22:23 /home/spark9/sparkdata/glm52.tp8.fp8/lib/model_serving_adapter.so 
sparka: 2d053600a94d0253 61419c824c8da962 c49899c8e20a1a3a 08-25_22:01 /home/sparka/sparkdata/glm52.tp8.fp8/lib/model_driver.so 08-25_22:23 /home/sparka/sparkdata/glm52.tp8.fp8/lib/model_serving_adapter.so 
sparkb: 2d053600a94d0253 61419c824c8da962 c49899c8e20a1a3a 08-25_22:01 /home/sparkb/sparkdata/glm52.tp8.fp8/lib/model_driver.so 08-25_22:23 /home/sparkb/sparkdata/glm52.tp8.fp8/lib/model_serving_adapter.so 
spark1: 2d053600a94d0253 61419c824c8da962 c49899c8e20a1a3a 08-25_22:01 /home/spark1/sparkdata/glm52.tp8.fp8/lib/model_driver.so 08-25_22:23 /home/spark1/sparkdata/glm52.tp8.fp8/lib/model_serving_adapter.so 
sparkd: 2d053600a94d0253 61419c824c8da962 c49899c8e20a1a3a 08-25_22:01 /home/sparkd/sparkdata/glm52.tp8.fp8/lib/model_driver.so 08-25_22:23 /home/sparkd/sparkdata/glm52.tp8.fp8/lib/model_serving_adapter.so 
sparke: 2d053600a94d0253 61419c824c8da962 c49899c8e20a1a3a 08-25_22:01 /home/sparke/sparkdata/glm52.tp8.fp8/lib/model_driver.so 08-25_22:23 /home/sparke/sparkdata/glm52.tp8.fp8/lib/model_serving_adapter.so 
sparkf: 2d053600a94d0253 61419c824c8da962 c49899c8e20a1a3a 08-25_22:01 /home/sparkf/sparkdata/glm52.tp8.fp8/lib/model_driver.so 08-25_22:23 /home/sparkf/sparkdata/glm52.tp8.fp8/lib/model_serving_adapter.so
[0m
[0m$ [0mcat /Users/mac/sparkpipe/tools/fleet/lanes/F-flash-dflash2.state.md 2>/dev/null; echo ===V===; head -40 /Users/mac/sparkpipe/tools/fleet/lanes/V-bigmodel-review.md
[lane F-flash-dflash2] attempt 1 17:16:46
2026-08-25 17:19:51 WINDOW-OPEN: lane F claims ring for STEP1 baseline (gate24+3xO128 on lean); no other benchmark until WINDOW-CLOSE
===V===
GOAL: static code review (no hardware) of dsv4-pro driver, qwen3.8-max, k3 at unified HEAD. Verify TOP10_DSV4-PRO items still-open, hunt new defects (bounds, lease/continuation paths, pack geometry). Deliverable: docs/REVIEW_BIGMODELS_<date>.md, severity-ranked.
[0m
All 8 hosts carry **identical** libs — someone pushed a fresh adapter+driver fleet-wide today. So the schema_error is deterministic: the NEW adapter rejects the OLD staged configs. Checking other lanes' state for who shipped these and what changed.
[0m$ [0mtimeout 20 ssh -o BatchMode=yes spark1 'strings ~/sparkdata/glm52.tp8.fp8/lib/model_serving_adapter.so | grep -iE "glm52|schema|speculat|draft" | sort -u | head -30'
/home/sparke/build/glm52_unified
GLM52-ADAPTER speculation_refused tp_degree=%u stage_count=%u reason=draft_transport_not_wired_for_fanout
SPARK_GLM52_SERVING_SPECULATE
SPARK_STATUS_SCHEMA_ERROR
SparkGlm52PagedKvAdmit
SparkGlm52PagedKvCheckpointAbort
SparkGlm52PagedKvCheckpointCommit
SparkGlm52PagedKvCheckpointOffer
SparkGlm52PagedKvCommittedTokens
SparkGlm52PagedKvCover
SparkGlm52PagedKvDestroy
SparkGlm52PagedKvFreeBlocks
SparkGlm52PagedKvInitialize
SparkGlm52PagedKvLaneReset
SparkGlm52ServingConfigurationMembers
SparkGlm52ServingConfigurationTpMembers
SparkGlm52ServingDescriptor
SparkGlm52ServingDestroy
SparkGlm52ServingDriverCompletion
SparkGlm52ServingInitialize
SparkGlm52ServingInterface
SparkGlm52ServingLoadTpCollective
SparkGlm52ServingQuiesce
SparkGlm52ServingSnapshot
SparkGlm52ServingSubmit
SparkGlm52ServingSubmit.part.0
SparkGlm52ServingValidateRowOrder
SparkGlm52ServingValidateSubmission
SparkGlm52TpCollectivePolicy
SparkSpeculationConfiguration
[0m
Lane F's window is on the flash band (spark4-7) — no conflict with our slot A. The deployed adapter was built from `/home/sparke/build/glm52_unified`. Inspecting that tree to find what schema it expects.
[0m$ [0mtimeout 20 ssh -o BatchMode=yes sparke 'ls ~/build/glm52_unified/ | head; ls ~/build/glm52_unified/modules/glm52_resident_decode_stage/source/ 2>/dev/null; cd ~/build/glm52_unified && git log --oneline -3 2>/dev/null || echo no-git'
AGENTS.md
ARCHITECTURE.md
COORDINATION.md
DSV4_TP4_B1_HANDOFF.md
Makefile
PACKAGE_MANIFEST.json
PERFORMANCE_STATUS.md
README.md
SHA256SUMS
SPEC.md
cuda
spark_glm52_paged_kv.c
spark_glm52_paged_kv.h
spark_glm52_resident_decode_stage_cuda.cu
spark_glm52_resident_decode_stage_internal.h
spark_glm52_resident_decode_stage_module.c
spark_glm52_serving_adapter.c
no-git
[0m
[0m$ [0mtimeout 25 ssh -o BatchMode=yes sparke 'grep -n "ConfigurationMembers\[\]" -A 40 ~/build/glm52_unified/spark_glm52_serving_adapter.c 2>/dev/null | head -60; echo ===; grep -n "schema_version\|SCHEMA_VERSION" ~/build/glm52_unified/spark_glm52_serving_adapter.c | head'
===
grep: /home/sparke/build/glm52_unified/spark_glm52_serving_adapter.c: No such file or directory
[0m
[0m$ [0mtimeout 25 ssh -o BatchMode=yes sparke 'grep -n "Members\[\]" -A 45 ~/build/glm52_unified/modules/glm52_resident_decode_stage/source/spark_glm52_serving_adapter.c | head -80'
69:static const char *const SparkGlm52ServingConfigurationMembers[] =
70-{
71-	"schema_version",
72-	"model_revision",
73-	"expert_weight_codec",
74-	"stage_pack_path",
75-	"max_sequence_positions",
76-	"execution_row_capacity",
77-	"tp_degree",
78-	"tp_rank",
79-	/* v4: DFlash2 speculator stanza. enabled/draft_count ride every config
80-	 * so a deployment declares its speculation posture explicitly; the
81-	 * drafter artifact paths stay with the module's environment contract
82-	 * (dspark_pack_path records the reference for the manifest audit).
83-	 * tp_collective is REQUIRED for tp_degree > 1 and FORBIDDEN at 1 - it
84-	 * left the exact-member list so the single-rank shape can omit it. */
85-	"speculation_enabled",
86-	"speculation_draft_count",
87-	"dspark_pack_path"
88-};
89-
90-/* v4.1: multi-rank configs carry tp_collective as a 12th required member;
91- * single-rank keeps the 11-member shape that omits it. The v4 exact-member
92- * table made TP>1 files unparsable: the collective stanza was mandatory yet
93- * absent from the list, so every multi-rank config failed members-exact. */
94:static const char *const SparkGlm52ServingConfigurationTpMembers[] =
95-{
96-	"schema_version",
97-	"model_revision",
98-	"expert_weight_codec",
99-	"stage_pack_path",
100-	"max_sequence_positions",
101-	"execution_row_capacity",
102-	"tp_degree",
103-	"tp_rank",
104-	"speculation_enabled",
105-	"speculation_draft_count",
106-	"dspark_pack_path",
107-	"tp_collective"
108-};
109-
110-typedef struct SparkGlm52ServingPending
111-{
112-	/* Shape + nine-field submission identity echo: captured once at claim
113-	 * by SparkAdapterPendingCapture (adapter_common.h). */
114-	SparkAdapterPendingCore core;
115-	struct SparkGlm52ServingState *owner;
116-	uint32_t last_row_by_lane[SPARK_GLM52_RESIDENT_DECODE_STAGE_MAX_ACTIVE_SEQUENCE_COUNT];
117-	uint32_t resident_slots[SPARK_GLM52_RESIDENT_DECODE_STAGE_MAX_INPUT_ROW_COUNT];
118-	uint32_t output_token_ids[SPARK_GLM52_RESIDENT_DECODE_STAGE_MAX_INPUT_ROW_COUNT];
119-	/* Speculation frame payload (spec_active != 0u): the expanded verify /
120-	 * draft-after batch lives here because the async chain reads it after
121-	 * submit() returns, exactly like resident_slots above. */
122-	uint32_t spec_active;
123-	uint32_t spec_verify;
124-	uint32_t spec_rows_per_lane;
125-	uint32_t spec_row_token_ids[SPARK_GLM52_RESIDENT_DECODE_STAGE_MAX_INPUT_ROW_COUNT];
126-	uint32_t spec_draft_ids[SPARK_GLM52_RESIDENT_DECODE_STAGE_MAX_ACTIVE_SEQUENCE_COUNT * SPARK_GLM52_RESIDENT_DECODE_STAGE_DSPARK_DRAFT_TOKEN_COUNT];
127-	uint32_t spec_accept_counts[SPARK_GLM52_RESIDENT_DECODE_STAGE_MAX_ACTIVE_SEQUENCE_COUNT];
128-	uint64_t spec_row_positions[SPARK_GLM52_RESIDENT_DECODE_STAGE_MAX_INPUT_ROW_COUNT];
129-	uint64_t spec_row_sequence_ids[SPARK_GLM52_RESIDENT_DECODE_STAGE_MAX_INPUT_ROW_COUNT];
130-	SparkGlm52ResidentDecodeStageDsparkDraftView spec_view;
131-	SparkGlm52ResidentDecodeStageBatchView spec_batch;
132-	SparkGlm52ResidentDecodeStageFrameContext spec_context;
133-	SparkModelDriverBuffer spec_buffer;
134-	SparkModelDriverFrame spec_frame;
135-} SparkGlm52ServingPending;
136-
137-/* Per resident-slot speculation state: the latest drafts awaiting verify,
138- * the accept depth the NEXT submission must stamp, and the policy tap
139- * generation handed out when those drafts landed. GUARDING: the CUDA
[0m
Root cause found: the v4.1 unified adapter enforces an **exact 12-member config** including `speculation_draft_count`, `dspark_pack_path`, and requires `tp_collective` for TP>1 — the Aug-15 staged configs predate this. Checking how strictly each field is validated in that build tree.
[0m$ [0mtimeout 25 ssh -o BatchMode=yes sparke 'grep -n "SCHEMA_VERSION\|dspark_pack_path\|speculation_draft_count\|speculation_refused\|ValidateObjectMembersExact" ~/build/glm52_unified/modules/glm52_resident_decode_stage/source/spark_glm52_serving_adapter.c | head -30'
82:	 * (dspark_pack_path records the reference for the manifest audit).
86:	"speculation_draft_count",
87:	"dspark_pack_path"
105:	"speculation_draft_count",
106:	"dspark_pack_path",
180:	char dspark_pack_path[SPARK_INTERNAL_PATH_BYTES];
284:		status = SparkJsonValidateObjectMembersExact(&document,root,SparkGlm52ServingConfigurationTpMembers,(uint32_t)(sizeof(SparkGlm52ServingConfigurationTpMembers) / sizeof(SparkGlm52ServingConfigurationTpMembers[0])));
286:		status = SparkJsonValidateObjectMembersExact(&document,root,SparkGlm52ServingConfigurationMembers,(uint32_t)(sizeof(SparkGlm52ServingConfigurationMembers) / sizeof(SparkGlm52ServingConfigurationMembers[0])));
289:	if ( status == SPARK_STATUS_OK && schema_version != SPARK_GLM52_SERVING_ADAPTER_CONFIGURATION_SCHEMA_VERSION )
328:		token = SparkJsonFindObjectMember(&document,root,"speculation_draft_count");
331:		token = SparkJsonFindObjectMember(&document,root,"dspark_pack_path");
338:				if ( strlen(recorded) >= sizeof(state->dspark_pack_path) )
341:					memcpy(state->dspark_pack_path,recorded,strlen(recorded) + 1u);
616:		(void)fprintf(stderr,"GLM52-ADAPTER speculation_refused tp_degree=%u stage_count=%u reason=draft_transport_not_wired_for_fanout\n",SPARK_GLM52_SERVING_TP_DEGREE,SPARK_GLM52_SERVING_STAGE_COUNT);
709:	if ( state->dspark_pack_path[0] == '\0' )
711:		(void)fprintf(stderr,"GLM52-ADAPTER speculation_refused reason=dspark_pack_path_missing\n");
716:	(void)snprintf(path,sizeof(path),"%s/manifest.json",state->dspark_pack_path);
719:	(void)snprintf(path,sizeof(path),"%s/config.json",state->dspark_pack_path);
722:	(void)snprintf(path,sizeof(path),"%s/model.safetensors",state->dspark_pack_path);
[0m
[0m$ [0mtimeout 25 ssh -o BatchMode=yes sparke 'sed -n 270,360p ~/build/glm52_unified/modules/glm52_resident_decode_stage/source/spark_glm52_serving_adapter.c; echo ===SPECVER===; grep -rn "SPARK_GLM52_SERVING_ADAPTER_CONFIGURATION_SCHEMA_VERSION" ~/build/glm52_unified/modules/glm52_resident_decode_stage/include/ | head -3'
SparkJsonDocument document;
	char *relative_stage_pack_path;
	uint32_t schema_version;
	int32_t root,token;
	SparkStatus status;
	relative_stage_pack_path = 0;
	SparkJsonDocumentReset(&document);
	status = SparkJsonLoadFile(path,&document);
	root = status == SPARK_STATUS_OK ? SparkJsonGetRootToken(&document) : -1;
	if ( status == SPARK_STATUS_OK && !SparkJsonTokenIsType(&document,root,SPARK_JSON_TOKEN_OBJECT) )
		status = SPARK_STATUS_SCHEMA_ERROR;
	if ( status == SPARK_STATUS_OK )
		status = SparkJsonGetUInt32Member(&document,root,"tp_degree",tp_degree);
	if ( status == SPARK_STATUS_OK && *tp_degree > 1u )
		status = SparkJsonValidateObjectMembersExact(&document,root,SparkGlm52ServingConfigurationTpMembers,(uint32_t)(sizeof(SparkGlm52ServingConfigurationTpMembers) / sizeof(SparkGlm52ServingConfigurationTpMembers[0])));
	else if ( status == SPARK_STATUS_OK )
		status = SparkJsonValidateObjectMembersExact(&document,root,SparkGlm52ServingConfigurationMembers,(uint32_t)(sizeof(SparkGlm52ServingConfigurationMembers) / sizeof(SparkGlm52ServingConfigurationMembers[0])));
	if ( status == SPARK_STATUS_OK )
		status = SparkJsonGetUInt32Member(&document,root,"schema_version",&schema_version);
	if ( status == SPARK_STATUS_OK && schema_version != SPARK_GLM52_SERVING_ADAPTER_CONFIGURATION_SCHEMA_VERSION )
		status = SPARK_STATUS_SCHEMA_ERROR;
	token = status == SPARK_STATUS_OK ? SparkJsonFindObjectMember(&document,root,"model_revision") : -1;
	if ( status == SPARK_STATUS_OK && (token < 0 || !SparkJsonStringEquals(&document,token,GLM52_MODEL_REVISION)) )
		status = SPARK_STATUS_SCHEMA_ERROR;
	token = status == SPARK_STATUS_OK ? SparkJsonFindObjectMember(&document,root,"expert_weight_codec") : -1;
	if ( status == SPARK_STATUS_OK && (token < 0 || !SparkJsonStringEquals(&document,token,GLM52_EXPERT_CODEC_NAME)) )
		status = SPARK_STATUS_TARGET_MISMATCH;
	token = status == SPARK_STATUS_OK ? SparkJsonFindObjectMember(&document,root,"stage_pack_path") : -1;
	if ( status == SPARK_STATUS_OK )
		status = token < 0 ? SPARK_STATUS_SCHEMA_ERROR : SparkJsonCopyString(&document,token,&relative_stage_pack_path);
	if ( status == SPARK_STATUS_OK )
		status = SparkJsonGetUInt32Member(&document,root,"max_sequence_positions",max_sequence_positions);
	if ( status == SPARK_STATUS_OK )
		status = SparkJsonGetUInt32Member(&document,root,"execution_row_capacity",execution_row_capacity);
	if ( status == SPARK_STATUS_OK )
		status = SparkJsonGetUInt32Member(&document,root,"tp_degree",tp_degree);
	if ( status == SPARK_STATUS_OK )
		status = SparkJsonGetUInt32Member(&document,root,"tp_rank",tp_rank);
	if ( status == SPARK_STATUS_OK && (*tp_degree == 0u || *tp_rank >= *tp_degree) )
		status = SPARK_STATUS_SCHEMA_ERROR;
	if ( status == SPARK_STATUS_OK && *tp_degree != 1u )
	{
		if ( SparkJsonFindObjectMember(&document,root,"tp_collective") < 0 )
			status = SPARK_STATUS_SCHEMA_ERROR;
		if ( status == SPARK_STATUS_OK )
			status = SparkGlm52ServingLoadTpCollective(&document,root,runtime_root,state,*tp_degree);
	}
	if ( status == SPARK_STATUS_OK )
	{
		token = SparkJsonFindObjectMember(&document,root,"speculation_enabled");
		if ( status == SPARK_STATUS_OK && token >= 0 )
		{
			bool enabled = false;
			if ( SparkJsonGetBoolean(&document,token,&enabled) == SPARK_STATUS_OK )
				state->speculate = enabled ? 1u : 0u;
			else
				status = SPARK_STATUS_SCHEMA_ERROR;
		}
		token = SparkJsonFindObjectMember(&document,root,"speculation_draft_count");
		if ( status == SPARK_STATUS_OK && token >= 0 )
			status = SparkJsonGetUInt32(&document,token,&state->speculate_draft_rows);
		token = SparkJsonFindObjectMember(&document,root,"dspark_pack_path");
		if ( status == SPARK_STATUS_OK && token >= 0 )
		{
			char *recorded = 0;
			status = SparkJsonCopyString(&document,token,&recorded);
			if ( status == SPARK_STATUS_OK )
			{
				if ( strlen(recorded) >= sizeof(state->dspark_pack_path) )
					status = SPARK_STATUS_SCHEMA_ERROR;
				else
					memcpy(state->dspark_pack_path,recorded,strlen(recorded) + 1u);
			}
			free(recorded);
		}
	}
	SparkJsonDocumentDestroy(&document);
	if ( status == SPARK_STATUS_OK )
		status = SparkResolveRuntimePath(runtime_root,relative_stage_pack_path,state->stage_pack_path,sizeof(state->stage_pack_path));
	free(relative_stage_pack_path);
	return(status);
}

static SparkStatus SparkGlm52ServingValidateRowOrder(
	const SparkGlm52ServingState *state,
	const SparkModelServingSubmission *submission)
{
	uint8_t seen[SPARK_GLM52_RESIDENT_DECODE_STAGE_MAX_ACTIVE_SEQUENCE_COUNT] = {0u};
	uint64_t last_position[SPARK_GLM52_RESIDENT_DECODE_STAGE_MAX_ACTIVE_SEQUENCE_COUNT] = {0u};
	uint32_t occurrence_counts[SPARK_GLM52_RESIDENT_DECODE_STAGE_MAX_ACTIVE_SEQUENCE_COUNT];
	uint32_t wave_last_rows[SPARK_GLM52_RESIDENT_DECODE_STAGE_MAX_ACTIVE_SEQUENCE_COUNT];
===SPECVER===
/home/sparke/build/glm52_unified/modules/glm52_resident_decode_stage/include/sparkpipe/spark_glm52_serving_adapter.h:11:#define SPARK_GLM52_SERVING_ADAPTER_CONFIGURATION_SCHEMA_VERSION 4u
[0m
Contract confirmed: v4 exact-member set for TP>1. Empty `dspark_pack_path` is fine (speculation just refuses to arm). Dumping a full staged config to see exactly which keys need patching.
[0m$ [0mtimeout 15 ssh -o BatchMode=yes spark8 'cat ~/sparkdata/glm52.tp8.fp8/config/glm52_stage.json'
{
  "schema_version": 4,
  "model_revision": "b4734de4facf877f85769a911abafc5283eab3d9",
  "expert_weight_codec": "fp8",
  "stage_pack_path": "packs/glm52_tp8_rank00.fp8.glms52sp",
  "max_sequence_positions": 4096,
  "execution_row_capacity": 16,
  "tp_degree": 8,
  "tp_rank": 0,
  "speculation_enabled": false,
  "speculation_draft_count": 6,
  "dspark_pack_path": "packs/glm52_dspark_draft_reference.glms52sp",
  "tp_collective": {
    "backend": "hidden_transport",
    "backend_module_path": "lib/hidden_transport.so",
    "collective_identifier": 8811223344556678,
    "listen_port": 63620,
    "connect_timeout_milli": 180000,
    "operation_timeout_milli": 30000,
    "peer_hosts": [
      "spark8",
      "spark9",
      "sparka",
      "sparkb",
      "spark1",
      "sparkd",
      "sparke",
      "sparkf"
    ],
    "peer_ports": [
      63620,
      63621,
      63622,
      63623,
      63624,
      63625,
      63626,
      63627
    ],
    "algorithms": [
      "recursive_doubling"
    ],
    "direct_all_to_all_max_payload_bytes": 0,
    "split_ring_min_payload_bytes": 0,
    "rail_peer_hosts": [
      [
        "spark8",
        "spark9",
        "sparka",
        "sparkb",
        "spark1",
        "sparkd",
        "sparke",
        "sparkf"
      ],
      [
        "spark8",
        "spark9",
        "sparka",
        "sparkb",
        "spark1",
        "sparkd",
        "sparke",
        "sparkf"
      ]
    ],
    "step_rail_indices": [
      0,
      0,
      1
    ]
  }
}
[0m
[93m[1m! [0mpermission requested: external_directory (/tmp/opencode/*); auto-rejecting
[0m✗ [0mmkdir -p /tmp/opencode/glm52_unified && timeout 30 ssh -o BatchMode=yes sparke 'tar -C ~/build/glm52_unified -cf - modules/glm52_resident_decode_stage Makefile PACKAGE_MANIFEST.json COORDINATION.md 2>/dev/null' | tar -C /tmp/opencode/glm52_unified -xf -; ls -R /tmp/opencode/glm52_unified | head -30 failed
[91m[1mError: [0mThe user rejected permission to use this specific tool call.
Plot twist: spark8's config **already has** the full v4.1 shape (`speculation_draft_count: 6`, `dspark_pack_path`) — and spark1's differs only by rank/path fields. So the schema_error comes from something deeper in the unified adapter. Pulling the unified sources locally to audit the whole init path.
[0m
> build · x-preview-f-free
[0m
[0m→ [0mRead tools/fleet/lanes/G-glm52-bringup.state.md
[0m→ [0mRead qualification/glm52/performance/tp8_bringup_20260825/step1_probe.md
[0m→ [0mRead qualification/glm52/performance/tp8_bringup_20260825/step23_sha_gate.md
[0m→ [0mRead tools/devcycle/fleet_registry.json
Lane resumed at attempt 3; steps 1–3 retained (probe + sha gate PASS). Next: single-rank boot test. Let me get oriented in the repo and fleet registry first.
[0m
[0m$ [0mls /Users/mac/sparkpipe && ls /Users/mac/sparkpipe/tools/fleet/lanes | head -30
AGENTS.md
ARCHITECTURE.md
COORDINATION.md
DSV4_TP4_B1_HANDOFF.md
Makefile
PACKAGE_MANIFEST.json
PERFORMANCE_STATUS.md
README.md
SHA256SUMS
SPEC.md
STATUS.md
STRUCTURE.md
TECHDEBT.md
UNIFIED.md
_gate.err
build
cache
deployment
docs
examples
hwiface_v1.md
include
inference
model-families
model_contracts
modules
node
pipe.out
qualification
qwen38_tp4_build.sh
qwen38_tp4_deploy.sh
ring
runtime
scheduler
schema
sources.mk
src
tests
text
tmp
tools
F-flash-dflash2.log
F-flash-dflash2.md
F-flash-dflash2.state.md
G-glm52-bringup.log
G-glm52-bringup.md
G-glm52-bringup.state.md
H-hwiface-amd.md
K-kernels.md
Q-qwen27b-dflash2.log
Q-qwen27b-dflash2.md
Q-qwen27b-dflash2.state.md
R-research-dflash2.md
V-bigmodel-review.md
[0m
[0m→ [0mRead tools/fleet/lanes/G-glm52-bringup.md
[0m→ [0mRead tools/fleet/lanes/F-flash-dflash2.md
[0m
[0m$ [0mls /Users/mac/sparkpipe/tools/ /Users/mac/sparkpipe/tools/fleet/ 2>/dev/null
/Users/mac/sparkpipe/tools/:
__pycache__
audit_core_boundaries.py
breakdown.sh
build.sh
build_grouped_topk.sh
build_head_topk.sh
build_replay_fold.sh
check_no_cuda_in_shared_headers.sh
check_no_cuda_shared_headers_baseline.txt
classify.sh
cuda13_sm121a_compile_gate.sh
devcycle
devcycle.sh
dsv4_ga_reference_vector.py
dsv4_merge_stagepacks.py
dsv4_pro_expert_requant.py
dsv4_pro_stagepack.py
dsv4_stage_source.py
dsv4_stagepack.py
dsv4_tp16_stagepack.py
dsv4_tp4_decode_roofline.py
dsv4_tp4_pp4_perf_estimate.py
dsv4_tp4_pp4_stagepacks.py
fleet
fleet_swap.sh
gates.sh
generate_dsv4_contracts.py
generate_dsv4_ga_reference_fixture.sh
generate_k3_contract.py
generate_model_resident_deployment.py
generate_package_manifest.py
generate_proposed_change_manifest.py
generate_recipe.py
generate_sha256sums.py
generate_topology.py
get_cuda.sh
get_diagnostics.sh
glm52_dspark_manifest.py
glm52_dspark_stagepack.py
glm52_dspark_trace_quality.py
glm52_fixup_f32_codec.py
glm52_gen_deployment.py
glm52_hash_diff.py
glm52_model_contract.py
glm52_patch_bf16_codec.py
glm52_resident_pack_common.py
glm52_resident_stagepack.py
glm52_spark2_local_pipeline_gate.sh
glm52_stagepack.py
glm52_transformers_stage_reference.py
glm52_validate_pack.py
hardware
install_cuda13_compile_only_debian13.sh
inventory.sh
k3_autoslice.sh
k3_deploy_ranks.sh
k3_deploy_stage.sh
k3_deploy_tp16.sh
k3_dispatch_compile_gate.sh
k3_gen_adapter_configs.sh
k3_gen_deployment.sh
k3_pack.py
k3_param_budget.py
k3_rededeploy_stage.sh
k3_runner_compile_gate.sh
k3_shard.py
k3_single_spark_step.sh
k3_sm121a_compile_gate.sh
k3_stage_runtime.sh
k3_stage_runtime_tp16.sh
k3_tp16_pack_production.sh
k3_tp4_equivalence_check.py
k3_tp4_slice.sh
k3_tp4pp4_perf_estimate.py
k3_wait_and_deploy.sh
k3_watchdog.sh
length_gate.py
metric.sh
model_stream_decode_benchmark.py
nvme_kv_estimate.py
package_inventory.py
package_source.py
perf_estimate.py
prefix_cache_full_gate_baseline.txt
qwen36_dflash2_bisect.py
qwen36_dflash2_cache_check.py
qwen36_dflash2_conv_parity.cu
qwen36_dflash2_conv_parity_check.py
qwen36_dflash2_conv_sweep.py
qwen36_dflash2_deep_parity.py
qwen36_dflash2_engine_faithfulness.py
qwen36_dflash2_fp8_bf16_tapdiff.py
qwen36_dflash2_gsm_sweep.py
qwen36_dflash2_parity_io.h
qwen36_dflash2_round_parity.py
qwen36_dflash2_selector_case.py
qwen36_dflash2_selector_real_case.py
qwen36_dflash2_specforge_bisect.py
qwen36_dflash2_stage_diff.py
qwen36_dflash2_torch_parity.py
qwen36_dflash2_vllm_input_parity.py
qwen36_dflash2_w34_crosscheck.cu
qwen36_dflash2_w34_oracle.py
qwen36_dspark_acceptance_profile.py
qwen36_dspark_context_probe.py
qwen36_dspark_contract_sweep.py
qwen36_dspark_e2e_parity.py
qwen36_dspark_lattice_stage.py
qwen36_dspark_reference.py
qwen36_dspark_round_audit.py
qwen36_dspark_stagepack.py
qwen36_dspark_trajectory_bisect.py
qwen36_multirow_dot_bench.cu
qwen36_native_linear_bench.cu
qwen36_native_staged_bench.cu
qwen36_native_warp_specialized_bench.cu
qwen36_stagepack.py
qwen36_stagepack_mx_repack.py
qwen36_stagepack_rans.c
qwen38_stagepack.py
qwen38_timing_probe.c
qwen38_tp4_bench.c
qwen38_tp4_collective_bench.c
qwen38_tp4_e2e.c
qwen38_tp4_nccl_bench.c
run_prefix_cache_full_gate.sh
runtime
spark_hardware_qualify.py
spark_node_layout.json
spark_pack_common.py
sparkpipe_api_stress.py
sparkpipe_driver_inspect.c
sparkpipe_dsv4_driver_cuda_smoke.c
sparkpipe_github_pat.sh
sparkpipe_glm52_tokenize.c
sparkpipe_model_compile.c
sparkpipe_module_publish.c
sparkpipe_release_assemble.py
sparkpipe_tokenize_prompt.c
sparkpipe_tokenizer_benchmark.c
sparkpipe_tool_file.h
validate_dsv4_tp16_pack.sh
verify_dsv4_ga_reference_fixture.py
verify_package_manifest.py
verify_source_archive.py

/Users/mac/sparkpipe/tools/fleet/:
lane_runner.sh
lanes
status.sh
[0m
Lane file confirms remaining steps: single-rank boot test → 8-rank bring-up → O128 receipt → DFlash2 speculator. Now let me learn the boot mechanics from prior lanes and tooling.
[0m$ [0mls /Users/mac/sparkpipe/docs/ | head -60; ls /Users/mac/sparkpipe/tools/devcycle/
ARCHITECTURE_MAP.md
BACKLOG.md
CLIENT_B1_BUBBLE.md
CODEX_RUNBOOK.md
DATAFILE_NAMING.md
DFLASH2_ADOPTION_SPEC.md
DFLASH2_BENCH_PLAN.md
DFLASH2_HANDOFF.md
DFLASH2_SGLANG_ANALYSIS.md
DRY_CONSOLIDATION_PLAN.md
DSPARK_DSV4_FLASH_DESIGN.md
DSPARK_K_SWEEP_RECEIPT_20260817.md
DSPARK_K_SWEEP_RUNBOOK.md
DSPARK_MEASUREMENT_RECEIPT_20260817.md
DSPARK_RING_VERDICT.md
DSPARK_SCRATCH_KV_HANDOFF.md
DSPARK_VERIFY_HANDOFF.md
DSV4_FLASH_TP4_PP4.md
GLM52_B12X_PACK_WORKER_PROTOCOL.md
GLM52_B12X_RESIDENT_MOE_PACK.md
GLM52_SM121_REQUIRED_CUDA_MODULE.md
GLM52_TP8_BRINGUP_PLAN.md
HARDWARE_TOPOLOGY.md
HOST_SIDE_B1_BREAKDOWN.md
HWIFACE_ADOPTION_MATRIX.md
INCIDENT_RECOVERY_PLAYBOOK.md
K3_GATE_RECONCILIATION.md
K3_PACK_FORMAT_V2.md
K3_PERF.md
K3_TP16_E2E_RUN_PLAN.md
K3_TP16_REPACK.md
K3_TP4PP4_PREP.md
K3_WEIGHT_ONLY_MXFP4.md
KERNEL_CONTRACT_CARDS.md
KERNEL_NEXT_STEPS.md
KERNEL_PLAYBOOK.md
KVCACHE_SUBSYSTEM_BOUNDARY.md
MAIN_UNIFIED_DIVERGENCE_PLAN.md
MODEL_SUPPORT.md
MODULE_MAP.md
P1P2_SINGLE_SPARK_RESULTS.md
PACKER_CORE_PLAN.md
PAIRED_DUAL_LINK_ALLREDUCE.md
PERF_DASHBOARD.md
PROPOSAL_ADMISSION_CORE.md
PROPOSAL_BOOT_UNBLOCK.md
PROPOSAL_DSV4_PRO_DSPARK_PASS.md
PROPOSAL_DSV4_PRO_SERIAL_TP1.md
PROPOSAL_DSV4_PRO_SINGLE_SPARK.md
PROPOSAL_DSV4_TREE_ADOPTION.md
PROPOSAL_GLM52_JIT_KV_MIGRATION.md
PROPOSAL_GLM52_PAGE_TABLE_DATAFLOW.md
PROPOSAL_KV_SEAM.md
PROPOSAL_RING_WINDOW_HOOK.md
QWEN36_TP4_PERF.md
QWEN38-27B_HILLCLIMB.md
QWEN38_B16_INCIDENT_FINDINGS.md
QWEN38_DFLASH2_RUNBOOK.md
QWEN38_MAX_AUDIT.md
QWEN38_MAX_BRINGUP.md
README-glm52.md
README.md
archive_ga_pro_cold.sh
batches
bbench.sh
boot-unblock
build_pro_remote.sh
build_remote.sh
bw_probe.cu
deploy_pro.sh
download_ga_pro.sh
drivers
ds4_fastboot_fix.sh
dsv4_pro_ga_migration.md
dsv4_pro_inference_path_audit.md
dsv4_pro_kv_cache_audit.md
dsv4_pro_kv_codec_plan.md
dsv4_pro_performance_estimate.md
dsv4_pro_performance_plan.md
dsv4_pro_selectability.md
dsv4_pro_single_spark_receipts.md
fabric_probe_pro.sh
finish_ga_download.sh
finish_ga_parallel.sh
first_decode_pro.sh
fix_validation_pro.py
fleet_registry.json
fleet_status.sh
ga_cold_manifest.py
ga_missing_files.py
k3_serial_tp_replay.sh
migrate_dev_system.sh
preflight_pro.sh
probe_adapter.c
publish_validator_wrapper.sh
rankpacks_ship_pro.sh
show_node_context.py
sparkpipe-fsck-health.service
sparkpipe_fleet_root.pub
sparkpipe_fsck_health.sh
sparkpipe_model_residentd.service
split_ship_pro.sh
stage_ds4_fastboot_grub.sh
templates
validate_ga_pro.sh
verify_rank_packs_pro.sh
[0m
[0m✱ [0mGrep "residentd"[90m in docs · 100 matches[0m
[0m→ [0mRead docs/GLM52_TP8_BRINGUP_PLAN.md
The GLM52_TP8_BRINGUP_PLAN.md is the canonical runbook for this lane. Reading it now.
[0m
[0m$ [0mgrep -n "rank.index\|rank_index\|--deployment\|argc\|argv\|RELEASE_GENERATION\|RELEASE_GIT_COMMIT\|RELEASE_ID" /Users/mac/sparkpipe/node/model_residentd.c | head -40
62:	uint32_t rank_index;
64:	uint32_t previous_rank_index;
65:	uint32_t next_rank_index;
79:	uint32_t rank_index;
267:	fprintf(stderr,"usage: %s --deployment PATH --rank-index N\n",program);
290:	launch->rank_index = SPARK_MODEL_RESIDENTD_UNSET_UINT32;
294:		if ( strcmp(arguments[index],"--deployment") == 0 )
296:		else if ( strcmp(arguments[index],"--rank-index") == 0 && launch->rank_index == SPARK_MODEL_RESIDENTD_UNSET_UINT32 )
297:			status = SparkModelResidentdParseUnsigned(arguments[index + 1],&launch->rank_index);
301:	return(status == SPARK_STATUS_OK && launch->deployment_path != 0 && launch->rank_index != SPARK_MODEL_RESIDENTD_UNSET_UINT32 ? SPARK_STATUS_OK : SPARK_STATUS_INVALID_ARGUMENT);
306:	uint32_t rank_index,
311:	node = SparkModelResidentDeploymentFindRank(deployment,rank_index);
341:	configuration->rank_index = node->rank_index;
343:	configuration->previous_rank_index = previous != 0 ? previous->rank_index : SPARK_PIPELINE_RUNTIME_NO_RANK;
344:	configuration->next_rank_index = next != 0 ? next->rank_index : SPARK_PIPELINE_RUNTIME_NO_RANK;
1131:	adapter_configuration.rank_index = configuration->rank_index;
1200:		fanout_node.rank_index = configuration->rank_index;
1209:	linear_node.rank_index = configuration->rank_index;
1216:		previous = configuration->rank_index >= group_size ?
1218:				configuration->rank_index - group_size) : 0;
1219:		next = configuration->rank_index + group_size < descriptor->stage_count ?
1221:				configuration->rank_index + group_size) : 0;
1222:		if ( (configuration->rank_index >= group_size && previous == 0) ||
1223:			(configuration->rank_index + group_size < descriptor->stage_count &&
1226:		linear_node.previous_rank_index = previous != 0 ? previous->rank_index :
1228:		linear_node.next_rank_index = next != 0 ? next->rank_index :
1237:	linear_node.previous_rank_index = configuration->previous_rank_index;
1238:	linear_node.next_rank_index = configuration->next_rank_index;
1738:	status = SparkModelResidentIpcValidateHello(hello,message_bytes,runtime->rank_plan.rank_index,runtime->rank_plan.stage_index,runtime->adapter_library.adapter_interface.descriptor);
1740:		hello->header.message_id,status,runtime->rank_plan.rank_index,
2325:		fprintf(stderr,"model_residentd adapter_submit status=%s rank=%u stage=%u submission=%llu kind=%u rows=%u lanes=%u\n",SparkStatusToString(status),runtime->rank_plan.rank_index,runtime->rank_plan.stage_index,(unsigned long long)route->submission.submission_id,route->submission.work_kind,route->submission.row_count,route->submission.active_sequence_count);
2612:		fprintf(stderr,"model_residentd progress stage=routes-pre status=%s rank=%u\n",SparkStatusToString(status),runtime->rank_plan.rank_index);
2616:		fprintf(stderr,"model_residentd progress stage=input-transport-pre status=%s rank=%u\n",SparkStatusToString(status),runtime->rank_plan.rank_index);
2620:		fprintf(stderr,"model_residentd progress stage=output-transport-pre status=%s rank=%u\n",SparkStatusToString(status),runtime->rank_plan.rank_index);
2624:		fprintf(stderr,"model_residentd progress stage=routes-mid status=%s rank=%u\n",SparkStatusToString(status),runtime->rank_plan.rank_index);
2628:		fprintf(stderr,"model_residentd progress stage=routes-adapter status=%s rank=%u\n",SparkStatusToString(status),runtime->rank_plan.rank_index);
2638:		fprintf(stderr,"model_residentd progress stage=input-transport-post status=%s rank=%u\n",SparkStatusToString(status),runtime->rank_plan.rank_index);
2642:		fprintf(stderr,"model_residentd progress stage=output-transport-post status=%s rank=%u\n",SparkStatusToString(status),runtime->rank_plan.rank_index);
2646:		fprintf(stderr,"model_residentd progress stage=routes-final status=%s rank=%u\n",SparkStatusToString(status),runtime->rank_plan.rank_index);
2793:		status = SparkModelResidentdBuildConfiguration(&deployment,launch.rank_index,&configuration);
[0m
[0m→ [0mRead tools/devcycle/bbench.sh[90m [offset=40, limit=70][0m
Plan understood. Lane steps 1–3 done (probe, seed+ship, sha gate). Next: **single-rank boot test**. Let me check how residentd handles solo boots and get the exact launch env from prior patterns.
[0m→ [0mRead node/model_residentd.c[90m [offset=2700, limit=130][0m
[0m
[0m$ [0mgrep -n "initialize_phase" /Users/mac/sparkpipe/node/model_residentd.c | head -30
217:	const char *initialize_phase;
1252:	runtime->initialize_phase = "adapter_load";
1256:		runtime->initialize_phase = "deployment_validation";
1261:		runtime->initialize_phase = "runtime_limits";
1266:		runtime->initialize_phase = "transport_contract";
1282:		runtime->initialize_phase = "rank_plan";
1287:		runtime->initialize_phase = "transport_load";
1309:		runtime->initialize_phase = "transport_open";
1314:		runtime->initialize_phase = "host_storage";
1319:		runtime->initialize_phase = "cuda_storage";
1324:		runtime->initialize_phase = "wake_pipe";
1329:		runtime->initialize_phase = "adapter_initialize";
1334:		runtime->initialize_phase = "control_listener";
2818:		fprintf(stderr,"model_residentd initialize=%s status=%u phase=%s rank=%u stage=%u\n",SparkStatusToString(status),(uint32_t)status,runtime.initialize_phase != 0 ? runtime.initialize_phase : "reset",configuration.rank_index,configuration.stage_index);
[0m
Boot path confirmed: `Initialize` → prints `model_residentd ready` → run loop. Now checking whether peer transports are fatal-at-boot for a solo rank:
[0m→ [0mRead node/model_residentd.c[90m [limit=95, offset=1252][0m
[0m
[0m$ [0mgrep -rn "SPARKPIPE_RELEASE_GENERATION" /Users/mac/sparkpipe/src /Users/mac/sparkpipe/node /Users/mac/sparkpipe/runtime 2>/dev/null | head -5
(no output)
[0m
Transport-open behavior understood; sequential boot tolerance matches devcycle pattern (`sleep 6` between launches). Quick check that release env vars are metadata-only, then verify SSH reachability before booting:
[0m$ [0mfor h in spark8 spark9 sparka sparkb spark1 sparkd sparke sparkf; do ssh -o BatchMode=yes -o ConnectTimeout=5 "$h" 'hostname' 2>&1 | tr '\n' ' '; done; echo
spark8 spark9 sparka sparkb spark1 sparkd sparke sparkf
[0m
All 8 hosts reachable. Release env is metadata-only. Now running the **single-rank boot test**: pre-flight then solo rank-0 boot on spark8.
[0m$ [0mssh -o BatchMode=yes spark8 '
nvidia-smi -L || exit 1
pgrep -af "bin/sparkpipe_model_residentd" && { echo RESIDENTD_RUNNING; exit 1; }
ss -ltnH | grep -E ":(1948[0-7]|6362[0-7]|60[0-9][0-9][0-9]) " && { echo PORTS_BUSY; exit 1; }
echo PREFLIGHT_OK; ls ~/sparkdata/glm52.tp8.fp8/bin ~/sparkdata/glm52.tp8.fp8/lib'
GPU 0: NVIDIA GB10 (UUID: GPU-0301c3ec-0487-a1ee-629e-14bdd719fe0a)
1769398 bash -c  nvidia-smi -L || exit 1 pgrep -af "bin/sparkpipe_model_residentd" && { echo RESIDENTD_RUNNING; exit 1; } ss -ltnH | grep -E ":(1948[0-7]|6362[0-7]|60[0-9][0-9][0-9]) " && { echo PORTS_BUSY; exit 1; } echo PREFLIGHT_OK; ls ~/sparkdata/glm52.tp8.fp8/bin ~/sparkdata/glm52.tp8.fp8/lib
RESIDENTD_RUNNING
[0m
False positive — pgrep matched its own collapsed cmdline (known artifact, plan §1). Re-running with bracket pattern and proper separators:
[0m$ [0mssh -o BatchMode=yes spark8 'nvidia-smi -L >/dev/null && echo GPU_OK; pgrep -af "[b]in/sparkpipe_model_residentd" || echo NO_RESIDENTD; ss -ltnH | grep -E ":(1948[0-7]|6362[0-7]) " || echo PORTS_FREE; ls ~/sparkdata/glm52.tp8.fp8/bin ~/sparkdata/glm52.tp8.fp8/lib'
GPU_OK
NO_RESIDENTD
PORTS_FREE
/home/spark8/sparkdata/glm52.tp8.fp8/bin:
sparkpipe_model_batch
sparkpipe_model_residentd

/home/spark8/sparkdata/glm52.tp8.fp8/lib:
hidden_transport.so
model_driver.so
model_serving_adapter.so
[0m
spark8 clean. Launching solo rank-0 residentd and polling for readiness:
[0m$ [0mssh -o BatchMode=yes spark8 'cd ~/sparkdata/glm52.tp8.fp8 && export LD_LIBRARY_PATH=$PWD/lib:$LD_LIBRARY_PATH SPARKPIPE_RELEASE_GENERATION=20260825000000 SPARKPIPE_RELEASE_GIT_COMMIT=glm52-tp8-bringup SPARKPIPE_RELEASE_ID=glm52-tp8-bringup-r0solo; setsid -f bin/sparkpipe_model_residentd --deployment config/model_resident.json --rank-index 0 >/tmp/glm52-tp8-rank0.log 2>&1 </dev/null; echo LAUNCHED'
LAUNCHED
[0m
[0m$ [0mfor i in $(seq 1 30); do if ssh -o BatchMode=yes spark8 'grep -q "model_residentd ready" /tmp/glm52-tp8-rank0.log 2>/dev/null || grep -q "model_residentd initialize" /tmp/glm52-tp8-rank0.log 2>/dev/null'; then break; fi; sleep 4; done; ssh -o BatchMode=yes spark8 'echo "--- log:"; cat /tmp/glm52-tp8-rank0.log; echo "--- listener:"; ss -ltnH | grep -E ":19480 " || echo NO_LISTENER; pgrep -af "[b]in/sparkpipe_model_residentd" | head -2'
--- log:
model_residentd initialize=schema_error status=6 phase=adapter_initialize rank=0 stage=0
model_residentd route_failed status=4 reason=9 work_kind=0 submission=0
--- listener:
NO_LISTENER
[0m
[0m$ [0mls /Users/mac/sparkpipe/src/ | grep -i glm; grep -n "InitializeAdapter" /Users/mac/sparkpipe/node/model_residentd.c | head
1123:static SparkStatus SparkModelResidentdInitializeAdapter(
1330:		status = SparkModelResidentdInitializeAdapter(runtime,configuration);
[0m
Solo boot **failed**: `initialize=schema_error status=6 phase=adapter_initialize`. Need to find what schema check fails inside the GLM52 adapter init:
[0m→ [0mRead node/model_residentd.c[90m [limit=130, offset=1123][0m
[0m
[0m$ [0mfind /Users/mac/sparkpipe -name "*glm52*serving*" -o -name "*serving*adapter*" | grep -v build | head
/Users/mac/sparkpipe/tools/devcycle/drivers/base/model_serving_adapter.so
/Users/mac/sparkpipe/include/sparkpipe/spark_model_serving_adapter.h
/Users/mac/sparkpipe/runtime/model_serving_adapter.c
/Users/mac/sparkpipe/tests/test_dsv4_serving_adapter.c
/Users/mac/sparkpipe/tests/test_k3_serving_adapter_smoke.c
/Users/mac/sparkpipe/tests/test_dsv4_tp16_serving_adapter.c
/Users/mac/sparkpipe/tests/test_model_serving_adapter.c
/Users/mac/sparkpipe/tests/fixtures/qwen38_serving_adapter_driver.c
/Users/mac/sparkpipe/tests/fixtures/qwen38_serving_adapter_config_squeezed.json
/Users/mac/sparkpipe/tests/fixtures/dsv4_tp16_serving_adapter_config.json
[0m
[0m$ [0mls /Users/mac/sparkpipe/modules/ 2>/dev/null; grep -rln "schema_error\|SCHEMA_ERROR" /Users/mac/sparkpipe/modules/glm52_resident_decode_stage/ 2>/dev/null | head
dsv4_resident_decode_stage
glm52_dspark_draft_backend
glm52_resident_decode_stage
k3_resident_decode_stage
kv_mooncake
qwen36_resident_decode_stage
qwen38_27b_resident_decode_stage
qwen38_max_resident_decode_stage
qwen38_resident_decode_stage
resident_decode_stage_rules.mk
/Users/mac/sparkpipe/modules/glm52_resident_decode_stage//source/spark_glm52_resident_decode_stage_module.c
/Users/mac/sparkpipe/modules/glm52_resident_decode_stage//source/spark_glm52_serving_adapter.c
[0m
Failure is inside the GLM52 adapter's own initialize. Locating its source:
[0m$ [0mgrep -n "SCHEMA_ERROR\|schema_error" /Users/mac/sparkpipe/modules/glm52_resident_decode_stage/source/spark_glm52_serving_adapter.c | head -30
223:		return(SPARK_STATUS_SCHEMA_ERROR);
237:			return(SPARK_STATUS_SCHEMA_ERROR);
243:		return(SPARK_STATUS_SCHEMA_ERROR);
261:		return(SPARK_STATUS_SCHEMA_ERROR);
266:		status = element < 0 ? SPARK_STATUS_SCHEMA_ERROR :
270:			return(SPARK_STATUS_SCHEMA_ERROR);
291:		return(SPARK_STATUS_SCHEMA_ERROR);
298:			return(SPARK_STATUS_SCHEMA_ERROR);
301:			return(SPARK_STATUS_SCHEMA_ERROR);
306:			status = host_element < 0 ? SPARK_STATUS_SCHEMA_ERROR :
373:		return(SPARK_STATUS_SCHEMA_ERROR);
376:		return(SPARK_STATUS_SCHEMA_ERROR);
384:		return(SPARK_STATUS_SCHEMA_ERROR);
391:	status = token < 0 ? SPARK_STATUS_SCHEMA_ERROR :
401:	status = token < 0 ? SPARK_STATUS_SCHEMA_ERROR : SparkJsonGetUInt64(document,token,&collective_identifier);
407:		return(SPARK_STATUS_SCHEMA_ERROR);
411:		return(status == SPARK_STATUS_OK ? SPARK_STATUS_SCHEMA_ERROR : status);
415:		return(status == SPARK_STATUS_OK ? SPARK_STATUS_SCHEMA_ERROR : status);
418:		return(status == SPARK_STATUS_OK ? SPARK_STATUS_SCHEMA_ERROR : status);
421:		return(SPARK_STATUS_SCHEMA_ERROR);
424:		return(SPARK_STATUS_SCHEMA_ERROR);
430:		status = element < 0 ? SPARK_STATUS_SCHEMA_ERROR : SparkJsonCopyString(document,element,&host);
438:			return(status == SPARK_STATUS_OK ? SPARK_STATUS_SCHEMA_ERROR : status);
442:		return(SPARK_STATUS_SCHEMA_ERROR);
445:		return(SPARK_STATUS_SCHEMA_ERROR);
449:		status = element < 0 ? SPARK_STATUS_SCHEMA_ERROR : SparkJsonGetUInt32(document,element,&port);
451:			return(status == SPARK_STATUS_OK ? SPARK_STATUS_SCHEMA_ERROR : status);
459:			return(SPARK_STATUS_SCHEMA_ERROR);
477:			status = SPARK_STATUS_SCHEMA_ERROR;
508:		status = SPARK_STATUS_SCHEMA_ERROR;
[0m
[0m$ [0mgrep -n "SparkGlm52.*Initialize\|static SparkStatus SparkGlm52\|json_parse\|ParseStage\|LoadConfiguration\|spark_model_serving_adapter_initialize" /Users/mac/sparkpipe/modules/glm52_resident_decode_stage/source/spark_glm52_serving_adapter.c | head -40
213:static SparkStatus SparkGlm52ServingLoadTpAlgorithms(
248:static SparkStatus SparkGlm52ServingLoadTpStepRails(
276:static SparkStatus SparkGlm52ServingLoadTpRailHosts(
320:static SparkStatus SparkGlm52ServingValidateTpCollectiveMembers(
351:static SparkStatus SparkGlm52ServingLoadTpCollective(
489:static SparkStatus SparkGlm52ServingLoadConfiguration(
574:	(void)fprintf(stderr,"GLM52-ADAPTER LoadConfiguration rc=%d\n",(int)status);
578:static SparkStatus SparkGlm52ServingValidateRowOrder(
823:static SparkStatus SparkGlm52ServingLoadDriver(
864:static SparkStatus SparkGlm52ServingValidateConfiguration(
889:static SparkStatus SparkGlm52ServingPolicyDraftFunction(
894:static SparkStatus SparkGlm52ServingArmSpeculation(SparkGlm52ServingState *state,uint32_t tp_degree)
933:	status = SparkGlm52DsparkInitialize(&state->speculator,&configuration);
946:static SparkStatus SparkGlm52ServingPolicyDraftFunction(
977:static SparkStatus SparkGlm52ServingInitialize(
1004:	status = SparkGlm52ServingLoadConfiguration(configuration->adapter_configuration_path,configuration->runtime_root,state,&max_sequence_positions,&execution_row_capacity,&tp_degree,&tp_rank);
1050:static SparkStatus SparkGlm52ServingValidateBoundaries(
1061:static SparkStatus SparkGlm52ServingValidateSubmission(
1144:static SparkStatus SparkGlm52ServingSubmitSpeculativeFrame(
1176:static SparkStatus SparkGlm52ServingSubmitSpeculative(
1297:static SparkStatus SparkGlm52ServingPrepareVerifyDrafts(
1363:static SparkStatus SparkGlm52ServingAdmit(
1379:static SparkStatus SparkGlm52ServingSubmit(
1417:static SparkStatus SparkGlm52ServingQuiesce(
1437:static SparkStatus SparkGlm52ServingSnapshot(
1476:	.initialize = SparkGlm52ServingInitialize,
[0m
Adapter's config parser has many SCHEMA_ERROR sites. Let me map its initialize path against the staged config to find the failing field:
[0m→ [0mRead modules/glm52_resident_decode_stage/source/spark_glm52_serving_adapter.c[90m [limit=130, offset=489][0m
[0m→ [0mRead modules/glm52_resident_decode_stage/source/spark_glm52_serving_adapter.c[90m [limit=75, offset=977][0m
The log lacks the `GLM52-ADAPTER LoadConfiguration rc=` line, so failure is **before** config load. Checking what Initialize does first:
[0m→ [0mRead modules/glm52_resident_decode_stage/source/spark_glm52_serving_adapter.c[90m [limit=115, offset=823][0m
No `GLM52-ADAPTER` trace lines at all in the host log — the staged `.so` predates repo-master diagnostics. Most likely a config/member mismatch. Pulling the actual stage configs to diff coordinator vs sibling:
[0m
[0m$ [0mssh -o BatchMode=yes spark8 'cat ~/sparkdata/glm52.tp8.fp8/config/glm52_stage.json' > /tmp/glm52_stage_spark8.json; ssh -o BatchMode=yes sparkd 'cat ~/sparkdata/glm52.tp8.fp8/config/glm52_stage.json' > /tmp/glm52_stage_sparkd.json; diff <(jq -S 'del(.tp_rank,.stage_pack_path,.tp_collective.listen_port)' /tmp/glm52_stage_spark8.json) <(jq -S 'del(.tp_rank,.stage_pack_path,.tp_collective.listen_port)' /tmp/glm52_stage_sparkd.json) && echo SIBLING_MATCH; jq . /tmp/glm52_stage_spark8.json | head -50
SIBLING_MATCH
{
  "schema_version": 4,
  "model_revision": "b4734de4facf877f85769a911abafc5283eab3d9",
  "expert_weight_codec": "fp8",
  "stage_pack_path": "packs/glm52_tp8_rank00.fp8.glms52sp",
  "max_sequence_positions": 4096,
  "execution_row_capacity": 16,
  "tp_degree": 8,
  "tp_rank": 0,
  "speculation_enabled": false,
  "speculation_draft_count": 6,
  "dspark_pack_path": "packs/glm52_dspark_draft_reference.glms52sp",
  "tp_collective": {
    "backend": "hidden_transport",
    "backend_module_path": "lib/hidden_transport.so",
    "collective_identifier": 8811223344556678,
    "listen_port": 63620,
    "connect_timeout_milli": 180000,
    "operation_timeout_milli": 30000,
    "peer_hosts": [
      "spark8",
      "spark9",
      "sparka",
      "sparkb",
      "spark1",
      "sparkd",
      "sparke",
      "sparkf"
    ],
    "peer_ports": [
      63620,
      63621,
      63622,
      63623,
      63624,
      63625,
      63626,
      63627
    ],
    "algorithms": [
      "recursive_doubling"
    ],
    "direct_all_to_all_max_payload_bytes": 0,
    "split_ring_min_payload_bytes": 0,
    "rail_peer_hosts": [
      [
        "spark8",
        "spark9",
        "sparka",
        "sparkb",
[0m
[0m$ [0mls -la /Users/mac/sparkpipe/qualification/glm52/performance/ 2>/dev/null; ls /Users/mac/sparkpipe/qualification/glm52/performance/tp8_b8_20260816/ 2>/dev/null
total 0
drwxr-xr-x  5 mac  staff  160 Aug 25 17:21 .
drwxr-xr-x  3 mac  staff   96 Aug 25 14:21 ..
drwxr-xr-x  8 mac  staff  256 Aug 25 14:21 tp8_b16_20260816
drwxr-xr-x  9 mac  staff  288 Aug 25 14:21 tp8_b8_20260816
drwxr-xr-x  4 mac  staff  128 Aug 25 17:24 tp8_bringup_20260825
glm52-b128d.stderr
glm52-b8-toks.txt
glm52-b8.stderr
glm52-b8.stdout
glm52-multi.stderr
glm52-multi.stdout
glm52-toks.txt
[0m
Configs are consistent host-to-host — so the mismatch is between the staged `.so` vintage and something else. Checking the Aug-16 successful-boot receipts and binary provenance:
[0m$ [0mssh -o BatchMode=yes spark8 'sha256sum ~/sparkdata/glm52.tp8.fp8/lib/model_serving_adapter.so ~/sparkdata/glm52.tp8.fp8/lib/model_driver.so ~/sparkdata/glm52.tp8.fp8/lib/hidden_transport.so ~/sparkdata/glm52.tp8.fp8/bin/sparkpipe_model_residentd; ls -la ~/sparkdata/glm52.tp8.fp8/lib ~/sparkdata/glm52.tp8.fp8/bin'
2d053600a94d02538d29ab87633872c00eca12c281da6910d0f4ced7406868fe  /home/spark8/sparkdata/glm52.tp8.fp8/lib/model_serving_adapter.so
61419c824c8da9627e5acafe3c9b45e16cb52abf3e7d62fc3d5621e45d8a2abf  /home/spark8/sparkdata/glm52.tp8.fp8/lib/model_driver.so
c49899c8e20a1a3a2eeb0b6d6c37b3c22f522c6455b2d8d213dcb20707f3e1f1  /home/spark8/sparkdata/glm52.tp8.fp8/lib/hidden_transport.so
89bdf769f01b7f3a354bb01d53e46614c81c0852e6f80d245e870a667979cdd2  /home/spark8/sparkdata/glm52.tp8.fp8/bin/sparkpipe_model_residentd
/home/spark8/sparkdata/glm52.tp8.fp8/bin:
total 1204
drwxrwxr-x 2 spark8 spark8   4096 Aug 15 18:42 .
drwxr-xr-x 6 spark8 spark8   4096 Aug 25 17:42 ..
-rwxrwxr-x 1 spark8 spark8 744128 Aug 25 14:38 sparkpipe_model_batch
-rwxrwxr-x 1 spark8 spark8 477544 Aug 25 14:38 sparkpipe_model_residentd

/home/spark8/sparkdata/glm52.tp8.fp8/lib:
total 2880
drwxrwxr-x 2 spark8 spark8    4096 Aug 25 22:01 .
drwxr-xr-x 6 spark8 spark8    4096 Aug 25 17:42 ..
-rwxrwxr-x 1 spark8 spark8  200840 Aug 25 14:38 hidden_transport.so
-rw-rw-r-- 1 spark8 spark8 2373976 Aug 25 22:01 model_driver.so
-rwxrwxr-x 1 spark8 spark8  358584 Aug 25 22:23 model_serving_adapter.so
[0m
[0m$ [0mls -la /Users/mac/sparkpipe/build/ 2>/dev/null | grep -Ei "glm|adapter|driver|resident" | head -20; shasum -a 256 /Users/mac/sparkpipe/build/*.so 2>/dev/null | head
-rwxr-xr-x    1 mac  staff   80208 Aug  8 18:55 libdsv4_serving_adapter.dylib
drwxr-xr-x@   3 mac  staff      96 Aug  6 05:30 libdsv4_serving_adapter.dylib.dSYM
-rw-r--r--@   1 mac  staff   54384 Aug  6 05:30 libglm52_host.a
-rwxr-xr-x    1 mac  staff   82432 Aug  8 19:03 libqwen36_serving_adapter.dylib
drwxr-xr-x    3 mac  staff      96 Aug  8 18:52 libqwen36_serving_adapter.dylib.dSYM
-rwxr-xr-x    1 mac  staff   40088 Aug  8 18:55 sparkpipe_driver_inspect
drwxr-xr-x    3 mac  staff      96 Aug  8 18:55 sparkpipe_driver_inspect.dSYM
-rwxr-xr-x    1 mac  staff   81144 Aug  8 18:55 sparkpipe_glm52_tokenize
drwxr-xr-x    3 mac  staff      96 Aug  8 18:55 sparkpipe_glm52_tokenize.dSYM
-rwxr-xr-x    1 mac  staff  109480 Aug  8 18:55 sparkpipe_model_residentd
drwxr-xr-x@   3 mac  staff      96 Aug  6 05:30 sparkpipe_model_residentd.dSYM
drwxr-xr-x    6 mac  staff     192 Aug  8 19:23 test_driver_archive
-rwxr-xr-x    1 mac  staff  165096 Aug  8 18:55 test_driver_compiler
drwxr-xr-x@   3 mac  staff      96 Aug  6 05:30 test_driver_compiler.dSYM
drwxr-xr-x    6 mac  staff     192 Aug  8 19:23 test_driver_cpu
drwxr-xr-x    6 mac  staff     192 Aug  8 19:23 test_driver_cpu_second
drwxr-xr-x    5 mac  staff     160 Aug  8 19:23 test_driver_library
drwxr-xr-x    3 mac  staff      96 Aug  8 19:23 test_driver_missing
drwxr-xr-x    4 mac  staff     128 Aug  8 19:23 test_driver_package
drwxr-xr-x    2 mac  staff      64 Aug  8 19:23 test_driver_package_missing
[0m
Smoking gun: `model_driver.so` (22:01) and `model_serving_adapter.so` (22:23) on spark8 were **replaced today**, minutes before my boot, while bins are from 14:38. The adapter also lost its exec bit, and its stderr signature matches neither the Aug-15 build nor repo master. Checking binary provenance across repo build dir and sibling hosts:
[0m$ [0mfor h in spark9 sparkd sparkf sparke; do ssh -o BatchMode=yes $h 'ls -la ~/sparkdata/glm52.tp8.fp8/lib/ | grep -E "model_driver|model_serving"; sha256sum ~/sparkdata/glm52.tp8.fp8/lib/model_serving_adapter.so' 2>&1 | sed "s/^/$h: /"; done
spark9: -rw-rw-r-- 1 spark9 spark9 2373976 Aug 25 22:01 model_driver.so
spark9: -rwxrwxr-x 1 spark9 spark9  358584 Aug 25 22:23 model_serving_adapter.so
spark9: 2d053600a94d02538d29ab87633872c00eca12c281da6910d0f4ced7406868fe  /home/spark9/sparkdata/glm52.tp8.fp8/lib/model_serving_adapter.so
sparkd: -rw-rw-r-- 1 sparkd sparkd 2373976 Aug 25 22:01 model_driver.so
sparkd: -rwxrwxr-x 1 sparkd sparkd  358584 Aug 25 22:23 model_serving_adapter.so
sparkd: 2d053600a94d02538d29ab87633872c00eca12c281da6910d0f4ced7406868fe  /home/sparkd/sparkdata/glm52.tp8.fp8/lib/model_serving_adapter.so
sparkf: -rw-rw-r-- 1 sparkf sparkf 2373976 Aug 25 22:01 model_driver.so
sparkf: -rwxrwxr-x 1 sparkf sparkf  358584 Aug 25 22:23 model_serving_adapter.so
sparkf: 2d053600a94d02538d29ab87633872c00eca12c281da6910d0f4ced7406868fe  /home/sparkf/sparkdata/glm52.tp8.fp8/lib/model_serving_adapter.so
sparke: -rwxrwxr-x 1 sparke sparke 2373976 Aug 25 22:01 model_driver.so
sparke: -rwxrwxr-x 1 sparke sparke  358584 Aug 25 22:23 model_serving_adapter.so
sparke: 2d053600a94d02538d29ab87633872c00eca12c281da6910d0f4ced7406868fe  /home/sparke/sparkdata/glm52.tp8.fp8/lib/model_serving_adapter.so
[0m
[0m$ [0mdate; ssh -o BatchMode=yes sparke 'ls -lat ~/srcdata/ 2>/dev/null | head; ls -lat /tmp/ 2>/dev/null | head -15; find ~ -maxdepth 2 -name "*.log" -newermt "2026-08-25 20:00" 2>/dev/null | head'
Tue Aug 25 17:34:54 UTC 2026
total 36
drwxr-x--- 34 sparke sparke  4096 Aug 25 22:00 ..
drwxrwxr-x  2 sparke sparke  4096 Aug 16 19:16 glm52.bf16
drwxrwxr-x  2 sparke sparke  4096 Aug 15 15:26 glm52_tp8_packs
drwxrwxr-x  7 sparke sparke  4096 Aug 15 14:48 .
drwxrwxr-x  2 sparke sparke  4096 Aug 15 14:05 kimi_k3.mxfp4.pp13
drwxrwxr-x  2 sparke sparke 12288 Aug 15 13:04 glm52.fp8.pp13
drwxrwxr-x 11 sparke sparke  4096 Aug 13 03:20 releases
total 212
drwxrwxr-x  2 sparke sparke  4096 Aug 26 02:34 ds4_telemetry
-rw-rw-r--  1 sparke sparke   120 Aug 26 02:22 rank04_src.sha256
drwxrwxrwt 23 root   root   20480 Aug 26 02:21 .
drwxrwxr-x  2 sparke sparke  4096 Aug 25 23:23 glm52_pub.lock
-rwx--x--x  1 sparke sparke  1634 Aug 25 23:23 glm52_publish.sh
drwx------  2 sparke sparke  4096 Aug 25 23:21 tmp.EABTiWhg93
-rw-rw-r--  1 sparke sparke  1545 Aug 25 22:23 glm52_adapter_rebuild.log
-rwx--x--x  1 sparke sparke   959 Aug 25 22:00 glm52_compile_pkg.sh
-rw-rw-r--  1 sparke sparke  2507 Aug 25 21:59 undef.txt
-rw-rw-r--  1 sparke sparke  2795 Aug 25 21:55 dspark_makefile_before
-rwx--x--x  1 sparke sparke  1410 Aug 25 21:53 glm52_publish_full.sh
-rwxrwxr-x  1 sparke sparke  1060 Aug 25 21:41 glm52_publish_finish.sh
-rwx--x--x  1 sparke sparke  1271 Aug 25 21:39 glm52_publish_run.sh
-rw-rw-r--  1 sparke sparke  4333 Aug 25 21:38 glm52_valcheck_r4.log
/home/sparke/build/glm52_publish_finish.log
/home/sparke/build/glm52_package_compile.log
/home/sparke/build/glm52_publish.log
/home/sparke/build/glm52_publish_full.log
[0m
[0m$ [0mgit log --format="%h %ad %s" --date=format:"%m-%d %H:%M" -8 -- modules/glm52_resident_decode_stage/source/spark_glm52_serving_adapter.c; git status --short | head; git log --oneline -5
36cf768 08-23 12:43 peer iteration-3 delivery + fwrite null-guard sweep across cache-path dump sites
7cfc7a6 08-23 06:49 qwen36: fix merge artifacts - remove orphaned duplicate tap-buffer alloc; de-indent GDN prefix snapshot transfer
2bc40c4 08-22 19:30 peer round-2 wave: qwen36 prefix caching + paged KV, shared stagepack reader, glm52 GPU validator restore, k3 TP16 production scripts
7fef3fc 08-17 09:24 glm52: wire JIT-KV frame completion + real backing path (lenient default for pre-existing configs)
4cfa095 08-17 07:24 core: land admission/policy core (4 wrappers + 2 module gates collapse onto one table-driven ladder)
9bd808c 08-16 12:57 glm52: additive TP8 PARALLEL_FANOUT support with proven collective/combine fixes
5e1fef6 08-16 11:27 glm52: TP8 fleet end-to-end (13-submission pipeline green) + root-cause the head zeros: pair-swap fix in combine, tp8 RD partner fix (^4 not ^3) in common collective; GLM52-DBG instrumentation retained for bringup
e6322eb 08-15 20:01 glm52: TP8 fleet bringup fixes - PARALLEL_FANOUT adapter mapping (flat rank -> tp_rank), TP8 algorithm set (RD+split-ring, no direct_all_to_all), credit buffers priced by execution_row_capacity (B1: 1 row), swap tool jq/path fixes
M  .gitignore
M  COORDINATION.md
UU Makefile
M  PACKAGE_MANIFEST.json
M  SHA256SUMS
M  docs/BACKLOG.md
M  docs/DFLASH2_ADOPTION_SPEC.md
M  docs/DFLASH2_HANDOFF.md
M  docs/DRY_CONSOLIDATION_PLAN.md
M  docs/HOST_SIDE_B1_BREAKDOWN.md
c834436 milestone: dsv4-flash serving restored + measured 40.67 tok/s B1 on spark4-7, hash 3/3 correct
c04c010 todo: residentd endpoint connection leak - CLOSE-WAIT accumulation blocks subsequent client sessions
456b45c docs: WBS tracking document (120 tasks across 5 workstreams) + dashboard update
5fab2a7 docs: architecture map pass 6 - K3 driver audit findings (2x P1, 7x P2, 6x DRY)
3c52223 docs: qwen38-max bring-up runbook + AMD gfx950 implementation plan
[0m
All 8 hosts received **identical** new `model_driver.so` + `model_serving_adapter.so` today at 22:01–22:23 — a coordinated redeploy happened minutes ago, outside recorded lane steps. Checking current time, concurrent activity, and build provenance on sparke:
Clocks decoded: spark hosts run UTC+9 — the 22:0x mtimes equal ~13:1x–13:2x UTC, **before** this lane's attempts. No concurrent session; someone rebuilt adapter+driver on sparke earlier today and published fleet-wide. Reading the rebuild/validation logs to learn what these binaries expect:
[0m$ [0mssh -o BatchMode=yes sparke 'cat /tmp/glm52_adapter_rebuild.log; echo ===VALCHECK===; cat /tmp/glm52_valcheck_r4.log'
make: Entering directory '/home/sparke/build/glm52_unified/modules/glm52_resident_decode_stage'
make -C /home/sparke/build/glm52_unified build/libglm52_host.a
make[1]: Entering directory '/home/sparke/build/glm52_unified'
make[1]: 'build/libglm52_host.a' is up to date.
make[1]: Leaving directory '/home/sparke/build/glm52_unified'
cc -std=c11 -Wall -Wextra -Werror -O3 -D_GNU_SOURCE -D_POSIX_C_SOURCE=200809L -D_FILE_OFFSET_BITS=64 -fPIC -shared \
	-I/home/sparke/build/glm52_unified/src -I../../include -I../../model-families/common/include -I../../model-families/glm52/include -I../../modules/glm52_resident_decode_stage/include -I../../modules/glm52_resident_decode_stage/source -I../../modules/glm52_dspark_draft_backend/include -I../.. -DGLM52_EXPERT_WEIGHT_CODEC=5 -DGLM52_EXPERT_CODEC_NAME=\"fp8\" -DGLM52_MODEL_REVISION=\"b4734de4facf877f85769a911abafc5283eab3d9\" -DGLM52_CONTRACT_SHA256=\"ec5afd74d2ba0c913474f30d78209b4a49fa87667845f2968039fddad0fead7a\"  -USPARK_BATCH_BUCKET -DSPARK_BATCH_BUCKET=1024u \
	source/spark_glm52_serving_adapter.c \
	source/spark_glm52_paged_kv.c \
	/home/sparke/build/glm52_unified/build/libsparkpipe_runtime.a \
	/home/sparke/build/glm52_unified/build/libsparkpipe_model_common.a \
	/home/sparke/build/glm52_unified/build/libglm52_host.a \
	/home/sparke/build/glm52_unified/build/libsparkpipe_core.a -ldl -pthread \
	-o "../../build/modules/glm52_resident_decode_stage/fp8/libglm52_serving_adapter_fp8.so"
make: Leaving directory '/home/sparke/build/glm52_unified/modules/glm52_resident_decode_stage'
===VALCHECK===
+ cd /home/sparke/build/glm52_unified/modules/glm52_resident_decode_stage
+ export PATH=/usr/local/cuda-13.0/bin:/usr/local/sbin:/usr/local/bin:/usr/sbin:/usr/bin:/sbin:/bin:/usr/games:/usr/local/games:/snap/bin
+ PATH=/usr/local/cuda-13.0/bin:/usr/local/sbin:/usr/local/bin:/usr/sbin:/usr/bin:/sbin:/bin:/usr/games:/usr/local/games:/snap/bin
+ export CUDA_HOME=/usr/local/cuda-13.0
+ CUDA_HOME=/usr/local/cuda-13.0
+ PACK=/home/sparke/srcdata/glm52_tp8_packs/glm52_tp8_rank06.fp8.glms52sp
++ sha256sum validation/spark_glm52_resident_decode_stage_cuda_validation.cu
++ cut '-d ' -f1
+ VSHA=aed3ae1bbeb065de17c39c8004426a56f7edd42b3c5eba3ea021cd992fc67704
+ RC='SPARK_GLM52_EXPERT_CODEC=fp8 SPARK_GLM52_STAGE_PACK_PATH=/home/sparke/srcdata/glm52_tp8_packs/glm52_tp8_rank06.fp8.glms52sp SPARK_GLM52_STAGE_INDEX=0 SPARK_GLM52_STAGE_MAX_ACTIVE_SEQUENCES=16 SPARK_GLM52_STAGE_MAX_SEQUENCE_POSITIONS=4096 SPARK_GLM52_STAGE_EXECUTION_ROW_CAPACITY=16 SPARK_GLM52_STAGE_PIPELINE_SLOTS=2 SPARK_GLM52_CUDA_VALIDATOR_SHA256=aed3ae1bbeb065de17c39c8004426a56f7edd42b3c5eba3ea021cd992fc67704'
++ printf '%s
' 'SPARK_GLM52_EXPERT_CODEC=fp8 SPARK_GLM52_STAGE_PACK_PATH=/home/sparke/srcdata/glm52_tp8_packs/glm52_tp8_rank06.fp8.glms52sp SPARK_GLM52_STAGE_INDEX=0 SPARK_GLM52_STAGE_MAX_ACTIVE_SEQUENCES=16 SPARK_GLM52_STAGE_MAX_SEQUENCE_POSITIONS=4096 SPARK_GLM52_STAGE_EXECUTION_ROW_CAPACITY=16 SPARK_GLM52_STAGE_PIPELINE_SLOTS=2 SPARK_GLM52_CUDA_VALIDATOR_SHA256=aed3ae1bbeb065de17c39c8004426a56f7edd42b3c5eba3ea021cd992fc67704'
++ cut '-d ' -f1
++ sha256sum
+ CONFIG_SHA=83db8ddd02942db676e5b455c83772b6277a1a0fd58546a3e8c864a0ced34f2d
+ echo 'VALIDATOR_SHA=aed3ae1bbeb065de17c39c8004426a56f7edd42b3c5eba3ea021cd992fc67704 CONFIG_SHA=83db8ddd02942db676e5b455c83772b6277a1a0fd58546a3e8c864a0ced34f2d'
VALIDATOR_SHA=aed3ae1bbeb065de17c39c8004426a56f7edd42b3c5eba3ea021cd992fc67704 CONFIG_SHA=83db8ddd02942db676e5b455c83772b6277a1a0fd58546a3e8c864a0ced34f2d
+ env SPARK_GLM52_EXPERT_CODEC=fp8 SPARK_GLM52_STAGE_PACK_PATH=/home/sparke/srcdata/glm52_tp8_packs/glm52_tp8_rank06.fp8.glms52sp SPARK_GLM52_STAGE_INDEX=0 SPARK_GLM52_STAGE_MAX_ACTIVE_SEQUENCES=16 SPARK_GLM52_STAGE_MAX_SEQUENCE_POSITIONS=4096 SPARK_GLM52_STAGE_EXECUTION_ROW_CAPACITY=16 SPARK_GLM52_STAGE_PIPELINE_SLOTS=2 SPARK_GLM52_CUDA_VALIDATOR_SHA256=aed3ae1bbeb065de17c39c8004426a56f7edd42b3c5eba3ea021cd992fc67704 bash validation/validate_glm52_resident_decode_stage_cuda.sh 83db8ddd02942db676e5b455c83772b6277a1a0fd58546a3e8c864a0ced34f2d /home/sparke/build/glm52_unified/build/modules/glm52_resident_decode_stage/fp8/libglm52_resident_decode_stage_fp8_b1.a
make: Entering directory '/home/sparke/build/glm52_unified'
make: 'build/libsparkpipe_core.a' is up to date.
make: 'build/libsparkpipe_runtime.a' is up to date.
make: Leaving directory '/home/sparke/build/glm52_unified'
glm52_validation check=layer_forward_hidden elements=6144 relative_l2=0.00603604963 cosine=0.999981849 max_abs=0.001953125
glm52_validation check=layer_forward_residual elements=6144 relative_l2=0.0035535041 cosine=0.999993692 max_abs=0.001953125
glm52_validation check=determinism elements=12288 bit_exact=1
glm52_validation tier=dense PASS
glm52_validation check=routed_selection token=0 experts=5,1,0,3,7,6,4,2
glm52_validation check=routed_selection token=1 experts=1,7,5,3,4,0,6,2
glm52_validation check=routed_selection_set elements=16 exact=1 max_weight_delta=6.24359e-05
glm52_validation check=routed_expert_owner slot=5 owner=5
glm52_validation check=routed_expert_forward elements=6144 relative_l2=0.00497298711 cosine=0.999996127 max_abs=8192
glm52_validation check=routed_layer_forward elements=6144 relative_l2=0.0356424027 cosine=0.999973905 max_abs=40960
glm52_validation check=routed_layer_forward_residual elements=6144 relative_l2=0.00324159129 cosine=0.999994776 max_abs=0.00390625
glm52_validation check=routed_determinism routes=16 bit_exact=1
glm52_validation tier=routed PASS
glm52_validation check=dsa_shaping top_min=1.24239874 tail_max=1.32821069e-05 bucket=191
glm52_validation check=dsa_selection elements=2048 exact=1
glm52_validation check=dsa_sparse_attention elements=6144 relative_l2=0.00353039055 cosine=0.999993777 max_abs=3.81469727e-06
glm52_validation check=dsa_rerun elements=8192 set_and_tolerance_exact=1
glm52_validation tier=dsa PASS
glm52_validation PASS
EXIT=0
[0m
The rebuild was real and CUDA validation PASSed. Now verifying the deployed `.so` matches sparke's build output, reading the publish script, and reading the actual source that built the deployed adapter:
[0m$ [0mssh -o BatchMode=yes sparke 'sha256sum build/glm52_unified/build/modules/glm52_resident_decode_stage/fp8/libglm52_serving_adapter_fp8.so 2>/dev/null; cat /tmp/glm52_publish.sh 2>/dev/null; echo ===FINISH_LOG===; tail -20 build/glm52_publish_finish.log 2>/dev/null'
2d053600a94d02538d29ab87633872c00eca12c281da6910d0f4ced7406868fe  build/glm52_unified/build/modules/glm52_resident_decode_stage/fp8/libglm52_serving_adapter_fp8.so
#!/usr/bin/env bash
# Publish GLM5.2 fp8 modules (GPU-validated): buckets + unflagged, then emit model_driver.so
set -x
cd "\$HOME/build/glm52_unified" || exit 9
export PATH=/usr/local/cuda-13.0/bin:\$PATH
export CUDA_HOME=/usr/local/cuda-13.0
REV=b4734de4facf877f85769a911abafc5283eab3d9
CONTRACT_SHA=ec5afd74d2ba0c913474f30d78209b4a49fa87667845f2968039fddad0fead7a
PACK=/home/sparke/srcdata/glm52_tp8_packs/glm52_tp8_rank06.fp8.glms52sp
{
  make build/sparkpipe_model_compile -j"\$(nproc)" && \
  make -C modules/glm52_resident_decode_stage publish_variants \
      EXPERT_CODEC=fp8 MODEL_REVISION="\$REV" CONTRACT_SHA256="\$CONTRACT_SHA" \
      CUDA_HOME=/usr/local/cuda-13.0 \
      MODULE_BATCH_VARIANT_BUCKETS="1 2 4 8 16" \
      STAGE_PACK_PATH="\$PACK" \
      MAX_ACTIVE_SEQUENCES=16 MAX_SEQUENCE_POSITIONS=4096 \
      EXECUTION_ROW_CAPACITY=16 PIPELINE_SLOT_COUNT=2 && \
  make -C modules/glm52_resident_decode_stage publish \
      EXPERT_CODEC=fp8 MODEL_REVISION="\$REV" CONTRACT_SHA256="\$CONTRACT_SHA" \
      CUDA_HOME=/usr/local/cuda-13.0 \
      STAGE_PACK_PATH="\$PACK" \
      MAX_ACTIVE_SEQUENCES=16 MAX_SEQUENCE_POSITIONS=4096 \
      EXECUTION_ROW_CAPACITY=16 PIPELINE_SLOT_COUNT=2 && \
  rm -rf "\$HOME/glm52_package" && \
  ./build/sparkpipe_model_compile \
      --model examples/model_descriptions/glm52_resident_decode_stage_fp8_firmware.json \
      --library build/module_library \
      --output "\$HOME/glm52_package" \
      --include include && \
  find "\$HOME/glm52_package" -name "model_driver.so" -exec ls -la {} \; && \
  echo PUBLISH_ALL_OK
} > "\$HOME/build/glm52_publish.log" 2>&1
exit \$?
===FINISH_LOG===
/usr/bin/ld: tp_device_collective.c:(.text+0x3c20): undefined reference to `cudaMemcpy2DAsync'
/usr/bin/ld: /home/sparke/glm52_package/stages/stage_000/link_units/8df94bfa279e646679ed0d76adb3c594dbe48ab34e01d306a4b23eea581910c4.a(.._.._ring_transport_tp_device_collective.o): in function `SparkTpDeviceCollectiveSubmitHidden':
tp_device_collective.c:(.text+0x44c4): undefined reference to `cudaEventRecord'
/usr/bin/ld: tp_device_collective.c:(.text+0x4508): undefined reference to `cudaEventRecord'
/usr/bin/ld: tp_device_collective.c:(.text+0x465c): undefined reference to `cudaStreamWaitEvent'
/usr/bin/ld: tp_device_collective.c:(.text+0x46f4): undefined reference to `cudaMemcpy2DAsync'
/usr/bin/ld: tp_device_collective.c:(.text+0x4768): undefined reference to `cudaEventRecord'
/usr/bin/ld: /home/sparke/glm52_package/stages/stage_000/link_units/8df94bfa279e646679ed0d76adb3c594dbe48ab34e01d306a4b23eea581910c4.a(.._.._ring_transport_tp_device_collective.o): in function `SparkTpDeviceCollectiveCreate':
tp_device_collective.c:(.text+0x58b0): undefined reference to `cudaEventCreateWithFlags'
/usr/bin/ld: tp_device_collective.c:(.text+0x58c0): undefined reference to `cudaEventCreateWithFlags'
/usr/bin/ld: tp_device_collective.c:(.text+0x58dc): undefined reference to `cudaStreamCreateWithFlags'
/usr/bin/ld: tp_device_collective.c:(.text+0x5948): undefined reference to `cudaEventDestroy'
/usr/bin/ld: tp_device_collective.c:(.text+0x5958): undefined reference to `cudaEventDestroy'
/usr/bin/ld: tp_device_collective.c:(.text+0x5968): undefined reference to `cudaStreamDestroy'
/usr/bin/ld: /home/sparke/glm52_package/stages/stage_000/link_units/8df94bfa279e646679ed0d76adb3c594dbe48ab34e01d306a4b23eea581910c4.a(.._.._ring_transport_tp_device_collective.o): in function `SparkTpDeviceCollectiveDestroy':
tp_device_collective.c:(.text+0x6228): undefined reference to `cudaEventDestroy'
/usr/bin/ld: tp_device_collective.c:(.text+0x6238): undefined reference to `cudaEventDestroy'
/usr/bin/ld: tp_device_collective.c:(.text+0x6248): undefined reference to `cudaStreamDestroy'
collect2: error: ld returned 1 exit status
model package compile failed: compiler_error: driver compiler failed with exit code 1
[0m
Deployed adapter == sparke build output. But note: the driver-package publish **FAILED** (CUDA link errors) — so the deployed `model_driver.so` came from a separate workaround path. Now reading the exact adapter source that built the deployed `.so`:
[0m$ [0mssh -o BatchMode=yes sparke 'cd build/glm52_unified && git log --oneline -3 2>/dev/null; grep -n "LoadConfiguration rc\|SCHEMA_VERSION" modules/glm52_resident_decode_stage/source/spark_glm52_serving_adapter.c include/sparkpipe/*.h 2>/dev/null | head; grep -rn "SPARK_GLM52_SERVING_ADAPTER_CONFIGURATION_SCHEMA_VERSION" --include=*.h --include=*.c . | head'
modules/glm52_resident_decode_stage/source/spark_glm52_serving_adapter.c:289:	if ( status == SPARK_STATUS_OK && schema_version != SPARK_GLM52_SERVING_ADAPTER_CONFIGURATION_SCHEMA_VERSION )
include/sparkpipe/spark_model_description.h:15:#define SPARK_MODEL_DESCRIPTION_SCHEMA_VERSION 1u
include/sparkpipe/spark_model_resident_deployment.h:13:#define SPARK_MODEL_RESIDENT_DEPLOYMENT_SCHEMA_VERSION 2u
include/sparkpipe/spark_module_library.h:14:#define SPARK_MODULE_ARTIFACT_SCHEMA_VERSION 4u
./tests/test_glm52_pp7_stage_role.c:65:		SPARK_GLM52_SERVING_ADAPTER_CONFIGURATION_SCHEMA_VERSION);
./modules/glm52_resident_decode_stage/source/spark_glm52_serving_adapter.c:289:	if ( status == SPARK_STATUS_OK && schema_version != SPARK_GLM52_SERVING_ADAPTER_CONFIGURATION_SCHEMA_VERSION )
./modules/glm52_resident_decode_stage/include/sparkpipe/spark_glm52_serving_adapter.h:11:#define SPARK_GLM52_SERVING_ADAPTER_CONFIGURATION_SCHEMA_VERSION 4u
./json/modules/glm52_resident_decode_stage/source/spark_glm52_serving_adapter.c:253:	if ( status == SPARK_STATUS_OK && schema_version != SPARK_GLM52_SERVING_ADAPTER_CONFIGURATION_SCHEMA_VERSION )
./json/modules/glm52_resident_decode_stage/include/sparkpipe/spark_glm52_serving_adapter.h:11:#define SPARK_GLM52_SERVING_ADAPTER_CONFIGURATION_SCHEMA_VERSION 4u
[0m
Schema v4 matches. This older source has no rc prints — explaining the silent log. Now reading its initialize flow to pinpoint the SCHEMA_ERROR:
[0m$ [0mssh -o BatchMode=yes sparke 'cd build/glm52_unified && grep -n "static SparkStatus\|ServingInitialize\|LoadConfiguration\|LoadDriver\|ValidateConfiguration\|ArmSpeculation" modules/glm52_resident_decode_stage/source/spark_glm52_serving_adapter.c | head -30'
235:static SparkStatus SparkGlm52ServingLoadTpCollective(
261:static SparkStatus SparkGlm52ServingLoadConfiguration(
353:static SparkStatus SparkGlm52ServingValidateRowOrder(
557:static SparkStatus SparkGlm52ServingLoadDriver(
574:	status = SparkAdapterLoadDriver(&state->common,configuration,&contract);
578:static SparkStatus SparkGlm52ServingValidateConfiguration(
581:	return(SparkAdapterValidateConfiguration(&SparkGlm52ServingDescriptor,
595:static SparkStatus SparkGlm52ServingPolicyDraftFunction(
600:static SparkStatus SparkGlm52ServingArmSpeculation(SparkGlm52ServingState *state,uint32_t tp_degree)
651:static SparkStatus SparkGlm52ServingPolicyDraftFunction(
691: * inside SparkGlm52ServingLoadDriver below - so the variables must be
694: * and ArmSpeculation refuses the posture loudly on its own. */
695:static SparkStatus SparkGlm52ServingStageSpeculatorEnvironment(
728:static SparkStatus SparkGlm52ServingInitialize(
738:	status = SparkGlm52ServingValidateConfiguration(configuration);
748:	status = SparkGlm52ServingLoadConfiguration(configuration->adapter_configuration_path,configuration->runtime_root,state,&max_sequence_positions,&execution_row_capacity,&tp_degree,&tp_rank);
783:		status = SparkGlm52ServingLoadDriver(state,configuration);
786:		status = SparkGlm52ServingArmSpeculation(state,tp_degree);
796:static SparkStatus SparkGlm52ServingValidateBoundaries(
807:static SparkStatus SparkGlm52ServingValidateSubmission(
893:static SparkStatus SparkGlm52ServingSubmitSpeculativeFrame(
917:static SparkStatus SparkGlm52ServingSubmitSpeculative(
1068:static SparkStatus SparkGlm52ServingPrepareVerifyDrafts(
1171:static SparkStatus SparkGlm52ServingAdmit(
1181:static SparkStatus SparkGlm52ServingSubmit(
1221:static SparkStatus SparkGlm52ServingQuiesce(
1230:static SparkStatus SparkGlm52ServingSnapshot(
1244:	.initialize = SparkGlm52ServingInitialize,
[0m
[0m$ [0mssh -o BatchMode=yes sparke 'sed -n "180,352p" build/glm52_unified/modules/glm52_resident_decode_stage/source/spark_glm52_serving_adapter.c'
char dspark_pack_path[SPARK_INTERNAL_PATH_BYTES];
	SparkGlm52ServingLaneSpec spec_lanes[SPARK_GLM52_RESIDENT_DECODE_STAGE_MAX_ACTIVE_SEQUENCE_COUNT];
	uint32_t *spec_stamp_scratch;
	SparkGlm52DsparkSpeculator speculator;
	/* Guards the neutral policy state machine against concurrent entry
	 * from the completion callback (CompleteVerify / MarkVerifierTapsReady)
	 * and the control thread (EnsureDraft / GetDraft / CancelSequence).
	 * LOCK ORDER: this lock is always taken BEFORE any lane lock and
	 * released after them - never the reverse. */
	_Atomic uint32_t speculator_lock;
	SparkGlm52DsparkSequenceState spec_sequence_states[SPARK_GLM52_RESIDENT_DECODE_STAGE_MAX_ACTIVE_SEQUENCE_COUNT];
	SparkGlm52ServingPending pending[SPARK_GLM52_RESIDENT_DECODE_STAGE_MAX_PIPELINE_SLOT_COUNT];
} SparkGlm52ServingState;

static const SparkModelServingAdapterDescriptor SparkGlm52ServingDescriptor =
{
	.abi_version = SPARK_MODEL_SERVING_ADAPTER_ABI_VERSION,
	.descriptor_bytes = SPARK_MODEL_SERVING_ADAPTER_DESCRIPTOR_BYTES,
	.capability_flags = SPARK_MODEL_SERVING_ADAPTER_CAPABILITY_PREFILL | SPARK_MODEL_SERVING_ADAPTER_CAPABILITY_DECODE | SPARK_GLM52_SERVING_TOPOLOGY_FLAG | SPARK_MODEL_SERVING_ADAPTER_CAPABILITY_DRIVER_OWNS_KV | SPARK_MODEL_SERVING_ADAPTER_CAPABILITY_SPECULATION,
	.stage_count = SPARK_GLM52_SERVING_STAGE_COUNT,
	.layer_count = SPARK_GLM52_MODEL_LAYER_COUNT,
	.boundary_format = SPARK_MODEL_SERVING_BOUNDARY_FORMAT_BF16,
	.boundary_element_count = SPARK_GLM52_RESIDENT_DECODE_STAGE_BOUNDARY_ELEMENT_COUNT,
	.boundary_element_bytes = SPARK_GLM52_RESIDENT_DECODE_STAGE_BOUNDARY_ELEMENT_BYTES,
	.linear_weight_codec = SPARK_WEIGHT_CODEC_BF16,
	.expert_weight_codec = GLM52_EXPERT_WEIGHT_CODEC,
	.kv_cache_codec = SPARK_WEIGHT_CODEC_BF16,
	.max_inflight_submission_count = SPARK_GLM52_RESIDENT_DECODE_STAGE_MAX_PIPELINE_SLOT_COUNT,
	.max_active_sequence_count = SPARK_GLM52_RESIDENT_DECODE_STAGE_MAX_ACTIVE_SEQUENCE_COUNT,
	.max_input_row_count = SPARK_GLM52_RESIDENT_DECODE_STAGE_MAX_INPUT_ROW_COUNT,
	.max_resident_sequence_count = SPARK_GLM52_RESIDENT_DECODE_STAGE_MAX_ACTIVE_SEQUENCE_COUNT,
	.max_output_token_count = SPARK_GLM52_RESIDENT_DECODE_STAGE_MAX_ACTIVE_SEQUENCE_COUNT,
	.max_speculative_token_count = SPARK_GLM52_RESIDENT_DECODE_STAGE_DSPARK_DRAFT_TOKEN_COUNT,
	.resident_sequence_slot_reuse = SPARK_MODEL_SERVING_SLOT_REUSE_AT_POSITION_ZERO,
	.adapter_id = SPARK_GLM52_SERVING_ADAPTER_ID,
	.model_id = SPARK_GLM52_SERVING_MODEL_ID,
	.model_revision = GLM52_MODEL_REVISION,
	.driver_program_name = SPARK_GLM52_SERVING_PROGRAM_NAME,
	.artifact_sha256 = GLM52_CONTRACT_SHA256,
	.stage_layer_counts = SPARK_GLM52_SERVING_STAGE_LAYERS,
	.boundary_sideband_kinds = {0u},
	.boundary_sideband_bytes_per_sequence = {0u}
};

/* Unsigned member reads go through the shared SparkJsonGetUInt32Member
 * (runtime/json.c) - the naming/audit round retired this adapter's private
 * copy, which every serving adapter had duplicated byte-for-byte. */

/* tp_collective stanza policy: recursive_doubling alone (TP8 runs no
 * split-ring/direct-all-to-all), adaptive thresholds must be zero;
 * port-span validation lives in the shared parser. */
static const SparkAdapterTpCollectivePolicy SparkGlm52TpCollectivePolicy = {
	SPARK_TP_DEVICE_COLLECTIVE_ALGORITHM_RECURSIVE_DOUBLING, 1u, 1u
};

static SparkStatus SparkGlm52ServingLoadTpCollective(
	const SparkJsonDocument *document,
	int32_t root,
	const char *runtime_root,
	SparkGlm52ServingState *state,
	uint32_t tp_degree)
{
	SparkAdapterTpCollectiveParsed tp;
	SparkStatus status;
	status = SparkAdapterLoadTpCollective(document,root,runtime_root,
		tp_degree,1u,&SparkGlm52TpCollectivePolicy,&tp);
	if ( status != SPARK_STATUS_OK )
		return(status);
	state->tp_listen_port = tp.listen_port;
	state->tp_connect_timeout_milli = tp.connect_timeout_milli;
	state->tp_operation_timeout_milli = tp.operation_timeout_milli;
	state->tp_collective_backend_kind = tp.backend_kind;
	state->tp_collective_identifier = tp.collective_identifier;
	memcpy(state->tp_peer_ports,tp.peer_ports,sizeof(tp.peer_ports));
	state->tp_collective_control_port_base = tp.control_port_base;
	memcpy(state->tp_collective_backend_path,tp.backend_module_path,
		SPARK_INTERNAL_PATH_BYTES);
	state->tp_collective_topology = tp.topology;
	return(SPARK_STATUS_OK);
}

static SparkStatus SparkGlm52ServingLoadConfiguration(
	const char *path,
	const char *runtime_root,
	SparkGlm52ServingState *state,
	uint32_t *max_sequence_positions,
	uint32_t *execution_row_capacity,
	uint32_t *tp_degree,
	uint32_t *tp_rank)
{
	SparkJsonDocument document;
	char *relative_stage_pack_path;
	uint32_t schema_version;
	int32_t root,token;
	SparkStatus status;
	relative_stage_pack_path = 0;
	SparkJsonDocumentReset(&document);
	status = SparkJsonLoadFile(path,&document);
	root = status == SPARK_STATUS_OK ? SparkJsonGetRootToken(&document) : -1;
	if ( status == SPARK_STATUS_OK && !SparkJsonTokenIsType(&document,root,SPARK_JSON_TOKEN_OBJECT) )
		status = SPARK_STATUS_SCHEMA_ERROR;
	if ( status == SPARK_STATUS_OK )
		status = SparkJsonGetUInt32Member(&document,root,"tp_degree",tp_degree);
	if ( status == SPARK_STATUS_OK && *tp_degree > 1u )
		status = SparkJsonValidateObjectMembersExact(&document,root,SparkGlm52ServingConfigurationTpMembers,(uint32_t)(sizeof(SparkGlm52ServingConfigurationTpMembers) / sizeof(SparkGlm52ServingConfigurationTpMembers[0])));
	else if ( status == SPARK_STATUS_OK )
		status = SparkJsonValidateObjectMembersExact(&document,root,SparkGlm52ServingConfigurationMembers,(uint32_t)(sizeof(SparkGlm52ServingConfigurationMembers) / sizeof(SparkGlm52ServingConfigurationMembers[0])));
	if ( status == SPARK_STATUS_OK )
		status = SparkJsonGetUInt32Member(&document,root,"schema_version",&schema_version);
	if ( status == SPARK_STATUS_OK && schema_version != SPARK_GLM52_SERVING_ADAPTER_CONFIGURATION_SCHEMA_VERSION )
		status = SPARK_STATUS_SCHEMA_ERROR;
	token = status == SPARK_STATUS_OK ? SparkJsonFindObjectMember(&document,root,"model_revision") : -1;
	if ( status == SPARK_STATUS_OK && (token < 0 || !SparkJsonStringEquals(&document,token,GLM52_MODEL_REVISION)) )
		status = SPARK_STATUS_SCHEMA_ERROR;
	token = status == SPARK_STATUS_OK ? SparkJsonFindObjectMember(&document,root,"expert_weight_codec") : -1;
	if ( status == SPARK_STATUS_OK && (token < 0 || !SparkJsonStringEquals(&document,token,GLM52_EXPERT_CODEC_NAME)) )
		status = SPARK_STATUS_TARGET_MISMATCH;
	token = status == SPARK_STATUS_OK ? SparkJsonFindObjectMember(&document,root,"stage_pack_path") : -1;
	if ( status == SPARK_STATUS_OK )
		status = token < 0 ? SPARK_STATUS_SCHEMA_ERROR : SparkJsonCopyString(&document,token,&relative_stage_pack_path);
	if ( status == SPARK_STATUS_OK )
		status = SparkJsonGetUInt32Member(&document,root,"max_sequence_positions",max_sequence_positions);
	if ( status == SPARK_STATUS_OK )
		status = SparkJsonGetUInt32Member(&document,root,"execution_row_capacity",execution_row_capacity);
	if ( status == SPARK_STATUS_OK )
		status = SparkJsonGetUInt32Member(&document,root,"tp_degree",tp_degree);
	if ( status == SPARK_STATUS_OK )
		status = SparkJsonGetUInt32Member(&document,root,"tp_rank",tp_rank);
	if ( status == SPARK_STATUS_OK && (*tp_degree == 0u || *tp_rank >= *tp_degree) )
		status = SPARK_STATUS_SCHEMA_ERROR;
	if ( status == SPARK_STATUS_OK && *tp_degree != 1u )
	{
		if ( SparkJsonFindObjectMember(&document,root,"tp_collective") < 0 )
			status = SPARK_STATUS_SCHEMA_ERROR;
		if ( status == SPARK_STATUS_OK )
			status = SparkGlm52ServingLoadTpCollective(&document,root,runtime_root,state,*tp_degree);
	}
	if ( status == SPARK_STATUS_OK )
	{
		token = SparkJsonFindObjectMember(&document,root,"speculation_enabled");
		if ( status == SPARK_STATUS_OK && token >= 0 )
		{
			bool enabled = false;
			if ( SparkJsonGetBoolean(&document,token,&enabled) == SPARK_STATUS_OK )
				state->speculate = enabled ? 1u : 0u;
			else
				status = SPARK_STATUS_SCHEMA_ERROR;
		}
		token = SparkJsonFindObjectMember(&document,root,"speculation_draft_count");
		if ( status == SPARK_STATUS_OK && token >= 0 )
			status = SparkJsonGetUInt32(&document,token,&state->speculate_draft_rows);
		token = SparkJsonFindObjectMember(&document,root,"dspark_pack_path");
		if ( status == SPARK_STATUS_OK && token >= 0 )
		{
			char *recorded = 0;
			status = SparkJsonCopyString(&document,token,&recorded);
			if ( status == SPARK_STATUS_OK )
			{
				if ( strlen(recorded) >= sizeof(state->dspark_pack_path) )
					status = SPARK_STATUS_SCHEMA_ERROR;
				else
					memcpy(state->dspark_pack_path,recorded,strlen(recorded) + 1u);
			}
			free(recorded);
		}
	}
	SparkJsonDocumentDestroy(&document);
	if ( status == SPARK_STATUS_OK )
		status = SparkResolveRuntimePath(runtime_root,relative_stage_pack_path,state->stage_pack_path,sizeof(state->stage_pack_path));
	free(relative_stage_pack_path);
	return(status);
}
[0m
SCHEMA_ERROR arises between config load steps. Prime suspects: member-exact list vs `dspark_pack_path`/speculation fields, or the shared tp_collective parser. Pulling both:
[0m$ [0mssh -o BatchMode=yes sparke 'cd build/glm52_unified && grep -n -A 25 "SparkGlm52ServingConfigurationTpMembers\[\]" modules/glm52_resident_decode_stage/source/spark_glm52_serving_adapter.c | head -35; echo ===INIT===; sed -n "728,795p" modules/glm52_resident_decode_stage/source/spark_glm52_serving_adapter.c'
94:static const char *const SparkGlm52ServingConfigurationTpMembers[] =
95-{
96-	"schema_version",
97-	"model_revision",
98-	"expert_weight_codec",
99-	"stage_pack_path",
100-	"max_sequence_positions",
101-	"execution_row_capacity",
102-	"tp_degree",
103-	"tp_rank",
104-	"speculation_enabled",
105-	"speculation_draft_count",
106-	"dspark_pack_path",
107-	"tp_collective"
108-};
109-
110-typedef struct SparkGlm52ServingPending
111-{
112-	/* Shape + nine-field submission identity echo: captured once at claim
113-	 * by SparkAdapterPendingCapture (adapter_common.h). */
114-	SparkAdapterPendingCore core;
115-	struct SparkGlm52ServingState *owner;
116-	uint32_t last_row_by_lane[SPARK_GLM52_RESIDENT_DECODE_STAGE_MAX_ACTIVE_SEQUENCE_COUNT];
117-	uint32_t resident_slots[SPARK_GLM52_RESIDENT_DECODE_STAGE_MAX_INPUT_ROW_COUNT];
118-	uint32_t output_token_ids[SPARK_GLM52_RESIDENT_DECODE_STAGE_MAX_INPUT_ROW_COUNT];
119-	/* Speculation frame payload (spec_active != 0u): the expanded verify /
===INIT===
static SparkStatus SparkGlm52ServingInitialize(
	const SparkModelServingAdapterConfiguration *configuration,
	void **adapter_state)
{
	SparkGlm52ServingState *state;
	uint32_t max_sequence_positions,execution_row_capacity,tp_degree,tp_rank;
	SparkStatus status;
	if ( adapter_state == 0 )
		return(SPARK_STATUS_INVALID_ARGUMENT);
	*adapter_state = 0;
	status = SparkGlm52ServingValidateConfiguration(configuration);
	if ( status != SPARK_STATUS_OK )
		return(status);
	state = (SparkGlm52ServingState *)calloc(1u,sizeof(*state));
	if ( state == 0 )
		return(SPARK_STATUS_CAPACITY_EXCEEDED);
	state->stage_index = configuration->stage_index;
	(void)SparkAdapterInitializePrologue(&state->common,configuration);
	state->common.pending = &state->pending[0].core;
	state->common.pending_element_bytes = sizeof(state->pending[0]);
	status = SparkGlm52ServingLoadConfiguration(configuration->adapter_configuration_path,configuration->runtime_root,state,&max_sequence_positions,&execution_row_capacity,&tp_degree,&tp_rank);
	if ( status == SPARK_STATUS_OK && (max_sequence_positions == 0u || max_sequence_positions > SPARK_GLM52_MODEL_MAXIMUM_CONTEXT_TOKENS || execution_row_capacity == 0u || execution_row_capacity > state->common.resident_sequence_capacity) )
		status = SPARK_STATUS_SCHEMA_ERROR;
	if ( status == SPARK_STATUS_OK && (tp_rank != configuration->stage_index || tp_degree != SPARK_GLM52_SERVING_TP_DEGREE) )
		status = SPARK_STATUS_SCHEMA_ERROR;
	if ( status == SPARK_STATUS_OK )
		status = SparkGlm52ServingStageSpeculatorEnvironment(state);
	if ( status == SPARK_STATUS_OK )
	{
		state->node_context.abi_version = SPARK_GLM52_RESIDENT_DECODE_STAGE_NODE_CONTEXT_ABI_VERSION;
		state->node_context.descriptor_bytes = SPARK_GLM52_RESIDENT_DECODE_STAGE_NODE_CONTEXT_BYTES;
		state->node_context.stage_count = SPARK_GLM52_RESIDENT_DECODE_STAGE_STAGE_COUNT;
		/* Firmware stage is always 0; the deployment's flat rank index is the
		 * TP rank, cross-checked against the stage config below. */
		state->node_context.stage_index = 0u;
		state->node_context.first_layer_index = 0u;
		state->node_context.layer_count = SPARK_GLM52_RESIDENT_DECODE_STAGE_MAX_LAYERS_PER_STAGE;
		state->node_context.expert_weight_codec = GLM52_EXPERT_WEIGHT_CODEC;
		state->node_context.resident_sequence_capacity = state->common.resident_sequence_capacity;
		state->node_context.pipeline_slot_count = state->common.pipeline_slot_count;
		state->node_context.max_sequence_positions = max_sequence_positions;
		state->node_context.execution_row_capacity = execution_row_capacity;
		state->node_context.tp_degree = tp_degree;
		state->node_context.tp_rank = tp_rank;
		state->node_context.stage_pack_path = state->stage_pack_path;
		state->node_context.model_revision = GLM52_MODEL_REVISION;
		state->node_context.tp_collective_backend_kind = state->tp_collective_backend_kind;
		state->node_context.tp_collective_identifier = state->tp_collective_identifier;
		state->node_context.tp_connect_timeout_milli = state->tp_connect_timeout_milli;
		state->node_context.tp_operation_timeout_milli = state->tp_operation_timeout_milli;
		state->node_context.tp_collective_control_port_base = state->tp_collective_control_port_base;
		state->node_context.tp_collective_topology = state->tp_collective_topology;
		state->node_context.tp_collective_backend_module_path = state->tp_collective_backend_path;
		state->node_context.kv_backing_directory = configuration->kv_backing_directory;
		state->node_context.kv_backing_maximum_bytes = configuration->kv_backing_maximum_bytes;
		status = SparkGlm52ServingLoadDriver(state,configuration);
	}
	if ( status == SPARK_STATUS_OK )
		status = SparkGlm52ServingArmSpeculation(state,tp_degree);
	if ( status != SPARK_STATUS_OK )
	{
		SparkGlm52ServingDestroy(state);
		return(status);
	}
	*adapter_state = state;
	return(SPARK_STATUS_OK);
}
[0m
Members all match the staged config. New prime suspect: `SparkGlm52ServingStageSpeculatorEnvironment` — new step before LoadDriver, likely validating the DSpark drafter pack referenced by `dspark_pack_path`. Reading it:
[0m$ [0mssh -o BatchMode=yes sparke 'sed -n "655,727p" build/glm52_unified/modules/glm52_resident_decode_stage/source/spark_glm52_serving_adapter.c'
{
	SparkGlm52ServingState *state;
	state = (SparkGlm52ServingState *)context;
	if ( state == 0 || request == 0 || result == 0 )
		return(SPARK_STATUS_INVALID_ARGUMENT);
	uint32_t lane;
	for (lane=0u; lane<SPARK_GLM52_RESIDENT_DECODE_STAGE_MAX_ACTIVE_SEQUENCE_COUNT; lane++)
	{
		SparkGlm52ServingLaneSpec *spec = &state->spec_lanes[lane];
		uint32_t count,index;
		int matches;
		/* Runs on the control thread from inside EnsureDraft (speculator
		 * lock already held there): the lane lock is the inner lock. */
		SparkAdapterSpinLockAcquire(&spec->lock);
		matches = spec->have_drafts != 0u && spec->sequence_id == request->sequence_id;
		if ( matches != 0 )
		{
			count = request->requested_token_count;
			if ( count > SPARK_GLM52_RESIDENT_DECODE_STAGE_DSPARK_DRAFT_TOKEN_COUNT )
				count = SPARK_GLM52_RESIDENT_DECODE_STAGE_DSPARK_DRAFT_TOKEN_COUNT;
			result->token_count = count;
			for (index=0u; index<count; index++)
			{
				result->token_ids[index] = spec->draft_ids[index];
				result->confidence_milli[index] = SPARK_GLM52_DSPARK_CONFIDENCE_MILLI_ONE;
			}
		}
		SparkAdapterSpinLockRelease(&spec->lock);
		if ( matches != 0 )
			return(SPARK_STATUS_OK);
	}
	return(SPARK_STATUS_NOT_FOUND);
}

/* Bridge the config stanza to the module's environment contract. The
 * drafter backend reads its posture ONCE at module Configure, which runs
 * inside SparkGlm52ServingLoadDriver below - so the variables must be
 * staged before that call, never after. Fanout builds stage nothing: the
 * module stays speculation-free there by doctrine (no draft transport),
 * and ArmSpeculation refuses the posture loudly on its own. */
static SparkStatus SparkGlm52ServingStageSpeculatorEnvironment(
	const SparkGlm52ServingState *state)
{
	char path[SPARK_INTERNAL_PATH_BYTES];
	if ( state == 0 )
		return(SPARK_STATUS_INVALID_ARGUMENT);
	if ( state->speculate == 0u || SPARK_GLM52_SERVING_TP_DEGREE != 1u ||
		SPARK_GLM52_SERVING_STAGE_COUNT != 1u )
		return(SPARK_STATUS_OK);
	{
		const char *kill_switch = getenv("SPARK_GLM52_SERVING_SPECULATE");
		if ( kill_switch != 0 && strcmp(kill_switch,"0") == 0 )
			return(SPARK_STATUS_OK);
	}
	if ( state->dspark_pack_path[0] == '\0' )
	{
		(void)fprintf(stderr,"GLM52-ADAPTER speculation_refused reason=dspark_pack_path_missing\n");
		return(SPARK_STATUS_SCHEMA_ERROR);
	}
	if ( SparkAdapterSetEnvironmentText("SPARK_GLM52_STAGE_SPECULATOR","1") != SPARK_STATUS_OK )
		return(SPARK_STATUS_INTERNAL_ERROR);
	(void)snprintf(path,sizeof(path),"%s/manifest.json",state->dspark_pack_path);
	if ( SparkAdapterSetEnvironmentText("SPARK_GLM52_DSPARK_MANIFEST",path) != SPARK_STATUS_OK )
		return(SPARK_STATUS_INTERNAL_ERROR);
	(void)snprintf(path,sizeof(path),"%s/config.json",state->dspark_pack_path);
	if ( SparkAdapterSetEnvironmentText("SPARK_GLM52_DSPARK_CONFIG",path) != SPARK_STATUS_OK )
		return(SPARK_STATUS_INTERNAL_ERROR);
	(void)snprintf(path,sizeof(path),"%s/model.safetensors",state->dspark_pack_path);
	if ( SparkAdapterSetEnvironmentText("SPARK_GLM52_DSPARK_SAFETENSORS",path) != SPARK_STATUS_OK )
		return(SPARK_STATUS_INTERNAL_ERROR);
	return(SPARK_STATUS_OK);
}
[0m
`StageSpeculatorEnvironment` exits early when speculation is off — innocent. Remaining suspect: shared `SparkAdapterLoadTpCollective`. Reading its source in the build tree:
[0m$ [0mssh -o BatchMode=yes sparke 'cd build/glm52_unified && grep -rln "SparkAdapterLoadTpCollective" --include=*.c --include=*.h | head'
runtime/adapter_common.c
runtime/adapter_common.h
tests/test_adapter_tp_collective.c
modules/glm52_resident_decode_stage/source/spark_glm52_serving_adapter.c
modules/dsv4_resident_decode_stage/source/spark_dsv4_serving_adapter.c
json/runtime/adapter_common.c
json/runtime/adapter_common.h
json/modules/glm52_resident_decode_stage/source/spark_glm52_serving_adapter.c
json/modules/dsv4_resident_decode_stage/source/spark_dsv4_serving_adapter.c
[0m
[0m$ [0mssh -o BatchMode=yes sparke 'sed -n "/SparkStatus SparkAdapterLoadTpCollective/,/^}/p" build/glm52_unified/runtime/adapter_common.c'
SparkStatus SparkAdapterLoadTpCollective(
	const SparkJsonDocument *document,
	int32_t root,
	const char *runtime_root,
	uint32_t expected_rank_count,
	uint32_t validate_port_span,
	const SparkAdapterTpCollectivePolicy *policy,
	SparkAdapterTpCollectiveParsed *parsed)
{
	int32_t object,token,element,host_element;
	uint32_t count,index,port,rail;
	uint64_t collective_identifier;
	char *host,*relative_backend_path;
	SparkStatus status;
	if ( document == 0 || runtime_root == 0 || policy == 0 || parsed == 0 ||
		expected_rank_count == 0u ||
		expected_rank_count > SPARK_TP_DEVICE_COLLECTIVE_MAX_DEGREE )
		return(SPARK_STATUS_INVALID_ARGUMENT);
	memset(parsed,0,sizeof(*parsed));
	parsed->topology.abi_version =
		SPARK_TP_DEVICE_COLLECTIVE_TOPOLOGY_ABI_VERSION;
	parsed->topology.descriptor_bytes =
		SPARK_TP_DEVICE_COLLECTIVE_TOPOLOGY_BYTES;
	object = SparkJsonFindObjectMember(document,root,"tp_collective");
	if ( object < 0 || !SparkJsonTokenIsType(document,object,SPARK_JSON_TOKEN_OBJECT) )
		return(SPARK_STATUS_SCHEMA_ERROR);
	token = SparkJsonFindObjectMember(document,object,"backend");
	if ( token < 0 )
		return(SPARK_STATUS_SCHEMA_ERROR);
	if ( SparkJsonStringEquals(document,token,"nccl") )
		parsed->backend_kind = SPARK_TP_DEVICE_COLLECTIVE_BACKEND_NCCL;
	else if ( SparkJsonStringEquals(document,token,"hidden_transport") )
		parsed->backend_kind = SPARK_TP_DEVICE_COLLECTIVE_BACKEND_HIDDEN_TRANSPORT;
	else
		return(SPARK_STATUS_SCHEMA_ERROR);
	status = SparkAdapterTpValidateMembers(document,object,parsed->backend_kind);
	if ( status != SPARK_STATUS_OK )
		return(status);
	relative_backend_path = 0;
	token = SparkJsonFindObjectMember(document,object,"backend_module_path");
	status = token < 0 ? SPARK_STATUS_SCHEMA_ERROR :
		SparkJsonCopyString(document,token,&relative_backend_path);
	if ( status == SPARK_STATUS_OK )
		status = SparkResolveRuntimePath(runtime_root,relative_backend_path,
			parsed->backend_module_path,sizeof(parsed->backend_module_path));
	free(relative_backend_path);
	if ( status != SPARK_STATUS_OK )
		return(status);
	token = SparkJsonFindObjectMember(document,object,"collective_identifier");
	status = token < 0 ? SPARK_STATUS_SCHEMA_ERROR :
		SparkJsonGetUInt64(document,token,&collective_identifier);
	if ( status != SPARK_STATUS_OK || collective_identifier == 0u )
		return(status == SPARK_STATUS_OK ? SPARK_STATUS_SCHEMA_ERROR : status);
	parsed->collective_identifier = collective_identifier;
	status = SparkJsonGetUInt32Member(document,object,"listen_port",&port);
	if ( status != SPARK_STATUS_OK || port == 0u || port > UINT16_MAX )
		return(status == SPARK_STATUS_OK ? SPARK_STATUS_SCHEMA_ERROR : status);
	parsed->listen_port = (uint16_t)port;
	status = SparkJsonGetUInt32Member(document,object,
		"connect_timeout_milli",&parsed->connect_timeout_milli);
	if ( status != SPARK_STATUS_OK || parsed->connect_timeout_milli == 0u )
		return(status == SPARK_STATUS_OK ? SPARK_STATUS_SCHEMA_ERROR : status);
	status = SparkJsonGetUInt32Member(document,object,
		"operation_timeout_milli",&parsed->operation_timeout_milli);
	if ( status != SPARK_STATUS_OK || parsed->operation_timeout_milli == 0u )
		return(status == SPARK_STATUS_OK ? SPARK_STATUS_SCHEMA_ERROR : status);
	token = SparkJsonFindObjectMember(document,object,"peer_hosts");
	if ( token < 0 || !SparkJsonTokenIsType(document,token,SPARK_JSON_TOKEN_ARRAY) )
		return(SPARK_STATUS_SCHEMA_ERROR);
	count = SparkJsonGetArrayElementCount(document,token);
	if ( count != expected_rank_count )
		return(SPARK_STATUS_SCHEMA_ERROR);
	parsed->topology.rank_count = count;
	for (index=0u; index<count; index++)
	{
		element = SparkJsonGetArrayElement(document,token,index);
		host = 0;
		status = element < 0 ? SPARK_STATUS_SCHEMA_ERROR :
			SparkJsonCopyString(document,element,&host);
		if ( status == SPARK_STATUS_OK )
			status = SparkCopyString(
				parsed->topology.rank_hosts[index],
				SPARK_TP_DEVICE_COLLECTIVE_HOST_NAME_BYTES,host);
		free(host);
		if ( status != SPARK_STATUS_OK ||
			parsed->topology.rank_hosts[index][0] == '\0' )
			return(status == SPARK_STATUS_OK ? SPARK_STATUS_SCHEMA_ERROR : status);
	}
	token = SparkJsonFindObjectMember(document,object,"peer_ports");
	if ( token < 0 || !SparkJsonTokenIsType(document,token,SPARK_JSON_TOKEN_ARRAY) )
		return(SPARK_STATUS_SCHEMA_ERROR);
	count = SparkJsonGetArrayElementCount(document,token);
	if ( count != expected_rank_count )
		return(SPARK_STATUS_SCHEMA_ERROR);
	for (index=0u; index<count; index++)
	{
		element = SparkJsonGetArrayElement(document,token,index);
		status = element < 0 ? SPARK_STATUS_SCHEMA_ERROR :
			SparkJsonGetUInt32(document,element,&port);
		if ( status != SPARK_STATUS_OK || port == 0u || port > UINT16_MAX )
			return(status == SPARK_STATUS_OK ? SPARK_STATUS_SCHEMA_ERROR : status);
		parsed->peer_ports[index] = (uint16_t)port;
	}
	if ( validate_port_span != 0u )
	{
		parsed->control_port_base = parsed->peer_ports[0];
		for (index=1u; index<expected_rank_count; index++)
			if ( parsed->peer_ports[0] > (uint16_t)(UINT16_MAX - index) ||
				parsed->peer_ports[index] !=
					(uint16_t)(parsed->peer_ports[0] + index) )
				return(SPARK_STATUS_SCHEMA_ERROR);
	}
	if ( parsed->backend_kind ==
		SPARK_TP_DEVICE_COLLECTIVE_BACKEND_HIDDEN_TRANSPORT )
	{
		token = SparkJsonFindObjectMember(document,object,"algorithms");
		if ( token < 0 ||
			!SparkJsonTokenIsType(document,token,SPARK_JSON_TOKEN_ARRAY) )
			return(SPARK_STATUS_SCHEMA_ERROR);
		count = SparkJsonGetArrayElementCount(document,token);
		port = 0u;
		for (index=0u; index<count; index++)
		{
			element = SparkJsonGetArrayElement(document,token,index);
			if ( SparkJsonStringEquals(document,element,"recursive_doubling") )
				port |= SPARK_TP_DEVICE_COLLECTIVE_ALGORITHM_RECURSIVE_DOUBLING;
			else if ( SparkJsonStringEquals(document,element,
					"counter_rotating_split_ring") )
				port |= SPARK_TP_DEVICE_COLLECTIVE_ALGORITHM_COUNTER_ROTATING_SPLIT_RING;
			else if ( SparkJsonStringEquals(document,element,"direct_all_to_all") )
				port |= SPARK_TP_DEVICE_COLLECTIVE_ALGORITHM_DIRECT_ALL_TO_ALL;
			else
				return(SPARK_STATUS_SCHEMA_ERROR);
		}
		if ( count != policy->adaptive_algorithm_count ||
			port != policy->adaptive_algorithm_mask )
			return(SPARK_STATUS_SCHEMA_ERROR);
		parsed->topology.algorithm_mask = port;
		status = SparkJsonGetUInt32Member(document,object,
			"direct_all_to_all_max_payload_bytes",
			&parsed->topology.direct_all_to_all_max_payload_bytes);
		if ( status == SPARK_STATUS_OK )
			status = SparkJsonGetUInt32Member(document,object,
				"split_ring_min_payload_bytes",
				&parsed->topology.split_ring_min_payload_bytes);
		if ( status == SPARK_STATUS_OK )
		{
			if ( policy->require_zero_thresholds != 0u &&
				(parsed->topology.direct_all_to_all_max_payload_bytes != 0u ||
				 parsed->topology.split_ring_min_payload_bytes != 0u) )
				return(SPARK_STATUS_SCHEMA_ERROR);
			if ( policy->require_zero_thresholds == 0u &&
				(parsed->topology.direct_all_to_all_max_payload_bytes == 0u ||
				 parsed->topology.split_ring_min_payload_bytes == 0u ||
				 parsed->topology.direct_all_to_all_max_payload_bytes >=
					parsed->topology.split_ring_min_payload_bytes) )
				return(SPARK_STATUS_SCHEMA_ERROR);
		}
		if ( status == SPARK_STATUS_OK )
		{
			token = SparkJsonFindObjectMember(document,object,"rail_peer_hosts");
			if ( token < 0 ||
				!SparkJsonTokenIsType(document,token,SPARK_JSON_TOKEN_ARRAY) ||
				SparkJsonGetArrayElementCount(document,token) !=
					SPARK_TP_DEVICE_COLLECTIVE_MAX_RAIL_COUNT )
				return(SPARK_STATUS_SCHEMA_ERROR);
			parsed->topology.rail_count =
				SPARK_TP_DEVICE_COLLECTIVE_MAX_RAIL_COUNT;
			for (rail=0u; rail<parsed->topology.rail_count; rail++)
			{
				element = SparkJsonGetArrayElement(document,token,rail);
				if ( element < 0 ||
					!SparkJsonTokenIsType(document,element,SPARK_JSON_TOKEN_ARRAY) )
					return(SPARK_STATUS_SCHEMA_ERROR);
				count = SparkJsonGetArrayElementCount(document,element);
				if ( count != expected_rank_count )
					return(SPARK_STATUS_SCHEMA_ERROR);
				for (index=0u; index<count; index++)
				{
					host_element = SparkJsonGetArrayElement(document,element,index);
					host = 0;
					status = host_element < 0 ? SPARK_STATUS_SCHEMA_ERROR :
						SparkJsonCopyString(document,host_element,&host);
					if ( status == SPARK_STATUS_OK )
						status = SparkCopyString(
							parsed->topology.rail_rank_hosts[rail][index],
							SPARK_TP_DEVICE_COLLECTIVE_HOST_NAME_BYTES,host);
					free(host);
					if ( status != SPARK_STATUS_OK )
						return(status);
				}
			}
			token = SparkJsonFindObjectMember(document,object,"step_rail_indices");
			if ( token < 0 ||
				!SparkJsonTokenIsType(document,token,SPARK_JSON_TOKEN_ARRAY) ||
				SparkJsonGetArrayElementCount(document,token) !=
					SPARK_TP_DEVICE_COLLECTIVE_SPLIT_RING_ROUTE_COUNT )
				return(SPARK_STATUS_SCHEMA_ERROR);
			count = SparkJsonGetArrayElementCount(document,token);
			for (index=0u; index<count; index++)
			{
				element = SparkJsonGetArrayElement(document,token,index);
				status = element < 0 ? SPARK_STATUS_SCHEMA_ERROR :
					SparkJsonGetUInt32(document,element,&port);
				if ( status != SPARK_STATUS_OK || port >=
					SPARK_TP_DEVICE_COLLECTIVE_MAX_RAIL_COUNT )
					return(SPARK_STATUS_SCHEMA_ERROR);
				parsed->topology.step_rail_indices[index] = port;
			}
		}
	}
	return(status);
}
[0m
Parser walked against the staged stanza — everything passes **if** the rail/route constants still equal the old values (2 rails, 3 route steps) and the inner member validator accepts the old key set. Checking those exact items:
[0m$ [0mssh -o BatchMode=yes sparke 'cd build/glm52_unified && grep -rn "MAX_RAIL_COUNT\s\|SPLIT_RING_ROUTE_COUNT\s\|define SPARK_TP_DEVICE_COLLECTIVE_MAX_RAIL_COUNT\|define SPARK_TP_DEVICE_COLLECTIVE_SPLIT_RING_ROUTE_COUNT\|TP_DEVICE_COLLECTIVE_MAX_DEGREE" include/ ring/ runtime/ --include=*.h | grep define; echo ===VALIDATE_MEMBERS===; sed -n "/SparkAdapterTpValidateMembers/,/^}/p" runtime/adapter_common.c | head -60'
include/sparkpipe/spark_tp_device_collective.h:13:#define SPARK_TP_DEVICE_COLLECTIVE_MAX_DEGREE 16u
include/sparkpipe/spark_tp_device_collective.h:17:#define SPARK_TP_DEVICE_COLLECTIVE_SPLIT_RING_ROUTE_COUNT 3u
include/sparkpipe/spark_tp_device_collective.h:20:#define SPARK_TP_DEVICE_COLLECTIVE_MAX_RAIL_COUNT 2u
===VALIDATE_MEMBERS===
static SparkStatus SparkAdapterTpValidateMembers(
	const SparkJsonDocument *document,
	int32_t object,
	uint32_t backend_kind)
{
	static const char *const base_members[] =
	{
		"backend","backend_module_path","collective_identifier",
		"listen_port","connect_timeout_milli","operation_timeout_milli",
		"peer_hosts","peer_ports"
	};
	static const char *const adaptive_members[] =
	{
		"backend","backend_module_path","collective_identifier",
		"listen_port","connect_timeout_milli","operation_timeout_milli",
		"peer_hosts","peer_ports","algorithms",
		"direct_all_to_all_max_payload_bytes",
		"split_ring_min_payload_bytes","rail_peer_hosts",
		"step_rail_indices"
	};
	const char *const *members;
	uint32_t member_count;
	members = backend_kind == SPARK_TP_DEVICE_COLLECTIVE_BACKEND_HIDDEN_TRANSPORT ?
		adaptive_members : base_members;
	member_count = backend_kind == SPARK_TP_DEVICE_COLLECTIVE_BACKEND_HIDDEN_TRANSPORT ?
		(uint32_t)(sizeof(adaptive_members) / sizeof(adaptive_members[0])) :
		(uint32_t)(sizeof(base_members) / sizeof(base_members[0]));
	return(SparkJsonValidateObjectMembersExact(document,object,members,
		member_count));
}
	status = SparkAdapterTpValidateMembers(document,object,parsed->backend_kind);
	if ( status != SPARK_STATUS_OK )
		return(status);
	relative_backend_path = 0;
	token = SparkJsonFindObjectMember(document,object,"backend_module_path");
	status = token < 0 ? SPARK_STATUS_SCHEMA_ERROR :
		SparkJsonCopyString(document,token,&relative_backend_path);
	if ( status == SPARK_STATUS_OK )
		status = SparkResolveRuntimePath(runtime_root,relative_backend_path,
			parsed->backend_module_path,sizeof(parsed->backend_module_path));
	free(relative_backend_path);
	if ( status != SPARK_STATUS_OK )
		return(status);
	token = SparkJsonFindObjectMember(document,object,"collective_identifier");
	status = token < 0 ? SPARK_STATUS_SCHEMA_ERROR :
		SparkJsonGetUInt64(document,token,&collective_identifier);
	if ( status != SPARK_STATUS_OK || collective_identifier == 0u )
		return(status == SPARK_STATUS_OK ? SPARK_STATUS_SCHEMA_ERROR : status);
	parsed->collective_identifier = collective_identifier;
	status = SparkJsonGetUInt32Member(document,object,"listen_port",&port);
	if ( status != SPARK_STATUS_OK || port == 0u || port > UINT16_MAX )
		return(status == SPARK_STATUS_OK ? SPARK_STATUS_SCHEMA_ERROR : status);
	parsed->listen_port = (uint16_t)port;
	status = SparkJsonGetUInt32Member(document,object,
		"connect_timeout_milli",&parsed->connect_timeout_milli);
	if ( status != SPARK_STATUS_OK || parsed->connect_timeout_milli == 0u )
		return(status == SPARK_STATUS_OK ? SPARK_STATUS_SCHEMA_ERROR : status);
	status = SparkJsonGetUInt32Member(document,object,
		"operation_timeout_milli",&parsed->operation_timeout_milli);
	if ( status != SPARK_STATUS_OK || parsed->operation_timeout_milli == 0u )
[0m
Constants all match the old stanza. Two checks left: the context-token ceiling vs our 4096, and this build's `ArmSpeculation` early-return. Checking both:
[0m$ [0mssh -o BatchMode=yes sparke 'cd build/glm52_unified && grep -rn "SPARK_GLM52_MODEL_MAXIMUM_CONTEXT_TOKENS" --include=*.h --include=*.c modules/glm52_resident_decode_stage | grep -v test | head -4; echo ===ARM===; sed -n "600,651p" modules/glm52_resident_decode_stage/source/spark_glm52_serving_adapter.c'
modules/glm52_resident_decode_stage/source/spark_glm52_serving_adapter.c:749:	if ( status == SPARK_STATUS_OK && (max_sequence_positions == 0u || max_sequence_positions > SPARK_GLM52_MODEL_MAXIMUM_CONTEXT_TOKENS || execution_row_capacity == 0u || execution_row_capacity > state->common.resident_sequence_capacity) )
modules/glm52_resident_decode_stage/source/spark_glm52_paged_kv.h:35: * SPARK_GLM52_MODEL_MAXIMUM_CONTEXT_TOKENS) over the 64-token blocks
modules/glm52_resident_decode_stage/source/spark_glm52_resident_decode_stage_module.c:208:	if ( state->geometry == 0 || context->stage_index >= context->stage_count || context->first_layer_index != SparkGlm52ResidentDecodeStageFirstLayer(state->geometry,context->stage_index) || context->layer_count != state->geometry->stage_layer_counts[context->stage_index] || context->expert_weight_codec != GLM52_EXPERT_WEIGHT_CODEC || context->resident_sequence_capacity == 0u || context->resident_sequence_capacity > SPARK_GLM52_RESIDENT_DECODE_STAGE_MAX_ACTIVE_SEQUENCE_COUNT || context->pipeline_slot_count == 0u || context->pipeline_slot_count > SPARK_GLM52_RESIDENT_DECODE_STAGE_MAX_PIPELINE_SLOT_COUNT || context->max_sequence_positions == 0u || context->max_sequence_positions > SPARK_GLM52_MODEL_MAXIMUM_CONTEXT_TOKENS || context->execution_row_capacity == 0u || context->execution_row_capacity > context->resident_sequence_capacity || context->tp_degree == 0u || context->tp_rank >= context->tp_degree || context->kv_backing_directory == 0 || context->kv_backing_directory[0] == '\0' || context->stage_pack_path == 0 || context->stage_pack_path[0] == '\0' || context->model_revision == 0 || context->model_revision[0] == '\0' || strlen(context->model_revision) >= sizeof(state->model_revision) )
===ARM===
static SparkStatus SparkGlm52ServingArmSpeculation(SparkGlm52ServingState *state,uint32_t tp_degree)
{
	SparkGlm52DsparkSpeculatorConfiguration configuration;
	SparkGlm52DsparkModelContract contract;
	const char *kill_switch;
	uint32_t lane;
	SparkStatus status;
	if ( state == 0 )
		return(SPARK_STATUS_INVALID_ARGUMENT);
	kill_switch = getenv("SPARK_GLM52_SERVING_SPECULATE");
	if ( kill_switch != 0 && strcmp(kill_switch,"0") == 0 )
		state->speculate = 0u;
	if ( state->speculate == 0u )
		return(SPARK_STATUS_OK);
	if ( SPARK_GLM52_SERVING_TP_DEGREE != 1u || SPARK_GLM52_SERVING_STAGE_COUNT != 1u || tp_degree != 1u )
	{
		(void)fprintf(stderr,"GLM52-ADAPTER speculation_refused tp_degree=%u stage_count=%u reason=draft_transport_not_wired_for_fanout\n",SPARK_GLM52_SERVING_TP_DEGREE,SPARK_GLM52_SERVING_STAGE_COUNT);
		return(SPARK_STATUS_UNSUPPORTED);
	}
	if ( state->speculate_draft_rows == 0u )
		state->speculate_draft_rows = SPARK_GLM52_RESIDENT_DECODE_STAGE_DSPARK_VERIFY_ROW_COUNT;
	if ( state->speculate_draft_rows < 2u || state->speculate_draft_rows > SPARK_GLM52_RESIDENT_DECODE_STAGE_DSPARK_VERIFY_ROW_COUNT )
		return(SPARK_STATUS_SCHEMA_ERROR);
	state->spec_stamp_scratch = (uint32_t *)malloc((uint64_t)SPARK_GLM52_RESIDENT_DECODE_STAGE_MAX_INPUT_ROW_COUNT * sizeof(uint32_t));
	if ( state->spec_stamp_scratch == 0 )
		return(SPARK_STATUS_CAPACITY_EXCEEDED);
	if ( SparkGlm52DsparkBuildDefaultModelContract(&contract) != SPARK_STATUS_OK )
		return(SPARK_STATUS_INTERNAL_ERROR);
	memset(&configuration,0,sizeof(configuration));
	configuration.abi_version = SPARK_DSPARK_ABI_VERSION;
	configuration.descriptor_bytes = SPARK_GLM52_DSPARK_CONFIGURATION_DESCRIPTOR_BYTES;
	configuration.sequence_state_count = SPARK_GLM52_RESIDENT_DECODE_STAGE_MAX_ACTIVE_SEQUENCE_COUNT;
	configuration.default_speculative_token_count = SPARK_GLM52_RESIDENT_DECODE_STAGE_DSPARK_DRAFT_TOKEN_COUNT;
	configuration.minimum_confidence_milli = SPARK_GLM52_DSPARK_DEFAULT_MIN_CONFIDENCE_MILLI;
	configuration.realtime_minimum_confidence_milli = SPARK_GLM52_DSPARK_DEFAULT_REALTIME_MIN_CONFIDENCE_MILLI;
	configuration.sequence_states = state->spec_sequence_states;
	configuration.draft_function = SparkGlm52ServingPolicyDraftFunction;
	configuration.draft_context = state;
	configuration.model_contract = &contract;
	status = SparkGlm52DsparkInitialize(&state->speculator,&configuration);
	if ( status != SPARK_STATUS_OK )
		return(status);
	for (lane=0u; lane<SPARK_GLM52_RESIDENT_DECODE_STAGE_MAX_ACTIVE_SEQUENCE_COUNT; lane++)
		state->spec_lanes[lane].sequence_id = 0u;
	return(SPARK_STATUS_OK);
}

/* Policy transport stub: the drafter runs inside the module behind a frame,
 * so by the time the adapter calls EnsureDraft for a lane the ids already
 * sit in that lane's spec record. Confidence reports full until the draft
 * view carries the backend's per-token confidence upstream. */
static SparkStatus SparkGlm52ServingPolicyDraftFunction(
[0m
[0m$ [0mssh -o BatchMode=yes sparke 'cd build/glm52_unified && grep -rn "define SPARK_GLM52_MODEL_MAXIMUM_CONTEXT_TOKENS\|define SPARK_GLM52_SERVING_TP_DEGREE\|define SPARK_GLM52_RESIDENT_DECODE_STAGE_MAX_PIPELINE_SLOT_COUNT\|define SPARK_GLM52_RESIDENT_DECODE_STAGE_MAX_ACTIVE_SEQUENCE_COUNT" modules/glm52_resident_decode_stage/include -r; echo ===VALIDATE_CFG===; sed -n "/SparkStatus SparkAdapterValidateConfiguration/,/^}/p" runtime/adapter_common.c | head -50'
modules/glm52_resident_decode_stage/include/sparkpipe/spark_glm52_resident_decode_stage_firmware.h:37:#define SPARK_GLM52_RESIDENT_DECODE_STAGE_MAX_ACTIVE_SEQUENCE_COUNT \
modules/glm52_resident_decode_stage/include/sparkpipe/spark_glm52_resident_decode_stage_firmware.h:40:#define SPARK_GLM52_RESIDENT_DECODE_STAGE_MAX_PIPELINE_SLOT_COUNT 4u
===VALIDATE_CFG===
SparkStatus SparkAdapterValidateConfiguration(
	const SparkModelServingAdapterDescriptor *descriptor,
	const SparkModelServingAdapterConfiguration *configuration,
	const char *program_name,
	uint32_t stage_count)
{
	SparkStatus status;
	if ( configuration == 0 )
		return(SPARK_STATUS_INVALID_ARGUMENT);
	if ( configuration->abi_version != SPARK_MODEL_SERVING_ADAPTER_ABI_VERSION ||
		configuration->descriptor_bytes !=
			SPARK_MODEL_SERVING_ADAPTER_CONFIGURATION_BYTES )
		return(SPARK_STATUS_ABI_MISMATCH);
	status = SparkModelServingAdapterValidateRuntimeLimits(descriptor,
		&configuration->runtime_limits);
	if ( status != SPARK_STATUS_OK )
		return(status);
	if ( configuration->stage_index >= stage_count ||
		configuration->runtime_root == 0 || configuration->node_id == 0 ||
		configuration->node_target == 0 ||
		configuration->adapter_configuration_path == 0 ||
		configuration->driver_shared_object_path == 0 ||
		configuration->driver_program_name == 0 ||
		strcmp(configuration->driver_program_name,program_name) != 0 ||
		configuration->execution_stream == 0 ||
		configuration->completion_function == 0 )
		return(SPARK_STATUS_INVALID_ARGUMENT);
	return(SPARK_STATUS_OK);
}
[0m
`ValidateConfiguration` can't yield SCHEMA_ERROR. Next: `SparkAdapterLoadDriver`'s status mapping (deployed driver's provenance is shaky — publish failed, workaround script made it), plus the context-token constant:
[0m$ [0mssh -o BatchMode=yes sparke 'cd build/glm52_unified && grep -rn "define SPARK_GLM52_MODEL_MAXIMUM_CONTEXT_TOKENS" . --include=*.h --include=*.c | head -3; echo ===LOAD_DRIVER===; sed -n "/SparkStatus SparkAdapterLoadDriver/,/^}/p" runtime/adapter_common.c'
./model-families/glm52/include/sparkpipe/spark_glm52_model.h:7:#define SPARK_GLM52_MODEL_MAXIMUM_CONTEXT_TOKENS 1048576u
===LOAD_DRIVER===
SparkStatus SparkAdapterLoadDriver(
	SparkAdapterCommonState *common,
	const SparkModelServingAdapterConfiguration *configuration,
	const SparkAdapterDriverContract *contract)
{
	const SparkModelDriverDescriptor *descriptor;
	SparkModelDriverCreateRequest request;
	char error_buffer[512];
	SparkStatus status;
	SparkLoadedModelDriverReset(&common->driver);
	status = SparkLoadModelDriver(configuration->driver_shared_object_path,
		configuration->node_target,&common->driver,error_buffer,
		sizeof(error_buffer));
	if ( status != SPARK_STATUS_OK )
		return(status);
	descriptor = common->driver.interface->descriptor;
	if ( descriptor == 0 ||
		strcmp(descriptor->model_id,contract->model_id) != 0 ||
		strcmp(descriptor->model_revision,contract->model_revision) != 0 ||
		strcmp(descriptor->stage_name,contract->stage_name) != 0 ||
		(contract->target != 0 &&
			strcmp(descriptor->target,contract->target) != 0) ||
		strcmp(descriptor->model_description_sha256,
			contract->description_sha256) != 0 )
		return(SPARK_STATUS_TARGET_MISMATCH);
	common->program = SparkFindLoadedModelDriverProgram(&common->driver,
		configuration->driver_program_name);
	if ( common->program == 0 )
		return(SPARK_STATUS_NOT_FOUND);
	if ( contract->check_kind == 0u )
	{
		if ( common->driver.interface->admit == 0 ||
			common->program->submit == 0 ||
			SparkModelDriverProgramSupportsRuntimeLimits(common->program,
				contract->required_program_flags,
				common->pipeline_slot_count,
				common->max_active_sequence_count,
				common->max_input_row_count,
				common->resident_sequence_capacity) == 0u )
			return(SPARK_STATUS_TARGET_MISMATCH);
	}
	else
	{
		if ( common->driver.interface->admit == 0 ||
			common->program->submit == 0 ||
			(common->program->flags & contract->required_program_flags) !=
				contract->required_program_flags ||
			common->program->max_inflight < common->pipeline_slot_count ||
			common->program->profile == 0 ||
			common->program->profile->max_active_slots <
				common->max_active_sequence_count ||
			common->program->profile->max_new_tokens <
				common->max_input_row_count )
			return(SPARK_STATUS_TARGET_MISMATCH);
	}
	SparkModelDriverInitializeCreateRequest(&request);
	request.node_id = configuration->node_id;
	request.node_target = configuration->node_target;
	request.node_context = contract->node_context;
	request.kv_logical_page_capacity =
		configuration->runtime_limits.kv_logical_page_capacity;
	request.kv_physical_page_capacity =
		configuration->runtime_limits.kv_physical_page_capacity;
	request.kv_backing_directory = configuration->kv_backing_directory;
	request.kv_backing_maximum_bytes =
		configuration->kv_backing_maximum_bytes;
	request.execution_stream = configuration->execution_stream;
	request.completion_function = SparkAdapterOrphanDriverCompletion;
	request.completion_context = common;
	request.wake_function = SparkAdapterDispatchWake;
	request.wake_context = common;
	status = common->driver.interface->create(&request,
		&common->driver_instance);
	return(status == SPARK_STATUS_OK && common->driver_instance == 0 ?
		SPARK_STATUS_INVALID_ARGUMENT : status);
}
[0m
[93m[1m! [0mpermission requested: external_directory (/tmp/opencode/*); auto-rejecting
[0m✗ [0mmkdir -p /tmp/opencode/glm52dbg && ssh -o BatchMode=yes sparke 'cat build/glm52_unified/modules/glm52_resident_decode_stage/source/spark_glm52_serving_adapter.c' > /tmp/opencode/glm52dbg/spark_glm52_serving_adapter.c && wc -l /tmp/opencode/glm52dbg/spark_glm52_serving_adapter.c failed
[91m[1mError: [0mThe user rejected permission to use this specific tool call.
Context cap is 1M — fine. Static analysis exhausted; going empirical: build a traced copy of the adapter on sparke, install temporarily on spark8 only, rerun the solo boot, read the trace. Fetching the exact source first:
[0m
> build · x-preview-f-free
[0m
[0m→ [0mRead tools/fleet/lanes/G-glm52-bringup.state.md
[0m→ [0mRead tools/devcycle/fleet_registry.json
[0m
[0m$ [0mls tools/fleet/ tools/devcycle/ qualification/glm52/performance/tp8_bringup_20260825/ 2>&1
qualification/glm52/performance/tp8_bringup_20260825/:
step1_probe.md
step23_sha_gate.md

tools/devcycle/:
README-glm52.md
README.md
archive_ga_pro_cold.sh
batches
bbench.sh
boot-unblock
build_pro_remote.sh
build_remote.sh
bw_probe.cu
deploy_pro.sh
download_ga_pro.sh
drivers
ds4_fastboot_fix.sh
ds4_parallel_pxe_rescue.py
ds4_spark_brickproof.py
dsv4_pro_ga_migration.md
dsv4_pro_inference_path_audit.md
dsv4_pro_kv_cache_audit.md
dsv4_pro_kv_codec_plan.md
dsv4_pro_performance_estimate.md
dsv4_pro_performance_plan.md
dsv4_pro_selectability.md
dsv4_pro_single_spark_receipts.md
fabric_probe_pro.sh
finish_ga_download.sh
finish_ga_parallel.sh
first_decode_pro.sh
fix_validation_pro.py
fleet
fleet_registry.json
fleet_status.sh
ga_cold_manifest.py
ga_missing_files.py
k3_serial_tp_replay.sh
migrate_dev_system.sh
preflight_pro.sh
probe_adapter.c
publish_validator_wrapper.sh
rankpacks_ship_pro.sh
show_node_context.py
sparkpipe-fsck-health.service
sparkpipe_fleet_root.pub
sparkpipe_fsck_health.sh
sparkpipe_model_residentd.service
split_ship_pro.sh
stage_ds4_fastboot_grub.sh
templates
validate_ga_pro.sh
verify_rank_packs_pro.sh

tools/fleet/:
lane_runner.sh
lanes
status.sh
[0m
[0m✱ [0mGlob "tools/**/*.{sh,md,json}"[90m 95 matches[0m
[0m→ [0mRead tools/devcycle/README-glm52.md
[0m→ [0mRead tools/fleet/lanes/G-glm52-bringup.md
[0m→ [0mRead qualification/glm52/performance/tp8_bringup_20260825/step1_probe.md
[0m→ [0mRead qualification/glm52/performance/tp8_bringup_20260825/step23_sha_gate.md
[0m→ [0mRead tools/devcycle/first_decode_pro.sh
[0m→ [0mRead tools/fleet/lane_runner.sh
[0m
[0m$ [0mls -R qualification/glm52 2>/dev/null | head -80
performance

qualification/glm52/performance:
tp8_b16_20260816
tp8_b8_20260816
tp8_bringup_20260825

qualification/glm52/performance/tp8_b16_20260816:
glm52-b16-r1.stderr
glm52-b16-r1.stdout
glm52-b16-r2.stderr
glm52-b16-r2.stdout
glm52-b16.stderr
glm52-b16.stdout

qualification/glm52/performance/tp8_b8_20260816:
glm52-b128d.stderr
glm52-b8-toks.txt
glm52-b8.stderr
glm52-b8.stdout
glm52-multi.stderr
glm52-multi.stdout
glm52-toks.txt

qualification/glm52/performance/tp8_bringup_20260825:
step1_probe.md
step23_sha_gate.md
[0m
[0m→ [0mRead tools/fleet_swap.sh
[0m
[0m$ [0mcat tools/devcycle/sparkpipe_model_residentd.service; echo ===; ls qualification/glm52/performance/tp8_b8_20260816/; head -40 qualification/glm52/performance/tp8_b8_20260816/glm52-b8.stdout
# SparkPipe model residentd - one rank per host, launched by tools/fleet_swap.sh.
#
# Replaces the previous 'setsid -f bin/sparkpipe_model_residentd ...' launch so the
# OOM guardrails below actually apply: a cgroup OOM kills the residentd at the cap
# instead of letting swap-thrash freeze the box (freeze -> hard power-cycle ->
# dirty root -> boot wedge). MemorySwapMax=0 is REQUIRED: MemoryMax alone lets the
# 64GB swap absorb the overflow, and a swap allowance would push the kill past the
# user's 108G budget (both proven live-fire on spark2, 2026-08-17).
#
# Per-model/per-host values are injected by fleet_swap.sh via
# /etc/sparkpipe/residentd.env before 'systemctl start':
#   RUNTIME_ROOT   model runtime root (working directory + binary path)
#   RANK_INDEX     this host's rank (0..N-1)
#   MODEL          registry model id
#   HOST           spark host id
# fleet_swap.sh also writes /etc/systemd/system/sparkpipe_model_residentd.service.d/
# 10-user.conf with User=<login user> so residentd runs as the same account the
# ssh launch used (sparkdata file ownership parity), not root.
#
# NOTE: no WatchdogSec= - the residentd binary does not sd_notify, and a watchdog
# on a non-notifying service kills it every interval.
[Unit]
Description=SparkPipe model residentd (managed by tools/fleet_swap.sh)
After=network-online.target
StartLimitIntervalSec=60
StartLimitBurst=3

[Service]
Type=simple
EnvironmentFile=/etc/sparkpipe/residentd.env
# LD_LIBRARY_PATH is written into residentd.env by fleet_swap.sh (systemd does
# not reliably expand EnvironmentFile vars inside Environment= lines).
ExecStart=/bin/sh -c 'cd ${RUNTIME_ROOT} && exec ${RUNTIME_ROOT}/bin/sparkpipe_model_residentd --deployment config/model_resident.json --rank-index ${RANK_INDEX}'
StandardOutput=append:/tmp/fleet-swap-residentd.log
StandardError=append:/tmp/fleet-swap-residentd.log
StandardInput=null
Restart=on-failure
RestartSec=5s
MemoryHigh=100G
MemoryMax=108G
MemorySwapMax=0
OOMScoreAdjust=500

[Install]
WantedBy=multi-user.target
===
glm52-b128d.stderr
glm52-b8-toks.txt
glm52-b8.stderr
glm52-b8.stdout
glm52-multi.stderr
glm52-multi.stdout
glm52-toks.txt
{"schema_version":1,"event":"ready","adapter_id":"spark.glm52.serving-adapter.tp8.expert_fp8.v1","model_id":"zai-org/GLM-5.2","model_revision":"b4734de4facf877f85769a911abafc5283eab3d9","stage_count":8,"linear_weight_codec":1,"expert_weight_codec":5,"kv_cache_codec":1}
{"schema_version":1,"event":"accepted","status":0,"request_id":1,"sequence_id":1,"request_handle":4294967297,"token_id":0,"token_index":0,"generated_token_count":0,"stop_token":false}
{"schema_version":1,"event":"token","status":0,"request_id":1,"sequence_id":1,"request_handle":4294967297,"token_id":358,"token_index":0,"generated_token_count":1,"stop_token":false}
{"schema_version":1,"event":"token","status":0,"request_id":1,"sequence_id":1,"request_handle":4294967297,"token_id":2581,"token_index":1,"generated_token_count":2,"stop_token":false}
{"schema_version":1,"event":"token","status":0,"request_id":1,"sequence_id":1,"request_handle":4294967297,"token_id":5485,"token_index":2,"generated_token_count":3,"stop_token":false}
{"schema_version":1,"event":"token","status":0,"request_id":1,"sequence_id":1,"request_handle":4294967297,"token_id":419,"token_index":3,"generated_token_count":4,"stop_token":false}
{"schema_version":1,"event":"token","status":0,"request_id":1,"sequence_id":1,"request_handle":4294967297,"token_id":3743,"token_index":4,"generated_token_count":5,"stop_token":false}
{"schema_version":1,"event":"token","status":0,"request_id":1,"sequence_id":1,"request_handle":4294967297,"token_id":1573,"token_index":5,"generated_token_count":6,"stop_token":false}
{"schema_version":1,"event":"token","status":0,"request_id":1,"sequence_id":1,"request_handle":4294967297,"token_id":13,"token_index":6,"generated_token_count":7,"stop_token":false}
{"schema_version":1,"event":"token","status":0,"request_id":1,"sequence_id":1,"request_handle":4294967297,"token_id":8669,"token_index":7,"generated_token_count":8,"stop_token":false}
{"schema_version":1,"event":"token","status":0,"request_id":1,"sequence_id":1,"request_handle":4294967297,"token_id":11,"token_index":8,"generated_token_count":9,"stop_token":false}
{"schema_version":1,"event":"token","status":0,"request_id":1,"sequence_id":1,"request_handle":4294967297,"token_id":4486,"token_index":9,"generated_token_count":10,"stop_token":false}
{"schema_version":1,"event":"token","status":0,"request_id":1,"sequence_id":1,"request_handle":4294967297,"token_id":1513,"token_index":10,"generated_token_count":11,"stop_token":false}
{"schema_version":1,"event":"token","status":0,"request_id":1,"sequence_id":1,"request_handle":4294967297,"token_id":944,"token_index":11,"generated_token_count":12,"stop_token":false}
{"schema_version":1,"event":"token","status":0,"request_id":1,"sequence_id":1,"request_handle":4294967297,"token_id":3291,"token_index":12,"generated_token_count":13,"stop_token":false}
{"schema_version":1,"event":"token","status":0,"request_id":1,"sequence_id":1,"request_handle":4294967297,"token_id":752,"token_index":13,"generated_token_count":14,"stop_token":false}
{"schema_version":1,"event":"token","status":0,"request_id":1,"sequence_id":1,"request_handle":4294967297,"token_id":432,"token_index":14,"generated_token_count":15,"stop_token":false}
{"schema_version":1,"event":"token","status":0,"request_id":1,"sequence_id":1,"request_handle":4294967297,"token_id":594,"token_index":15,"generated_token_count":16,"stop_token":false}
{"schema_version":1,"event":"token","status":0,"request_id":1,"sequence_id":1,"request_handle":4294967297,"token_id":498,"token_index":16,"generated_token_count":17,"stop_token":false}
{"schema_version":1,"event":"token","status":0,"request_id":1,"sequence_id":1,"request_handle":4294967297,"token_id":0,"token_index":17,"generated_token_count":18,"stop_token":false}
{"schema_version":1,"event":"token","status":0,"request_id":1,"sequence_id":1,"request_handle":4294967297,"token_id":1446,"token_index":18,"generated_token_count":19,"stop_token":false}
{"schema_version":1,"event":"token","status":0,"request_id":1,"sequence_id":1,"request_handle":4294967297,"token_id":1414,"token_index":19,"generated_token_count":20,"stop_token":false}
{"schema_version":1,"event":"token","status":0,"request_id":1,"sequence_id":1,"request_handle":4294967297,"token_id":498,"token_index":20,"generated_token_count":21,"stop_token":false}
{"schema_version":1,"event":"token","status":0,"request_id":1,"sequence_id":1,"request_handle":4294967297,"token_id":2299,"token_index":21,"generated_token_count":22,"stop_token":false}
{"schema_version":1,"event":"token","status":0,"request_id":1,"sequence_id":1,"request_handle":4294967297,"token_id":847,"token_index":22,"generated_token_count":23,"stop_token":false}
{"schema_version":1,"event":"token","status":0,"request_id":1,"sequence_id":1,"request_handle":4294967297,"token_id":4238,"token_index":23,"generated_token_count":24,"stop_token":false}
{"schema_version":1,"event":"token","status":0,"request_id":1,"sequence_id":1,"request_handle":4294967297,"token_id":11,"token_index":24,"generated_token_count":25,"stop_token":false}
{"schema_version":1,"event":"token","status":0,"request_id":1,"sequence_id":1,"request_handle":4294967297,"token_id":847,"token_index":25,"generated_token_count":26,"stop_token":false}
{"schema_version":1,"event":"token","status":0,"request_id":1,"sequence_id":1,"request_handle":4294967297,"token_id":24184,"token_index":26,"generated_token_count":27,"stop_token":false}
{"schema_version":1,"event":"token","status":0,"request_id":1,"sequence_id":1,"request_handle":4294967297,"token_id":1850,"token_index":27,"generated_token_count":28,"stop_token":false}
{"schema_version":1,"event":"token","status":0,"request_id":1,"sequence_id":1,"request_handle":4294967297,"token_id":4238,"token_index":28,"generated_token_count":29,"stop_token":false}
{"schema_version":1,"event":"token","status":0,"request_id":1,"sequence_id":1,"request_handle":4294967297,"token_id":13,"token_index":29,"generated_token_count":30,"stop_token":false}
{"schema_version":1,"event":"token","status":0,"request_id":1,"sequence_id":1,"request_handle":4294967297,"token_id":8669,"token_index":30,"generated_token_count":31,"stop_token":false}
{"schema_version":1,"event":"token","status":0,"request_id":1,"sequence_id":1,"request_handle":4294967297,"token_id":11,"token_index":31,"generated_token_count":32,"stop_token":false}
{"schema_version":1,"event":"token","status":0,"request_id":1,"sequence_id":1,"request_handle":4294967297,"token_id":358,"token_index":32,"generated_token_count":33,"stop_token":false}
{"schema_version":1,"event":"token","status":0,"request_id":1,"sequence_id":1,"request_handle":4294967297,"token_id":646,"token_index":33,"generated_token_count":34,"stop_token":false}
{"schema_version":1,"event":"token","status":0,"request_id":1,"sequence_id":1,"request_handle":4294967297,"token_id":944,"token_index":34,"generated_token_count":35,"stop_token":false}
{"schema_version":1,"event":"token","status":0,"request_id":1,"sequence_id":1,"request_handle":4294967297,"token_id":4411,"token_index":35,"generated_token_count":36,"stop_token":false}
{"schema_version":1,"event":"token","status":0,"request_id":1,"sequence_id":1,"request_handle":4294967297,"token_id":432,"token_index":36,"generated_token_count":37,"stop_token":false}
{"schema_version":1,"event":"token","status":0,"request_id":1,"sequence_id":1,"request_handle":4294967297,"token_id":594,"token_index":37,"generated_token_count":38,"stop_token":false}
[0m
[0m✱ [0mGlob "tools/*decode*.py"[90m 2 matches[0m
[0m
[0m$ [0mcat tools/fleet/lanes/F-flash-dflash2.state.md tools/fleet/lanes/Q-qwen27b-dflash2.state.md 2>/dev/null | tail -60
[lane F-flash-dflash2] attempt 1 17:16:46
2026-08-25 17:19:51 WINDOW-OPEN: lane F claims ring for STEP1 baseline (gate24+3xO128 on lean); no other benchmark until WINDOW-CLOSE
[lane F-flash-dflash2] attempt 1 exited clean
[lane F-flash-dflash2] attempt 2 17:28:15
2026-08-25 17:30:36 WINDOW-OPEN: lane F re-claims ring for STEP1 baseline (gate24+3xO128 on lean); prior window from attempt1 never closed (no runs executed)
[lane F-flash-dflash2] attempt 2 exited clean
[lane F-flash-dflash2] attempt 3 17:31:46
[lane F-flash-dflash2] attempt 3 exited clean
[lane F-flash-dflash2] attempt 4 17:34:20
[lane F-flash-dflash2] attempt 4 exited clean
[lane F-flash-dflash2] attempt 5 17:36:39
[lane F-flash-dflash2] attempt 6 17:42:13
2026-08-25 17:42:20 WINDOW-OPEN: lane F claims ring for STEP1 baseline (gate24+3xO128 on lean control); prior attempt-2 window closed unclaimed (no runs fired); no other benchmark until WINDOW-CLOSE
[lane Q-qwen27b-dflash2] attempt 1 17:16:11
[lane Q-qwen27b-dflash2] attempt 1 17:16:46
[lane Q-qwen27b-dflash2] attempt 1 exited clean
[lane Q-qwen27b-dflash2] attempt 2 17:17:32
[lane Q-qwen27b-dflash2] attempt 2 exited clean
[lane Q-qwen27b-dflash2] attempt 3 17:17:56
[lane Q-qwen27b-dflash2] attempt 3 exited clean
[lane Q-qwen27b-dflash2] attempt 4 17:18:09
[lane Q-qwen27b-dflash2] attempt 4 exited clean
[lane Q-qwen27b-dflash2] attempt 5 17:18:49
[lane Q-qwen27b-dflash2] attempt 5 exited clean
[lane Q-qwen27b-dflash2] attempt 6 17:19:16
[lane Q-qwen27b-dflash2] attempt 6 exited clean
[lane Q-qwen27b-dflash2] attempt 7 17:20:03
[lane Q-qwen27b-dflash2] attempt 7 exited clean
[lane Q-qwen27b-dflash2] attempt 8 17:20:14
[lane Q-qwen27b-dflash2] attempt 8 exited clean
[lane Q-qwen27b-dflash2] attempt 9 17:21:08
[lane Q-qwen27b-dflash2] attempt 9 exited clean
[lane Q-qwen27b-dflash2] attempt 10 17:21:49
[lane Q-qwen27b-dflash2] attempt 10 exited clean
[lane Q-qwen27b-dflash2] attempt 11 17:23:15
[lane Q-qwen27b-dflash2] attempt 11 exited clean
[lane Q-qwen27b-dflash2] attempt 12 17:24:23
[lane Q-qwen27b-dflash2] attempt 12 exited clean
[lane Q-qwen27b-dflash2] attempt 13 17:24:35
[lane Q-qwen27b-dflash2] attempt 13 exited clean
[lane Q-qwen27b-dflash2] attempt 14 17:25:01
[17:25:52] STEP 1: lane survey — R-research deliverable docs/DFLASH2_SGLANG_ANALYSIS.md exists (GO qwen27b, BF16-head parity verdict OK); repo on unified @ origin/unified; origin/main has modules/qwen38_27b_resident_decode_stage (+13.6k lines incl serving_adapter/tp/stagepack) + qwen_3_6 layer.cuh/unity.cu deltas; working tree has 2 modified kernel files from other lanes
[17:26:07] STEP 2: read docs/MAIN_UNIFIED_DIVERGENCE_PLAN.md — Route A single merge playbook defined (17 conflicted paths expected, resolution order specified); docs/DFLASH2_SGLANG_ANALYSIS.md section 6 already gives precision-parity verdict PASS vs our mixed/FP8 pack
[17:27:37] STEP 3: mined ~/dsh.sparkpipe receipts — spark3 qwen38.fp8.tp1+DFlash2 stack: compsec17 8/17 (receipt_compsec17.json, stable rerun same score), coldstart TTFT ~64-73s + steady 4.57 tok/s (spark3_coldstart_2026-08-25.md), adapter rev bf16-h5120-l64-gdn48-full16-v248320-mtp1-v1; ops caveats: shared-box hot-swaps, drafter pack needs ~101GiB exclusive window
[17:29:12] STEP 4: preflight — HEAD c834436 == audited baseline; dirty mxfp4.cuh+spark_lm_kernels.cuh are other-lane WIP (e8m0 bit-exact fast decode citing receipt 5b27165), spark_lm_kernels.cuh overlaps a file main edits → stashing just those two before merge, will restore after
[17:30:02] STEP 5: Route A merge executed on branch merge-main-into-unified — exactly the 17 audited conflicted paths (13 UU + 4 UD); other-lane WIP parked at T/opencode/laneQ_other_lane_wip.patch
[17:36:39] STEP 6: conflict direction decided with evidence — commit 229526d on unified already consolidated origin/main INTO qwen36-named module ("both feature sets coexist") + later GB10 E2E fixes; normalized fn-inventory shows ZERO main-only functions in all 5 conflicted module files (unified strictly superset); only real main-side wins = position cap 8192->262144 (7ac8e91), API chain files (auto-merged take-main), repo Makefile infra. Resolution = unified content mechanically renamed onto qwen38_27b/qwen38_max paths + port unified-only files (paged_kv, selector_host.h, 3 selector validations, kv_stale_row validation, preflight script)
[0m
[0m✱ [0mGrep "single.rank|single_rank|rank-index 0|boot test"[90m in tools · 28 matches[0m
[0m
[0m$ [0mwc -l tools/fleet/lanes/G-glm52-bringup.log
3190 tools/fleet/lanes/G-glm52-bringup.log
[0m
[0m→ [0mRead tools/fleet/lanes/G-glm52-bringup.log[90m [offset=840, limit=180][0m
[0m→ [0mRead tools/fleet/lanes/G-glm52-bringup.log[90m [limit=420, offset=1600][0m
[0m→ [0mRead tools/fleet/lanes/G-glm52-bringup.log[90m [limit=420, offset=2020][0m
[0m→ [0mRead tools/fleet/lanes/G-glm52-bringup.log[90m [limit=400, offset=2440][0m
[0m→ [0mRead tools/fleet/lanes/G-glm52-bringup.log[90m [limit=360, offset=2840][0m
Lane resumed at attempt 5. Steps 1–3 retained (probe, seed+ship, sha gate). Step 4 (single-rank boot) previously failed with `schema_error status=6 phase=adapter_initialize` on both spark1-rank4 and spark8-rank0; static analysis of the deployed adapter (built from `sparke:~/build/glm52_unified`) exhausted without a culprit. Plan: quick fleet re-probe, then binary forensics to pin the schema_error, fix, and re-run the solo boot.
[0m
[0m$ [0mtimeout 15 ssh -o BatchMode=yes spark8 'strings ~/sparkdata/glm52.tp8.fp8/lib/model_serving_adapter.so | grep -E "serving-adapter|GLM52-ADAPTER|tp8|tp1" | sort -u'; echo ===LOCAL_REPO_DRIVER===; shasum -a 256 tools/devcycle/drivers/base/model_serving_adapter.so 2>/dev/null
GLM52-ADAPTER speculation_refused tp_degree=%u stage_count=%u reason=draft_transport_not_wired_for_fanout
spark.glm52.serving-adapter.tp8.expert_fp8.v1
===LOCAL_REPO_DRIVER===
54a2dc8ef961ad8398b2c59fcb5e0c4a4ea315dd149b2717e1ed226654c048b8  tools/devcycle/drivers/base/model_serving_adapter.so
[0m
[0m$ [0mfor h in spark8 spark9 sparka sparkb spark1 sparkd sparke sparkf; do timeout 10 ssh -o BatchMode=yes -o ConnectTimeout=6 "$h" 'hostname; pgrep -af "[b]in/sparkpipe_model_residentd" || echo NORES; ss -ltnH | grep -E ":(1948[0-7]|6362[0-7]) " || echo PORTSFREE' 2>&1 | tr '\n' ' '; echo; done
spark8 NORES PORTSFREE 
spark9 NORES PORTSFREE 
sparka NORES PORTSFREE 
sparkb NORES PORTSFREE 
spark1 NORES PORTSFREE 
sparkd NORES PORTSFREE 
sparke NORES PORTSFREE 
sparkf NORES PORTSFREE
[0m
[0m$ [0mtimeout 25 ssh -o BatchMode=yes sparke 'cat /tmp/glm52_compile_pkg.sh 2>/dev/null; echo ===PKGDIR===; ls -la ~/glm52_package/ 2>/dev/null | head -12; echo ===SOFILES===; find ~ -maxdepth 5 \( -name "*serving_adapter*.so" -o -name "model_driver.so" \) -printf "%TY-%Tm-%Td %TH:%TM %s %p\n" 2>/dev/null | sort | tail -25'
#!/usr/bin/env bash
set -x
cd "$HOME/build/glm52_unified" || exit 9
export PATH=/usr/local/cuda-13.0/bin:$PATH
export CUDA_HOME=/usr/local/cuda-13.0
{
  rm -rf "$HOME/glm52_package" &&   ./build/sparkpipe_model_compile \
      --model examples/model_descriptions/glm52_resident_decode_stage_fp8_firmware.json \
      --library build/module_library \
      --output "$HOME/glm52_package" \
      --include include \
      --cc-arg -L/usr/local/cuda-13.0/lib64 \
      --cc-arg -L/usr/lib/aarch64-linux-gnu \
      --cc-arg -lcuda \
      --cc-arg -lcudart \
      --cc-arg -lstdc++ \
      --cc-arg -lm \
      --cc-arg -ldl \
      --cc-arg -pthread \
      --cc-arg /home/sparke/build/glm52_unified/build/libsparkpipe_core.a \
      --cc-arg /home/sparke/build/glm52_unified/build/libsparkpipe_model_common.a && \
  find "$HOME/glm52_package" -name "model_driver.so" | head -3 &&   echo PUBLISH_ALL_OK
} > "$HOME/build/glm52_package_compile.log" 2>&1
exit $?===PKGDIR===
total 20
drwxrwxr-x  3 sparke sparke 4096 Aug 25 22:00 .
drwxr-x--- 34 sparke sparke 4096 Aug 25 22:00 ..
-rw-rw-r--  1 sparke sparke 5674 Aug 25 22:00 model_package.json
drwxrwxr-x  3 sparke sparke 4096 Aug 25 22:00 stages
===SOFILES===
2026-08-12 18:06 3526184 /home/sparke/srcdata/releases/dsv4-tp4-pp4-b1-d14d9ef-rank14/lib/model_driver.so
2026-08-13 00:13 273136 /home/sparke/srcdata/releases/dsv4-tp4-pp4-b1-ba45fc01-rank14/lib/model_serving_adapter.so
2026-08-13 00:17 3526120 /home/sparke/srcdata/releases/dsv4-tp4-pp4-b1-ba45fc01-rank14/lib/model_driver.so
2026-08-13 01:51 274304 /home/sparke/srcdata/releases/dsv4-tp4-pp4-b1-9e5d3446-rank14/lib/model_serving_adapter.so
2026-08-13 01:51 3527600 /home/sparke/srcdata/releases/dsv4-tp4-pp4-b1-9e5d3446-rank14/lib/model_driver.so
2026-08-13 01:52 274304 /home/sparke/sparkdata/dsv4_flash.fp8.tp4_pp4.b1/lib/model_serving_adapter.so
2026-08-13 02:22 274304 /home/sparke/srcdata/releases/dsv4-tp4-pp4-b1-bd4d6e2f-rank14/lib/model_serving_adapter.so
2026-08-13 02:22 3527600 /home/sparke/srcdata/releases/dsv4-tp4-pp4-b1-bd4d6e2f-rank14/lib/model_driver.so
2026-08-13 02:37 274304 /home/sparke/srcdata/releases/dsv4-tp4-pp4-b1-50c2143c-rank14/lib/model_serving_adapter.so
2026-08-13 02:37 3527576 /home/sparke/srcdata/releases/dsv4-tp4-pp4-b1-50c2143c-rank14/lib/model_driver.so
2026-08-13 03:06 274304 /home/sparke/srcdata/releases/dsv4-tp4-pp4-b1-6c67fe04-rank14/lib/model_serving_adapter.so
2026-08-13 03:06 3527576 /home/sparke/srcdata/releases/dsv4-tp4-pp4-b1-6c67fe04-rank14/lib/model_driver.so
2026-08-13 03:19 274304 /home/sparke/srcdata/releases/dsv4-tp4-pp4-b1-c4b04153-rank14/lib/model_serving_adapter.so
2026-08-13 03:19 3527576 /home/sparke/srcdata/releases/dsv4-tp4-pp4-b1-c4b04153-rank14/lib/model_driver.so
2026-08-13 03:21 3527576 /home/sparke/sparkdata/dsv4_flash.fp8.tp4_pp4.b1/lib/model_driver.so
2026-08-13 20:11 574184 /home/sparke/sparkpipe/build/libdsv4_tp4_pp4_b1_serving_adapter.so
2026-08-15 13:11 2919920 /home/sparke/sparkdata/qwen38.bf16.pp16/lib/model_driver.so
2026-08-15 13:25 240536 /home/sparke/sparkdata/qwen38.bf16.pp16/lib/model_serving_adapter.so
2026-08-15 16:49 6431600 /home/sparke/sparkdata/dsv4_pro.tp4pp4/lib/model_driver.so
2026-08-15 18:19 598200 /home/sparke/sparkdata/dsv4_pro.tp4pp4/lib/libdsv4_pro_tp4_pp4_serving_adapter.so
2026-08-25 15:13 3100624 /home/sparke/sparkdata/k3.mxfp4.tp16/lib/libk3_serving_adapter.so
2026-08-25 15:13 3100624 /home/sparke/sparkdata/k3.mxfp4.tp4pp4/lib/libk3_serving_adapter.so
2026-08-25 22:00 2373976 /home/sparke/glm52_package/stages/stage_000/model_driver.so
2026-08-25 22:01 2373976 /home/sparke/sparkdata/glm52.tp8.fp8/lib/model_driver.so
2026-08-25 22:23 358584 /home/sparke/sparkdata/glm52.tp8.fp8/lib/model_serving_adapter.so
[0m
[0m$ [0mtimeout 15 ssh -o BatchMode=yes spark8 'strings ~/sparkdata/glm52.tp8.fp8/lib/model_driver.so | grep -iE "schema_error|GLM52|geometry|stage_pack|model_revision|contract|mismatch" | sort -u | head -50'
.entry _Z25SparkGlm52EmbeddingKernelPKjPKtPtS3_jjj(
.entry _Z28SparkGlm52BoundaryLoadKernelPKtPtS1_mj(
.entry _Z28SparkGlm52WaveMetadataKernelPKjS0_PjS1_j(
.entry _Z29SparkGlm52BoundaryStoreKernelPKtS0_Ptmj(
.entry _Z30SparkGlm52DsparkTapStoreKernelPKtPKjjjjPtm(
.entry _Z30SparkGlm52HeadMaxlocPackKernelPKfPKjPmjj(
.entry _Z32SparkGlm52HeadMaxlocUnpackKernelPKmPjj(
.nv.capmerc.text._Z12LmGemmKernelI12LmBf16Format5LmFp8Lj16ELj128ELj64ELj2ELj8ELb0ELj0ELb0EEv15LmGemmArguments14CUtensorMap_stS3_14LmTileGeometryS4_b
.nv.capmerc.text._Z12LmGemmKernelI12LmBf16Format5LmFp8Lj16ELj128ELj64ELj2ELj8ELb1ELj0ELb0EEv15LmGemmArguments14CUtensorMap_stS3_14LmTileGeometryS4_b
.nv.capmerc.text._Z12LmGemmKernelI12LmBf16Format5LmFp8Lj32ELj128ELj64ELj2ELj8ELb0ELj0ELb0EEv15LmGemmArguments14CUtensorMap_stS3_14LmTileGeometryS4_b
.nv.capmerc.text._Z12LmGemmKernelI12LmBf16Format5LmFp8Lj32ELj128ELj64ELj2ELj8ELb1ELj0ELb0EEv15LmGemmArguments14CUtensorMap_stS3_14LmTileGeometryS4_b
.nv.capmerc.text._Z12LmGemmKernelI12LmBf16Format5LmFp8Lj64ELj128ELj64ELj2ELj8ELb0ELj0ELb0EEv15LmGemmArguments14CUtensorMap_stS3_14LmTileGeometryS4_b
.nv.capmerc.text._Z12LmGemmKernelI12LmBf16Format5LmFp8Lj64ELj128ELj64ELj2ELj8ELb1ELj0ELb0EEv15LmGemmArguments14CUtensorMap_stS3_14LmTileGeometryS4_b
.nv.capmerc.text._Z12LmGemmKernelI12LmBf16FormatS0_Lj16ELj128ELj64ELj2ELj8ELb0ELj0ELb0EEv15LmGemmArguments14CUtensorMap_stS2_14LmTileGeometryS3_b
.nv.capmerc.text._Z12LmGemmKernelI12LmBf16FormatS0_Lj32ELj128ELj64ELj2ELj8ELb0ELj0ELb0EEv15LmGemmArguments14CUtensorMap_stS2_14LmTileGeometryS3_b
.nv.capmerc.text._Z12LmGemmKernelI12LmBf16FormatS0_Lj64ELj128ELj64ELj2ELj8ELb0ELj0ELb0EEv15LmGemmArguments14CUtensorMap_stS2_14LmTileGeometryS3_b
.nv.capmerc.text._Z15LmKvStoreKernelI12LmKvGeometryILj256ELj64ELb1EELj256EEv8LmKvViewPKtPKjS6_jj
.nv.capmerc.text._Z15LmKvStoreKernelI7Glm52KvLj256EEv8LmKvViewPKtPKjS5_jj
.nv.capmerc.text._Z25SparkGlm52EmbeddingKernelPKjPKtPtS3_jjj
.nv.capmerc.text._Z27LmWeightedSparseScoreKernelI12LmKvGeometryILj256ELj64ELb1EELj256ELj128EEvPKtS3_8LmKvViewPKjS6_S6_jfPf
.nv.capmerc.text._Z28SparkGlm52BoundaryLoadKernelPKtPtS1_mj
.nv.capmerc.text._Z28SparkGlm52WaveMetadataKernelPKjS0_PjS1_j
.nv.capmerc.text._Z29LmLatentAttentionDecodeKernelI7Glm52KvLj256ELj512ELj64EEvPKtS2_8LmKvViewPKjS5_S5_jjfPtS5_
.nv.capmerc.text._Z29SparkGlm52BoundaryStoreKernelPKtS0_Ptmj
.nv.capmerc.text._Z30SparkGlm52DsparkTapStoreKernelPKtPKjjjjPtm
.nv.capmerc.text._Z30SparkGlm52HeadMaxlocPackKernelPKfPKjPmjj
.nv.capmerc.text._Z32SparkGlm52HeadMaxlocUnpackKernelPKmPjj
.nv.capmerc.text._Z33SparkGlm52DsparkArgmaxBatchKernelPKtS0_PKjjjjPj
.nv.capmerc.text._Z37SparkGlm52DsparkConfidenceBatchKernelPKtS0_S0_S0_jjPf
.nv.capmerc.text._Z37SparkGlm52DsparkGatherStageTapsKernelPKtPKjPtj
.nv.capmerc.text._Z39SparkGlm52DsparkGatherMarkovBatchKernelPKtPKjS2_Ptjj
.nv.capmerc.text._Z39SparkGlm52DsparkHeadNormRopeBatchKernelPKtS0_PKjPtjj
.nv.capmerc.text._Z41SparkGlm52DsparkBlockAttentionBatchKernelPKtS0_S0_S0_S0_PKjS2_Ptjjj
.nv.capmerc.text._Z41SparkGlm52DsparkScatterContextBatchKernelPKtS0_PKjS2_PtS3_jjj
.nv.capmerc.text._Z42SparkGlm52DsparkBuildQueryBlockBatchKernelPKtPKjPtj
.nv.constant.optimizer._Z12LmGemmKernelI12LmBf16Format5LmFp8Lj16ELj128ELj64ELj2ELj8ELb0ELj0ELb0EEv15LmGemmArguments14CUtensorMap_stS3_14LmTileGeometryS4_b
.nv.constant.optimizer._Z12LmGemmKernelI12LmBf16Format5LmFp8Lj16ELj128ELj64ELj2ELj8ELb1ELj0ELb0EEv15LmGemmArguments14CUtensorMap_stS3_14LmTileGeometryS4_b
.nv.constant.optimizer._Z12LmGemmKernelI12LmBf16Format5LmFp8Lj32ELj128ELj64ELj2ELj8ELb0ELj0ELb0EEv15LmGemmArguments14CUtensorMap_stS3_14LmTileGeometryS4_b
.nv.constant.optimizer._Z12LmGemmKernelI12LmBf16Format5LmFp8Lj32ELj128ELj64ELj2ELj8ELb1ELj0ELb0EEv15LmGemmArguments14CUtensorMap_stS3_14LmTileGeometryS4_b
.nv.constant.optimizer._Z12LmGemmKernelI12LmBf16Format5LmFp8Lj64ELj128ELj64ELj2ELj8ELb0ELj0ELb0EEv15LmGemmArguments14CUtensorMap_stS3_14LmTileGeometryS4_b
.nv.constant.optimizer._Z12LmGemmKernelI12LmBf16Format5LmFp8Lj64ELj128ELj64ELj2ELj8ELb1ELj0ELb0EEv15LmGemmArguments14CUtensorMap_stS3_14LmTileGeometryS4_b
.nv.constant0._Z12LmGemmKernelI12LmBf16Format5LmFp8Lj16ELj128ELj64ELj2ELj8ELb0ELj0ELb0EEv15LmGemmArguments14CUtensorMap_stS3_14LmTileGeometryS4_b
.nv.constant0._Z12LmGemmKernelI12LmBf16Format5LmFp8Lj16ELj128ELj64ELj2ELj8ELb1ELj0ELb0EEv15LmGemmArguments14CUtensorMap_stS3_14LmTileGeometryS4_b
.nv.constant0._Z12LmGemmKernelI12LmBf16Format5LmFp8Lj32ELj128ELj64ELj2ELj8ELb0ELj0ELb0EEv15LmGemmArguments14CUtensorMap_stS3_14LmTileGeometryS4_b
.nv.constant0._Z12LmGemmKernelI12LmBf16Format5LmFp8Lj32ELj128ELj64ELj2ELj8ELb1ELj0ELb0EEv15LmGemmArguments14CUtensorMap_stS3_14LmTileGeometryS4_b
.nv.constant0._Z12LmGemmKernelI12LmBf16Format5LmFp8Lj64ELj128ELj64ELj2ELj8ELb0ELj0ELb0EEv15LmGemmArguments14CUtensorMap_stS3_14LmTileGeometryS4_b
.nv.constant0._Z12LmGemmKernelI12LmBf16Format5LmFp8Lj64ELj128ELj64ELj2ELj8ELb1ELj0ELb0EEv15LmGemmArguments14CUtensorMap_stS3_14LmTileGeometryS4_b
.nv.constant0._Z12LmGemmKernelI12LmBf16FormatS0_Lj16ELj128ELj64ELj2ELj8ELb0ELj0ELb0EEv15LmGemmArguments14CUtensorMap_stS2_14LmTileGeometryS3_b
.nv.constant0._Z12LmGemmKernelI12LmBf16FormatS0_Lj32ELj128ELj64ELj2ELj8ELb0ELj0ELb0EEv15LmGemmArguments14CUtensorMap_stS2_14LmTileGeometryS3_b
.nv.constant0._Z12LmGemmKernelI12LmBf16FormatS0_Lj64ELj128ELj64ELj2ELj8ELb0ELj0ELb0EEv15LmGemmArguments14CUtensorMap_stS2_14LmTileGeometryS3_b
[0m
Fleet clean (no residentd, ports free). Deployed adapter self-identifies as **tp8** (`spark.glm52.serving-adapter.tp8.expert_fp8.v1`) — topology constant is right. Prime suspect shifts to the `model_driver.so` side of `adapter_initialize` (it was built via a workaround after the package publish failed with CUDA link errors). Gathering provenance:
[0m$ [0mls -la tools/devcycle/drivers/base/ 2>/dev/null; strings tools/devcycle/drivers/base/model_serving_adapter.so 2>/dev/null | grep -E "serving-adapter\.|LoadConfiguration rc" | sort -u | head
total 16568
drwxr-xr-x  7 mac  staff      224 Aug 25 14:29 .
drwxr-xr-x  3 mac  staff       96 Aug 25 14:28 ..
-rwxr-xr-x  1 mac  staff   200832 Aug 25 14:29 hidden_transport.so
-rwxr-xr-x  1 mac  staff  6760088 Aug 25 14:29 model_driver.so
-rwxr-xr-x  1 mac  staff   284088 Aug 25 14:29 model_serving_adapter.so
-rwxr-xr-x  1 mac  staff   745728 Aug 25 14:29 sparkpipe_model_batch
-rwxr-xr-x  1 mac  staff   476872 Aug 25 14:29 sparkpipe_model_residentd
spark.dsv4.flash-0731.serving-adapter.tp4.v1
[0m
[0m$ [0mcat >> tools/fleet/lanes/G-glm52-bringup.state.md <<'EOF'
[2026-08-25 17:5x] STEP 4 (wip): solo boots spark8-rank0 & spark1-rank4 both fail schema_error(6) @adapter_initialize; deployed adapter==tp8 id, members/schema v4 walk clean -> instrumenting: traced adapter .so on sparke -> spark8-only redeploy + solo rerun; backups first
EOF
(no output)
[0m
Key provenance findings:
- Deployed `model_driver.so` came from the *workaround* package build (`glm52_compile_pkg.sh`, 22:00) — it succeeded (`~/glm52_package/stages/stage_000/model_driver.so`, same size/hash-era as deployed).
- Local repo `tools/devcycle/drivers/base/` is a **dsv4-flash** runtime (adapter id `spark.dsv4.flash-0731.serving-adapter.tp4.v1`) — not a glm52 backup. No pre-today glm52 libs found on sparke → forward-fix required.
- Failure is silent because the deployed adapter vintage has no trace prints; suspect sites: adapter `LoadConfiguration` or module `Configure` inside the workaround-built driver.

Recording a WIP marker, then going empirical: line-traced adapter build on sparke, deploy to spark8 only, solo boot.
[0m$ [0mtimeout 60 ssh -o BatchMode=yes sparke 'set -e
cd ~/build/glm52_unified/modules/glm52_resident_decode_stage/source
cp spark_glm52_serving_adapter.c /tmp/spark_glm52_serving_adapter.c.orig
sed "s/return(SPARK_STATUS_SCHEMA_ERROR)/{(void)fprintf(stderr,\"GLM52TRACE schema_line=%d\\\\n\",__LINE__);return(SPARK_STATUS_SCHEMA_ERROR);}/g; s/return(SPARK_STATUS_TARGET_MISMATCH)/{(void)fprintf(stderr,\"GLM52TRACE target_mismatch_line=%d\\\\n\",__LINE__);return(SPARK_STATUS_TARGET_MISMATCH);}/g" spark_glm52_serving_adapter.c > /tmp/traced_adapter.c
grep -c GLM52TRACE /tmp/traced_adapter.c'
2
[0m
Only 2 sed hits — the vintage uses `status = SPARK_STATUS_SCHEMA_ERROR` assignments and ternaries, so blanket sed won't cut it. Doing precise edits locally instead:
[0m$ [0mmkdir -p /var/folders/p8/d74_8vwn0_q8rkgfym3s623c0000gp/T/opencode/glm52dbg && timeout 30 ssh -o BatchMode=yes sparke 'cat ~/build/glm52_unified/modules/glm52_resident_decode_stage/source/spark_glm52_serving_adapter.c' > /var/folders/p8/d74_8vwn0_q8rkgfym3s623c0000gp/T/opencode/glm52dbg/spark_glm52_serving_adapter.c && wc -l /var/folders/p8/d74_8vwn0_q8rkgfym3s623c0000gp/T/opencode/glm52dbg/spark_glm52_serving_adapter.c
1257 /var/folders/p8/d74_8vwn0_q8rkgfym3s623c0000gp/T/opencode/glm52dbg/spark_glm52_serving_adapter.c
[0m
[0m$ [0mgrep -n "return(status);" /var/folders/p8/d74_8vwn0_q8rkgfym3s623c0000gp/T/opencode/glm52dbg/spark_glm52_serving_adapter.c | head; grep -n "SparkGlm52ServingLoadDriver(state,configuration);\|SparkGlm52ServingArmSpeculation(state,tp_degree);\|status = SparkGlm52ServingLoadConfiguration\|free(relative_stage_pack_path);" /var/folders/p8/d74_8vwn0_q8rkgfym3s623c0000gp/T/opencode/glm52dbg/spark_glm52_serving_adapter.c
247:		return(status);
350:	return(status);
575:	return(status);
641:		return(status);
740:		return(status);
790:		return(status);
828:	return(status);
1115:			return(status);
1121:			return(status);
1195:		return(status);
349:	free(relative_stage_pack_path);
748:	status = SparkGlm52ServingLoadConfiguration(configuration->adapter_configuration_path,configuration->runtime_root,state,&max_sequence_positions,&execution_row_capacity,&tp_degree,&tp_rank);
783:		status = SparkGlm52ServingLoadDriver(state,configuration);
786:		status = SparkGlm52ServingArmSpeculation(state,tp_degree);
[0m
[0m→ [0mRead /var/folders/p8/d74_8vwn0_q8rkgfym3s623c0000gp/T/opencode/glm52dbg/spark_glm52_serving_adapter.c[90m [limit=18, offset=340][0m
[0m
[0m← [0mEdit /var/folders/p8/d74_8vwn0_q8rkgfym3s623c0000gp/T/opencode/glm52dbg/spark_glm52_serving_adapter.c
Index: /var/folders/p8/d74_8vwn0_q8rkgfym3s623c0000gp/T/opencode/glm52dbg/spark_glm52_serving_adapter.c
===================================================================
--- /var/folders/p8/d74_8vwn0_q8rkgfym3s623c0000gp/T/opencode/glm52dbg/spark_glm52_serving_adapter.c
+++ /var/folders/p8/d74_8vwn0_q8rkgfym3s623c0000gp/T/opencode/glm52dbg/spark_glm52_serving_adapter.c
@@ -346,8 +346,9 @@
 	SparkJsonDocumentDestroy(&document);
 	if ( status == SPARK_STATUS_OK )
 		status = SparkResolveRuntimePath(runtime_root,relative_stage_pack_path,state->stage_pack_path,sizeof(state->stage_pack_path));
 	free(relative_stage_pack_path);
+	(void)fprintf(stderr,"GLM52TRACE LoadConfiguration rc=%d tp_degree=%u tp_rank=%u max_seq=%u row_cap=%u speculate=%u\n",(int)status,tp_degree,*tp_rank,max_sequence_positions,*execution_row_capacity,state->speculate);
 	return(status);
 }
 
 static SparkStatus SparkGlm52ServingValidateRowOrder(

[0m
[0m→ [0mRead /var/folders/p8/d74_8vwn0_q8rkgfym3s623c0000gp/T/opencode/glm52dbg/spark_glm52_serving_adapter.c[90m [limit=50, offset=744][0m
[0m
[0m← [0mEdit /var/folders/p8/d74_8vwn0_q8rkgfym3s623c0000gp/T/opencode/glm52dbg/spark_glm52_serving_adapter.c
Index: /var/folders/p8/d74_8vwn0_q8rkgfym3s623c0000gp/T/opencode/glm52dbg/spark_glm52_serving_adapter.c
===================================================================
--- /var/folders/p8/d74_8vwn0_q8rkgfym3s623c0000gp/T/opencode/glm52dbg/spark_glm52_serving_adapter.c
+++ /var/folders/p8/d74_8vwn0_q8rkgfym3s623c0000gp/T/opencode/glm52dbg/spark_glm52_serving_adapter.c
@@ -746,12 +746,13 @@
 (void)SparkAdapterInitializePrologue(&state->common,configuration);
 state->common.pending = &state->pending[0].core;
 state->common.pending_element_bytes = sizeof(state->pending[0]);
 status = SparkGlm52ServingLoadConfiguration(configuration->adapter_configuration_path,configuration->runtime_root,state,&max_sequence_positions,&execution_row_capacity,&tp_degree,&tp_rank);
+(void)fprintf(stderr,"GLM52TRACE init after_LoadConfiguration rc=%d\n",(int)status);
 if ( status == SPARK_STATUS_OK && (max_sequence_positions == 0u || max_sequence_positions > SPARK_GLM52_MODEL_MAXIMUM_CONTEXT_TOKENS || execution_row_capacity == 0u || execution_row_capacity > state->common.resident_sequence_capacity) )
-	status = SPARK_STATUS_SCHEMA_ERROR;
+	{(void)fprintf(stderr,"GLM52TRACE init range_check_fail max_seq=%u row_cap=%u resident_cap=%u\n",max_sequence_positions,execution_row_capacity,state->common.resident_sequence_capacity);status = SPARK_STATUS_SCHEMA_ERROR;}
 if ( status == SPARK_STATUS_OK && (tp_rank != configuration->stage_index || tp_degree != SPARK_GLM52_SERVING_TP_DEGREE) )
-	status = SPARK_STATUS_SCHEMA_ERROR;
+	{(void)fprintf(stderr,"GLM52TRACE init rank_check_fail tp_rank=%u stage_index=%u tp_degree=%u serving_tp=%u\n",tp_rank,configuration->stage_index,tp_degree,SPARK_GLM52_SERVING_TP_DEGREE);status = SPARK_STATUS_SCHEMA_ERROR;}
 if ( status == SPARK_STATUS_OK )
 	status = SparkGlm52ServingStageSpeculatorEnvironment(state);
 if ( status == SPARK_STATUS_OK )
 {

[0m
[0m← [0mEdit /var/folders/p8/d74_8vwn0_q8rkgfym3s623c0000gp/T/opencode/glm52dbg/spark_glm52_serving_adapter.c
Index: /var/folders/p8/d74_8vwn0_q8rkgfym3s623c0000gp/T/opencode/glm52dbg/spark_glm52_serving_adapter.c
===================================================================
--- /var/folders/p8/d74_8vwn0_q8rkgfym3s623c0000gp/T/opencode/glm52dbg/spark_glm52_serving_adapter.c
+++ /var/folders/p8/d74_8vwn0_q8rkgfym3s623c0000gp/T/opencode/glm52dbg/spark_glm52_serving_adapter.c
@@ -782,11 +782,15 @@
 	state->node_context.tp_collective_backend_module_path = state->tp_collective_backend_path;
 	state->node_context.kv_backing_directory = configuration->kv_backing_directory;
 	state->node_context.kv_backing_maximum_bytes = configuration->kv_backing_maximum_bytes;
 	status = SparkGlm52ServingLoadDriver(state,configuration);
+	(void)fprintf(stderr,"GLM52TRACE init after_LoadDriver rc=%d\n",(int)status);
 }
 if ( status == SPARK_STATUS_OK )
+{
 	status = SparkGlm52ServingArmSpeculation(state,tp_degree);
+	(void)fprintf(stderr,"GLM52TRACE init after_ArmSpeculation rc=%d\n",(int)status);
+}
 if ( status != SPARK_STATUS_OK )
 {
 	SparkGlm52ServingDestroy(state);
 	return(status);

[0m
[0m$ [0mgrep -n "ValidateObjectMembersExact\|schema_version != SPARK\|LoadTpCollective(&document" /var/folders/p8/d74_8vwn0_q8rkgfym3s623c0000gp/T/opencode/glm52dbg/spark_glm52_serving_adapter.c
284:		status = SparkJsonValidateObjectMembersExact(&document,root,SparkGlm52ServingConfigurationTpMembers,(uint32_t)(sizeof(SparkGlm52ServingConfigurationTpMembers) / sizeof(SparkGlm52ServingConfigurationTpMembers[0])));
286:		status = SparkJsonValidateObjectMembersExact(&document,root,SparkGlm52ServingConfigurationMembers,(uint32_t)(sizeof(SparkGlm52ServingConfigurationMembers) / sizeof(SparkGlm52ServingConfigurationMembers[0])));
289:	if ( status == SPARK_STATUS_OK && schema_version != SPARK_GLM52_SERVING_ADAPTER_CONFIGURATION_SCHEMA_VERSION )
315:			status = SparkGlm52ServingLoadTpCollective(&document,root,runtime_root,state,*tp_degree);
[0m
Adding finer traces inside `LoadConfiguration` (members-exact, schema_version, tp_collective) so one boot pinpoints the failing sub-step:
[0m→ [0mRead /var/folders/p8/d74_8vwn0_q8rkgfym3s623c0000gp/T/opencode/glm52dbg/spark_glm52_serving_adapter.c[90m [limit=36, offset=280][0m
[0m
[0m← [0mEdit /var/folders/p8/d74_8vwn0_q8rkgfym3s623c0000gp/T/opencode/glm52dbg/spark_glm52_serving_adapter.c
Index: /var/folders/p8/d74_8vwn0_q8rkgfym3s623c0000gp/T/opencode/glm52dbg/spark_glm52_serving_adapter.c
===================================================================
--- /var/folders/p8/d74_8vwn0_q8rkgfym3s623c0000gp/T/opencode/glm52dbg/spark_glm52_serving_adapter.c
+++ /var/folders/p8/d74_8vwn0_q8rkgfym3s623c0000gp/T/opencode/glm52dbg/spark_glm52_serving_adapter.c
@@ -283,12 +283,13 @@
 if ( status == SPARK_STATUS_OK && *tp_degree > 1u )
 	status = SparkJsonValidateObjectMembersExact(&document,root,SparkGlm52ServingConfigurationTpMembers,(uint32_t)(sizeof(SparkGlm52ServingConfigurationTpMembers) / sizeof(SparkGlm52ServingConfigurationTpMembers[0])));
 else if ( status == SPARK_STATUS_OK )
 	status = SparkJsonValidateObjectMembersExact(&document,root,SparkGlm52ServingConfigurationMembers,(uint32_t)(sizeof(SparkGlm52ServingConfigurationMembers) / sizeof(SparkGlm52ServingConfigurationMembers[0])));
+(void)fprintf(stderr,"GLM52TRACE lc members_exact rc=%d\n",(int)status);
 if ( status == SPARK_STATUS_OK )
 	status = SparkJsonGetUInt32Member(&document,root,"schema_version",&schema_version);
 if ( status == SPARK_STATUS_OK && schema_version != SPARK_GLM52_SERVING_ADAPTER_CONFIGURATION_SCHEMA_VERSION )
-	status = SPARK_STATUS_SCHEMA_ERROR;
+	{(void)fprintf(stderr,"GLM52TRACE lc schema_version=%u expected=%u\n",schema_version,SPARK_GLM52_SERVING_ADAPTER_CONFIGURATION_SCHEMA_VERSION);status = SPARK_STATUS_SCHEMA_ERROR;}
 token = status == SPARK_STATUS_OK ? SparkJsonFindObjectMember(&document,root,"model_revision") : -1;
 if ( status == SPARK_STATUS_OK && (token < 0 || !SparkJsonStringEquals(&document,token,GLM52_MODEL_REVISION)) )
 	status = SPARK_STATUS_SCHEMA_ERROR;
 token = status == SPARK_STATUS_OK ? SparkJsonFindObjectMember(&document,root,"expert_weight_codec") : -1;

[0m
[0m← [0mEdit /var/folders/p8/d74_8vwn0_q8rkgfym3s623c0000gp/T/opencode/glm52dbg/spark_glm52_serving_adapter.c
Index: /var/folders/p8/d74_8vwn0_q8rkgfym3s623c0000gp/T/opencode/glm52dbg/spark_glm52_serving_adapter.c
===================================================================
--- /var/folders/p8/d74_8vwn0_q8rkgfym3s623c0000gp/T/opencode/glm52dbg/spark_glm52_serving_adapter.c
+++ /var/folders/p8/d74_8vwn0_q8rkgfym3s623c0000gp/T/opencode/glm52dbg/spark_glm52_serving_adapter.c
@@ -310,11 +310,14 @@
 	status = SPARK_STATUS_SCHEMA_ERROR;
 if ( status == SPARK_STATUS_OK && *tp_degree != 1u )
 {
 	if ( SparkJsonFindObjectMember(&document,root,"tp_collective") < 0 )
-		status = SPARK_STATUS_SCHEMA_ERROR;
+		{(void)fprintf(stderr,"GLM52TRACE lc tp_collective_missing\n");status = SPARK_STATUS_SCHEMA_ERROR;}
 	if ( status == SPARK_STATUS_OK )
+	{
 		status = SparkGlm52ServingLoadTpCollective(&document,root,runtime_root,state,*tp_degree);
+		(void)fprintf(stderr,"GLM52TRACE lc LoadTpCollective rc=%d\n",(int)status);
+	}
 }
 if ( status == SPARK_STATUS_OK )
 {
 	token = SparkJsonFindObjectMember(&document,root,"speculation_enabled");

[0m
Traced source ready. Pushing to sparke, compiling with the exact original cc line, deploying to spark8 **only** (with backup):
[0m$ [0mtimeout 30 scp -o BatchMode=yes /var/folders/p8/d74_8vwn0_q8rkgfym3s623c0000gp/T/opencode/glm52dbg/spark_glm52_serving_adapter.c sparke:/tmp/traced_adapter.c && timeout 120 ssh -o BatchMode=yes sparke 'cd ~/build/glm52_unified/modules/glm52_resident_decode_stage && cc -std=c11 -Wall -Wextra -Werror -O3 -D_GNU_SOURCE -D_POSIX_C_SOURCE=200809L -D_FILE_OFFSET_BITS=64 -fPIC -shared -I~/build/glm52_unified/src -I../../include -I../../model-families/common/include -I../../model-families/glm52/include -I../../modules/glm52_resident_decode_stage/include -I../../modules/glm52_resident_decode_stage/source -I../.. -DGLM52_EXPERT_WEIGHT_CODEC=5 -DGLM52_EXPERT_CODEC_NAME="fp8" -DGLM52_MODEL_REVISION="b4734de4facf877f85769a911abafc5283eab3d9" -DGLM52_CONTRACT_SHA256="ec5afd74d2ba0c913474f30d78209b4a49fa87667845f2968039fddad0fead7a" -USPARK_BATCH_BUCKET -DSPARK_BATCH_BUCKET=1024u /tmp/traced_adapter.c source/spark_glm52_paged_kv.c ~/build/glm52_unified/build/libsparkpipe_runtime.a ~/build/glm52_unified/build/libsparkpipe_model_common.a ~/build/glm52_unified/build/libglm52_host.a ~/build/glm52_unified/build/libsparkpipe_core.a -ldl -pthread -o /tmp/libglm52_serving_adapter_fp8_traced.so && ls -la /tmp/libglm52_serving_adapter_fp8_traced.so && echo COMPILE_OK'
/tmp/traced_adapter.c:6:10: fatal error: spark_filesystem.h: No such file or directory
    6 | #include "spark_filesystem.h"
      |          ^~~~~~~~~~~~~~~~~~~~
compilation terminated.
[0m
[0m$ [0mtimeout 120 ssh -o BatchMode=yes sparke 'cd ~/build/glm52_unified/modules/glm52_resident_decode_stage && cc -std=c11 -Wall -Wextra -Werror -O3 -D_GNU_SOURCE -D_POSIX_C_SOURCE=200809L -D_FILE_OFFSET_BITS=64 -fPIC -shared -I/home/sparke/build/glm52_unified/src -I../../include -I../../model-families/common/include -I../../model-families/glm52/include -I../../modules/glm52_resident_decode_stage/include -I../../modules/glm52_resident_decode_stage/source -I../.. -DGLM52_EXPERT_WEIGHT_CODEC=5 -DGLM52_EXPERT_CODEC_NAME="fp8" -DGLM52_MODEL_REVISION="b4734de4facf877f85769a911abafc5283eab3d9" -DGLM52_CONTRACT_SHA256="ec5afd74d2ba0c913474f30d78209b4a49fa87667845f2968039fddad0fead7a" -USPARK_BATCH_BUCKET -DSPARK_BATCH_BUCKET=1024u /tmp/traced_adapter.c source/spark_glm52_paged_kv.c /home/sparke/build/glm52_unified/build/libsparkpipe_runtime.a /home/sparke/build/glm52_unified/build/libsparkpipe_model_common.a /home/sparke/build/glm52_unified/build/libglm52_host.a /home/sparke/build/glm52_unified/build/libsparkpipe_core.a -ldl -pthread -o /tmp/libglm52_serving_adapter_fp8_traced.so && ls -la /tmp/libglm52_serving_adapter_fp8_traced.so && echo COMPILE_OK'
../../modules/glm52_resident_decode_stage/include/sparkpipe/spark_glm52_batch_tuning.h: In function 'SparkGlm52BatchVariantModuleId':
<command-line>: error: expected ')' before 'fp8'
../../modules/glm52_resident_decode_stage/include/sparkpipe/spark_glm52_batch_tuning.h:79:58: note: in expansion of macro 'GLM52_EXPERT_CODEC_NAME'
   79 |         "spark.glm52.resident_decode_stage.bf16.expert_" GLM52_EXPERT_CODEC_NAME \
      |                                                          ^~~~~~~~~~~~~~~~~~~~~~~
../../modules/glm52_resident_decode_stage/include/sparkpipe/spark_glm52_batch_tuning.h:84:9: note: in expansion of macro 'SPARK_GLM52_BATCH_VARIANT_MODULE_ID_PREFIX'
   84 |         SPARK_GLM52_BATCH_VARIANT_MODULE_ID_PREFIX ".b1." \
      |         ^~~~~~~~~~~~~~~~~~~~~~~~~~~~~~~~~~~~~~~~~~
../../modules/glm52_resident_decode_stage/include/sparkpipe/spark_glm52_batch_tuning.h:199:24: note: in expansion of macro 'SPARK_GLM52_BATCH_VARIANT_MODULE_ID_B1'
  199 |                 return(SPARK_GLM52_BATCH_VARIANT_MODULE_ID_B1);
      |                        ^~~~~~~~~~~~~~~~~~~~~~~~~~~~~~~~~~~~~~
In file included from ../../modules/glm52_resident_decode_stage/include/sparkpipe/spark_glm52_resident_decode_stage_firmware.h:14,
                 from /tmp/traced_adapter.c:8:
../../modules/glm52_resident_decode_stage/include/sparkpipe/spark_glm52_batch_tuning.h:199:23: note: to match this '('
  199 |                 return(SPARK_GLM52_BATCH_VARIANT_MODULE_ID_B1);
      |                       ^
<command-line>: error: expected ')' before 'fp8'
../../modules/glm52_resident_decode_stage/include/sparkpipe/spark_glm52_batch_tuning.h:79:58: note: in expansion of macro 'GLM52_EXPERT_CODEC_NAME'
   79 |         "spark.glm52.resident_decode_stage.bf16.expert_" GLM52_EXPERT_CODEC_NAME \
      |                                                          ^~~~~~~~~~~~~~~~~~~~~~~
../../modules/glm52_resident_decode_stage/include/sparkpipe/spark_glm52_batch_tuning.h:87:9: note: in expansion of macro 'SPARK_GLM52_BATCH_VARIANT_MODULE_ID_PREFIX'
   87 |         SPARK_GLM52_BATCH_VARIANT_MODULE_ID_PREFIX ".b2." \
      |         ^~~~~~~~~~~~~~~~~~~~~~~~~~~~~~~~~~~~~~~~~~
../../modules/glm52_resident_decode_stage/include/sparkpipe/spark_glm52_batch_tuning.h:201:24: note: in expansion of macro 'SPARK_GLM52_BATCH_VARIANT_MODULE_ID_B2'
  201 |                 return(SPARK_GLM52_BATCH_VARIANT_MODULE_ID_B2);
      |                        ^~~~~~~~~~~~~~~~~~~~~~~~~~~~~~~~~~~~~~
../../modules/glm52_resident_decode_stage/include/sparkpipe/spark_glm52_batch_tuning.h:201:23: note: to match this '('
  201 |                 return(SPARK_GLM52_BATCH_VARIANT_MODULE_ID_B2);
      |                       ^
<command-line>: error: expected ')' before 'fp8'
../../modules/glm52_resident_decode_stage/include/sparkpipe/spark_glm52_batch_tuning.h:79:58: note: in expansion of macro 'GLM52_EXPERT_CODEC_NAME'
   79 |         "spark.glm52.resident_decode_stage.bf16.expert_" GLM52_EXPERT_CODEC_NAME \
      |                                                          ^~~~~~~~~~~~~~~~~~~~~~~
../../modules/glm52_resident_decode_stage/include/sparkpipe/spark_glm52_batch_tuning.h:90:9: note: in expansion of macro 'SPARK_GLM52_BATCH_VARIANT_MODULE_ID_PREFIX'
   90 |         SPARK_GLM52_BATCH_VARIANT_MODULE_ID_PREFIX ".b4." \
      |         ^~~~~~~~~~~~~~~~~~~~~~~~~~~~~~~~~~~~~~~~~~
../../modules/glm52_resident_decode_stage/include/sparkpipe/spark_glm52_batch_tuning.h:203:24: note: in expansion of macro 'SPARK_GLM52_BATCH_VARIANT_MODULE_ID_B4'
  203 |                 return(SPARK_GLM52_BATCH_VARIANT_MODULE_ID_B4);
      |                        ^~~~~~~~~~~~~~~~~~~~~~~~~~~~~~~~~~~~~~
../../modules/glm52_resident_decode_stage/include/sparkpipe/spark_glm52_batch_tuning.h:203:23: note: to match this '('
  203 |                 return(SPARK_GLM52_BATCH_VARIANT_MODULE_ID_B4);
      |                       ^
<command-line>: error: expected ')' before 'fp8'
../../modules/glm52_resident_decode_stage/include/sparkpipe/spark_glm52_batch_tuning.h:79:58: note: in expansion of macro 'GLM52_EXPERT_CODEC_NAME'
   79 |         "spark.glm52.resident_decode_stage.bf16.expert_" GLM52_EXPERT_CODEC_NAME \
      |                                                          ^~~~~~~~~~~~~~~~~~~~~~~
../../modules/glm52_resident_decode_stage/include/sparkpipe/spark_glm52_batch_tuning.h:93:9: note: in expansion of macro 'SPARK_GLM52_BATCH_VARIANT_MODULE_ID_PREFIX'
   93 |         SPARK_GLM52_BATCH_VARIANT_MODULE_ID_PREFIX ".b8." \
      |         ^~~~~~~~~~~~~~~~~~~~~~~~~~~~~~~~~~~~~~~~~~
../../modules/glm52_resident_decode_stage/include/sparkpipe/spark_glm52_batch_tuning.h:205:24: note: in expansion of macro 'SPARK_GLM52_BATCH_VARIANT_MODULE_ID_B8'
  205 |                 return(SPARK_GLM52_BATCH_VARIANT_MODULE_ID_B8);
      |                        ^~~~~~~~~~~~~~~~~~~~~~~~~~~~~~~~~~~~~~
../../modules/glm52_resident_decode_stage/include/sparkpipe/spark_glm52_batch_tuning.h:205:23: note: to match this '('
  205 |                 return(SPARK_GLM52_BATCH_VARIANT_MODULE_ID_B8);
      |                       ^
<command-line>: error: expected ')' before 'fp8'
../../modules/glm52_resident_decode_stage/include/sparkpipe/spark_glm52_batch_tuning.h:79:58: note: in expansion of macro 'GLM52_EXPERT_CODEC_NAME'
   79 |         "spark.glm52.resident_decode_stage.bf16.expert_" GLM52_EXPERT_CODEC_NAME \
      |                                                          ^~~~~~~~~~~~~~~~~~~~~~~
../../modules/glm52_resident_decode_stage/include/sparkpipe/spark_glm52_batch_tuning.h:96:9: note: in expansion of macro 'SPARK_GLM52_BATCH_VARIANT_MODULE_ID_PREFIX'
   96 |         SPARK_GLM52_BATCH_VARIANT_MODULE_ID_PREFIX ".b16." \
      |         ^~~~~~~~~~~~~~~~~~~~~~~~~~~~~~~~~~~~~~~~~~
../../modules/glm52_resident_decode_stage/include/sparkpipe/spark_glm52_batch_tuning.h:207:24: note: in expansion of macro 'SPARK_GLM52_BATCH_VARIANT_MODULE_ID_B16'
  207 |                 return(SPARK_GLM52_BATCH_VARIANT_MODULE_ID_B16);
      |                        ^~~~~~~~~~~~~~~~~~~~~~~~~~~~~~~~~~~~~~~
../../modules/glm52_resident_decode_stage/include/sparkpipe/spark_glm52_batch_tuning.h:207:23: note: to match this '('
  207 |                 return(SPARK_GLM52_BATCH_VARIANT_MODULE_ID_B16);
      |                       ^
<command-line>: error: expected ')' before 'fp8'
../../modules/glm52_resident_decode_stage/include/sparkpipe/spark_glm52_batch_tuning.h:79:58: note: in expansion of macro 'GLM52_EXPERT_CODEC_NAME'
   79 |         "spark.glm52.resident_decode_stage.bf16.expert_" GLM52_EXPERT_CODEC_NAME \
      |                                                          ^~~~~~~~~~~~~~~~~~~~~~~
../../modules/glm52_resident_decode_stage/include/sparkpipe/spark_glm52_batch_tuning.h:99:9: note: in expansion of macro 'SPARK_GLM52_BATCH_VARIANT_MODULE_ID_PREFIX'
   99 |         SPARK_GLM52_BATCH_VARIANT_MODULE_ID_PREFIX ".b32." \
      |         ^~~~~~~~~~~~~~~~~~~~~~~~~~~~~~~~~~~~~~~~~~
../../modules/glm52_resident_decode_stage/include/sparkpipe/spark_glm52_batch_tuning.h:209:24: note: in expansion of macro 'SPARK_GLM52_BATCH_VARIANT_MODULE_ID_B32'
  209 |                 return(SPARK_GLM52_BATCH_VARIANT_MODULE_ID_B32);
      |                        ^~~~~~~~~~~~~~~~~~~~~~~~~~~~~~~~~~~~~~~
../../modules/glm52_resident_decode_stage/include/sparkpipe/spark_glm52_batch_tuning.h:209:23: note: to match this '('
  209 |                 return(SPARK_GLM52_BATCH_VARIANT_MODULE_ID_B32);
      |                       ^
<command-line>: error: expected ')' before 'fp8'
../../modules/glm52_resident_decode_stage/include/sparkpipe/spark_glm52_batch_tuning.h:79:58: note: in expansion of macro 'GLM52_EXPERT_CODEC_NAME'
   79 |         "spark.glm52.resident_decode_stage.bf16.expert_" GLM52_EXPERT_CODEC_NAME \
      |                                                          ^~~~~~~~~~~~~~~~~~~~~~~
../../modules/glm52_resident_decode_stage/include/sparkpipe/spark_glm52_batch_tuning.h:102:9: note: in expansion of macro 'SPARK_GLM52_BATCH_VARIANT_MODULE_ID_PREFIX'
  102 |         SPARK_GLM52_BATCH_VARIANT_MODULE_ID_PREFIX ".b64." \
      |         ^~~~~~~~~~~~~~~~~~~~~~~~~~~~~~~~~~~~~~~~~~
../../modules/glm52_resident_decode_stage/include/sparkpipe/spark_glm52_batch_tuning.h:211:24: note: in expansion of macro 'SPARK_GLM52_BATCH_VARIANT_MODULE_ID_B64'
  211 |                 return(SPARK_GLM52_BATCH_VARIANT_MODULE_ID_B64);
      |                        ^~~~~~~~~~~~~~~~~~~~~~~~~~~~~~~~~~~~~~~
../../modules/glm52_resident_decode_stage/include/sparkpipe/spark_glm52_batch_tuning.h:211:23: note: to match this '('
  211 |                 return(SPARK_GLM52_BATCH_VARIANT_MODULE_ID_B64);
      |                       ^
<command-line>: error: expected ')' before 'fp8'
../../modules/glm52_resident_decode_stage/include/sparkpipe/spark_glm52_batch_tuning.h:79:58: note: in expansion of macro 'GLM52_EXPERT_CODEC_NAME'
   79 |         "spark.glm52.resident_decode_stage.bf16.expert_" GLM52_EXPERT_CODEC_NAME \
      |                                                          ^~~~~~~~~~~~~~~~~~~~~~~
../../modules/glm52_resident_decode_stage/include/sparkpipe/spark_glm52_batch_tuning.h:105:9: note: in expansion of macro 'SPARK_GLM52_BATCH_VARIANT_MODULE_ID_PREFIX'
  105 |         SPARK_GLM52_BATCH_VARIANT_MODULE_ID_PREFIX ".b128." \
      |         ^~~~~~~~~~~~~~~~~~~~~~~~~~~~~~~~~~~~~~~~~~
../../modules/glm52_resident_decode_stage/include/sparkpipe/spark_glm52_batch_tuning.h:213:24: note: in expansion of macro 'SPARK_GLM52_BATCH_VARIANT_MODULE_ID_B128'
  213 |                 return(SPARK_GLM52_BATCH_VARIANT_MODULE_ID_B128);
      |                        ^~~~~~~~~~~~~~~~~~~~~~~~~~~~~~~~~~~~~~~~
../../modules/glm52_resident_decode_stage/include/sparkpipe/spark_glm52_batch_tuning.h:213:23: note: to match this '('
  213 |                 return(SPARK_GLM52_BATCH_VARIANT_MODULE_ID_B128);
      |                       ^
<command-line>: error: expected ')' before 'fp8'
../../modules/glm52_resident_decode_stage/include/sparkpipe/spark_glm52_batch_tuning.h:79:58: note: in expansion of macro 'GLM52_EXPERT_CODEC_NAME'
   79 |         "spark.glm52.resident_decode_stage.bf16.expert_" GLM52_EXPERT_CODEC_NAME \
      |                                                          ^~~~~~~~~~~~~~~~~~~~~~~
../../modules/glm52_resident_decode_stage/include/sparkpipe/spark_glm52_batch_tuning.h:108:9: note: in expansion of macro 'SPARK_GLM52_BATCH_VARIANT_MODULE_ID_PREFIX'
  108 |         SPARK_GLM52_BATCH_VARIANT_MODULE_ID_PREFIX ".b256." \
      |         ^~~~~~~~~~~~~~~~~~~~~~~~~~~~~~~~~~~~~~~~~~
../../modules/glm52_resident_decode_stage/include/sparkpipe/spark_glm52_batch_tuning.h:215:24: note: in expansion of macro 'SPARK_GLM52_BATCH_VARIANT_MODULE_ID_B256'
  215 |                 return(SPARK_GLM52_BATCH_VARIANT_MODULE_ID_B256);
      |                        ^~~~~~~~~~~~~~~~~~~~~~~~~~~~~~~~~~~~~~~~
../../modules/glm52_resident_decode_stage/include/sparkpipe/spark_glm52_batch_tuning.h:215:23: note: to match this '('
  215 |                 return(SPARK_GLM52_BATCH_VARIANT_MODULE_ID_B256);
      |                       ^
<command-line>: error: expected ')' before 'fp8'
../../modules/glm52_resident_decode_stage/include/sparkpipe/spark_glm52_batch_tuning.h:79:58: note: in expansion of macro 'GLM52_EXPERT_CODEC_NAME'
   79 |         "spark.glm52.resident_decode_stage.bf16.expert_" GLM52_EXPERT_CODEC_NAME \
      |                                                          ^~~~~~~~~~~~~~~~~~~~~~~
../../modules/glm52_resident_decode_stage/include/sparkpipe/spark_glm52_batch_tuning.h:111:9: note: in expansion of macro 'SPARK_GLM52_BATCH_VARIANT_MODULE_ID_PREFIX'
  111 |         SPARK_GLM52_BATCH_VARIANT_MODULE_ID_PREFIX ".b512." \
      |         ^~~~~~~~~~~~~~~~~~~~~~~~~~~~~~~~~~~~~~~~~~
../../modules/glm52_resident_decode_stage/include/sparkpipe/spark_glm52_batch_tuning.h:217:24: note: in expansion of macro 'SPARK_GLM52_BATCH_VARIANT_MODULE_ID_B512'
  217 |                 return(SPARK_GLM52_BATCH_VARIANT_MODULE_ID_B512);
      |                        ^~~~~~~~~~~~~~~~~~~~~~~~~~~~~~~~~~~~~~~~
../../modules/glm52_resident_decode_stage/include/sparkpipe/spark_glm52_batch_tuning.h:217:23: note: to match this '('
  217 |                 return(SPARK_GLM52_BATCH_VARIANT_MODULE_ID_B512);
      |                       ^
<command-line>: error: expected ')' before 'fp8'
../../modules/glm52_resident_decode_stage/include/sparkpipe/spark_glm52_batch_tuning.h:79:58: note: in expansion of macro 'GLM52_EXPERT_CODEC_NAME'
   79 |         "spark.glm52.resident_decode_stage.bf16.expert_" GLM52_EXPERT_CODEC_NAME \
      |                                                          ^~~~~~~~~~~~~~~~~~~~~~~
../../modules/glm52_resident_decode_stage/include/sparkpipe/spark_glm52_batch_tuning.h:114:9: note: in expansion of macro 'SPARK_GLM52_BATCH_VARIANT_MODULE_ID_PREFIX'
  114 |         SPARK_GLM52_BATCH_VARIANT_MODULE_ID_PREFIX ".b1024." \
      |         ^~~~~~~~~~~~~~~~~~~~~~~~~~~~~~~~~~~~~~~~~~
../../modules/glm52_resident_decode_stage/include/sparkpipe/spark_glm52_batch_tuning.h:219:24: note: in expansion of macro 'SPARK_GLM52_BATCH_VARIANT_MODULE_ID_B1024'
  219 |                 return(SPARK_GLM52_BATCH_VARIANT_MODULE_ID_B1024);
      |                        ^~~~~~~~~~~~~~~~~~~~~~~~~~~~~~~~~~~~~~~~~
../../modules/glm52_resident_decode_stage/include/sparkpipe/spark_glm52_batch_tuning.h:219:23: note: to match this '('
  219 |                 return(SPARK_GLM52_BATCH_VARIANT_MODULE_ID_B1024);
      |                       ^
/tmp/traced_adapter.c: At top level:
<command-line>: error: expected '}' before 'fp8'
/tmp/traced_adapter.c:31:51: note: in expansion of macro 'GLM52_EXPERT_CODEC_NAME'
   31 |         "spark.glm52.serving-adapter.tp8.expert_" GLM52_EXPERT_CODEC_NAME ".v1"
      |                                                   ^~~~~~~~~~~~~~~~~~~~~~~
/tmp/traced_adapter.c:214:23: note: in expansion of macro 'SPARK_GLM52_SERVING_ADAPTER_ID'
  214 |         .adapter_id = SPARK_GLM52_SERVING_ADAPTER_ID,
      |                       ^~~~~~~~~~~~~~~~~~~~~~~~~~~~~~
/tmp/traced_adapter.c:195:1: note: to match this '{'
  195 | {
      | ^
/tmp/traced_adapter.c: In function 'SparkGlm52ServingLoadConfiguration':
<command-line>: error: 'b4734de4facf877f85769a911abafc5283eab3d9' undeclared (first use in this function)
/tmp/traced_adapter.c:293:96: note: in expansion of macro 'GLM52_MODEL_REVISION'
  293 |         if ( status == SPARK_STATUS_OK && (token < 0 || !SparkJsonStringEquals(&document,token,GLM52_MODEL_REVISION)) )
      |                                                                                                ^~~~~~~~~~~~~~~~~~~~
<command-line>: note: each undeclared identifier is reported only once for each function it appears in
/tmp/traced_adapter.c:293:96: note: in expansion of macro 'GLM52_MODEL_REVISION'
  293 |         if ( status == SPARK_STATUS_OK && (token < 0 || !SparkJsonStringEquals(&document,token,GLM52_MODEL_REVISION)) )
      |                                                                                                ^~~~~~~~~~~~~~~~~~~~
<command-line>: error: 'fp8' undeclared (first use in this function)
/tmp/traced_adapter.c:296:96: note: in expansion of macro 'GLM52_EXPERT_CODEC_NAME'
  296 |         if ( status == SPARK_STATUS_OK && (token < 0 || !SparkJsonStringEquals(&document,token,GLM52_EXPERT_CODEC_NAME)) )
      |                                                                                                ^~~~~~~~~~~~~~~~~~~~~~~
/tmp/traced_adapter.c:354:77: error: format '%u' expects argument of type 'unsigned int', but argument 4 has type 'uint32_t *' {aka 'unsigned int *'} [-Werror=format=]
  354 |         (void)fprintf(stderr,"GLM52TRACE LoadConfiguration rc=%d tp_degree=%u tp_rank=%u max_seq=%u row_cap=%u speculate=%u\n",(int)status,tp_degree,*tp_rank,max_sequence_positions,*execution_row_capacity,state->speculate);
      |                                                                            ~^                                                              ~~~~~~~~~
      |                                                                             |                                                              |
      |                                                                             unsigned int                                                   uint32_t * {aka unsigned int *}
      |                                                                            %ls
/tmp/traced_adapter.c:354:99: error: format '%u' expects argument of type 'unsigned int', but argument 6 has type 'uint32_t *' {aka 'unsigned int *'} [-Werror=format=]
  354 |         (void)fprintf(stderr,"GLM52TRACE LoadConfiguration rc=%d tp_degree=%u tp_rank=%u max_seq=%u row_cap=%u speculate=%u\n",(int)status,tp_degree,*tp_rank,max_sequence_positions,*execution_row_capacity,state->speculate);
      |                                                                                                  ~^                                                           ~~~~~~~~~~~~~~~~~~~~~~
      |                                                                                                   |                                                           |
      |                                                                                                   unsigned int                                                uint32_t * {aka unsigned int *}
      |                                                                                                  %ls
/tmp/traced_adapter.c: In function 'SparkGlm52ServingLoadDriver':
<command-line>: error: 'b4734de4facf877f85769a911abafc5283eab3d9' undeclared (first use in this function)
/tmp/traced_adapter.c:572:35: note: in expansion of macro 'GLM52_MODEL_REVISION'
  572 |         contract.model_revision = GLM52_MODEL_REVISION;
      |                                   ^~~~~~~~~~~~~~~~~~~~
<command-line>: error: expected ';' before 'fp8'
/tmp/traced_adapter.c:57:63: note: in expansion of macro 'GLM52_EXPERT_CODEC_NAME'
   57 |         "cuda.sm121.glm52.resident_decode_stage.bf16.expert_" GLM52_EXPERT_CODEC_NAME
      |                                                               ^~~~~~~~~~~~~~~~~~~~~~~
/tmp/traced_adapter.c:574:27: note: in expansion of macro 'SPARK_GLM52_SERVING_TARGET'
  574 |         contract.target = SPARK_GLM52_SERVING_TARGET;
      |                           ^~~~~~~~~~~~~~~~~~~~~~~~~~
<command-line>: error: 'ec5afd74d2ba0c913474f30d78209b4a49fa87667845f2968039fddad0fead7a' undeclared (first use in this function)
/tmp/traced_adapter.c:575:39: note: in expansion of macro 'GLM52_CONTRACT_SHA256'
  575 |         contract.description_sha256 = GLM52_CONTRACT_SHA256;
      |                                       ^~~~~~~~~~~~~~~~~~~~~
/tmp/traced_adapter.c: In function 'SparkGlm52ServingInitialize':
<command-line>: error: 'b4734de4facf877f85769a911abafc5283eab3d9' undeclared (first use in this function)
/tmp/traced_adapter.c:779:54: note: in expansion of macro 'GLM52_MODEL_REVISION'
  779 |                 state->node_context.model_revision = GLM52_MODEL_REVISION;
      |                                                      ^~~~~~~~~~~~~~~~~~~~
cc1: all warnings being treated as errors
[0m
[0m← [0mEdit /var/folders/p8/d74_8vwn0_q8rkgfym3s623c0000gp/T/opencode/glm52dbg/spark_glm52_serving_adapter.c
Index: /var/folders/p8/d74_8vwn0_q8rkgfym3s623c0000gp/T/opencode/glm52dbg/spark_glm52_serving_adapter.c
===================================================================
--- /var/folders/p8/d74_8vwn0_q8rkgfym3s623c0000gp/T/opencode/glm52dbg/spark_glm52_serving_adapter.c
+++ /var/folders/p8/d74_8vwn0_q8rkgfym3s623c0000gp/T/opencode/glm52dbg/spark_glm52_serving_adapter.c
@@ -350,9 +350,9 @@
 	SparkJsonDocumentDestroy(&document);
 	if ( status == SPARK_STATUS_OK )
 		status = SparkResolveRuntimePath(runtime_root,relative_stage_pack_path,state->stage_pack_path,sizeof(state->stage_pack_path));
 	free(relative_stage_pack_path);
-	(void)fprintf(stderr,"GLM52TRACE LoadConfiguration rc=%d tp_degree=%u tp_rank=%u max_seq=%u row_cap=%u speculate=%u\n",(int)status,tp_degree,*tp_rank,max_sequence_positions,*execution_row_capacity,state->speculate);
+	(void)fprintf(stderr,"GLM52TRACE LoadConfiguration rc=%d tp_degree=%u tp_rank=%u max_seq=%u row_cap=%u speculate=%u\n",(int)status,tp_degree,*tp_rank,*max_sequence_positions,*execution_row_capacity,state->speculate);
 	return(status);
 }
 
 static SparkStatus SparkGlm52ServingValidateRowOrder(

[0m
Two fixes: quote-escaped `-D` macros (as in the original Makefile) and my trace dereferencing the pointer out-params:
[0m$ [0mtimeout 30 scp -o BatchMode=yes /var/folders/p8/d74_8vwn0_q8rkgfym3s623c0000gp/T/opencode/glm52dbg/spark_glm52_serving_adapter.c sparke:/tmp/traced_adapter.c && timeout 150 ssh -o BatchMode=yes sparke 'cd ~/build/glm52_unified/modules/glm52_resident_decode_stage && cc -std=c11 -Wall -Wextra -Werror -O3 -D_GNU_SOURCE -D_POSIX_C_SOURCE=200809L -D_FILE_OFFSET_BITS=64 -fPIC -shared -I/home/sparke/build/glm52_unified/src -I../../include -I../../model-families/common/include -I../../model-families/glm52/include -I../../modules/glm52_resident_decode_stage/include -I../../modules/glm52_resident_decode_stage/source -I../.. -DGLM52_EXPERT_WEIGHT_CODEC=5 -DGLM52_EXPERT_CODEC_NAME=\"fp8\" -DGLM52_MODEL_REVISION=\"b4734de4facf877f85769a911abafc5283eab3d9\" -DGLM52_CONTRACT_SHA256=\"ec5afd74d2ba0c913474f30d78209b4a49fa87667845f2968039fddad0fead7a\" -USPARK_BATCH_BUCKET -DSPARK_BATCH_BUCKET=1024u /tmp/traced_adapter.c source/spark_glm52_paged_kv.c /home/sparke/build/glm52_unified/build/libsparkpipe_runtime.a /home/sparke/build/glm52_unified/build/libsparkpipe_model_common.a /home/sparke/build/glm52_unified/build/libglm52_host.a /home/sparke/build/glm52_unified/build/libsparkpipe_core.a -ldl -pthread -o /tmp/libglm52_serving_adapter_fp8_traced.so && ls -la /tmp/libglm52_serving_adapter_fp8_traced.so && echo COMPILE_OK'
/tmp/traced_adapter.c: In function 'SparkGlm52ServingLoadConfiguration':
/tmp/traced_adapter.c:354:77: error: format '%u' expects argument of type 'unsigned int', but argument 4 has type 'uint32_t *' {aka 'unsigned int *'} [-Werror=format=]
  354 |         (void)fprintf(stderr,"GLM52TRACE LoadConfiguration rc=%d tp_degree=%u tp_rank=%u max_seq=%u row_cap=%u speculate=%u\n",(int)status,tp_degree,*tp_rank,*max_sequence_positions,*execution_row_capacity,state->speculate);
      |                                                                            ~^                                                              ~~~~~~~~~
      |                                                                             |                                                              |
      |                                                                             unsigned int                                                   uint32_t * {aka unsigned int *}
      |                                                                            %ls
cc1: all warnings being treated as errors
[0m
[0m← [0mEdit /var/folders/p8/d74_8vwn0_q8rkgfym3s623c0000gp/T/opencode/glm52dbg/spark_glm52_serving_adapter.c
Index: /var/folders/p8/d74_8vwn0_q8rkgfym3s623c0000gp/T/opencode/glm52dbg/spark_glm52_serving_adapter.c
===================================================================
--- /var/folders/p8/d74_8vwn0_q8rkgfym3s623c0000gp/T/opencode/glm52dbg/spark_glm52_serving_adapter.c
+++ /var/folders/p8/d74_8vwn0_q8rkgfym3s623c0000gp/T/opencode/glm52dbg/spark_glm52_serving_adapter.c
@@ -350,9 +350,9 @@
 	SparkJsonDocumentDestroy(&document);
 	if ( status == SPARK_STATUS_OK )
 		status = SparkResolveRuntimePath(runtime_root,relative_stage_pack_path,state->stage_pack_path,sizeof(state->stage_pack_path));
 	free(relative_stage_pack_path);
-	(void)fprintf(stderr,"GLM52TRACE LoadConfiguration rc=%d tp_degree=%u tp_rank=%u max_seq=%u row_cap=%u speculate=%u\n",(int)status,tp_degree,*tp_rank,*max_sequence_positions,*execution_row_capacity,state->speculate);
+	(void)fprintf(stderr,"GLM52TRACE LoadConfiguration rc=%d tp_degree=%u tp_rank=%u max_seq=%u row_cap=%u speculate=%u\n",(int)status,*tp_degree,*tp_rank,*max_sequence_positions,*execution_row_capacity,state->speculate);
 	return(status);
 }
 
 static SparkStatus SparkGlm52ServingValidateRowOrder(

[0m
[0m$ [0mtimeout 30 scp -o BatchMode=yes /var/folders/p8/d74_8vwn0_q8rkgfym3s623c0000gp/T/opencode/glm52dbg/spark_glm52_serving_adapter.c sparke:/tmp/traced_adapter.c && timeout 150 ssh -o BatchMode=yes sparke 'cd ~/build/glm52_unified/modules/glm52_resident_decode_stage && cc -std=c11 -Wall -Wextra -Werror -O3 -D_GNU_SOURCE -D_POSIX_C_SOURCE=200809L -D_FILE_OFFSET_BITS=64 -fPIC -shared -I/home/sparke/build/glm52_unified/src -I../../include -I../../model-families/common/include -I../../model-families/glm52/include -I../../modules/glm52_resident_decode_stage/include -I../../modules/glm52_resident_decode_stage/source -I../.. -DGLM52_EXPERT_WEIGHT_CODEC=5 -DGLM52_EXPERT_CODEC_NAME=\"fp8\" -DGLM52_MODEL_REVISION=\"b4734de4facf877f85769a911abafc5283eab3d9\" -DGLM52_CONTRACT_SHA256=\"ec5afd74d2ba0c913474f30d78209b4a49fa87667845f2968039fddad0fead7a\" -USPARK_BATCH_BUCKET -DSPARK_BATCH_BUCKET=1024u /tmp/traced_adapter.c source/spark_glm52_paged_kv.c /home/sparke/build/glm52_unified/build/libsparkpipe_runtime.a /home/sparke/build/glm52_unified/build/libsparkpipe_model_common.a /home/sparke/build/glm52_unified/build/libglm52_host.a /home/sparke/build/glm52_unified/build/libsparkpipe_core.a -ldl -pthread -o /tmp/libglm52_serving_adapter_fp8_traced.so && ls -la /tmp/libglm52_serving_adapter_fp8_traced.so && echo COMPILE_OK'
-rwxrwxr-x 1 sparke sparke 358568 Aug 26 02:51 /tmp/libglm52_serving_adapter_fp8_traced.so
COMPILE_OK
[0m
Traced adapter compiled clean. Deploying to spark8 only + solo rank-0 boot:
[0m$ [0mtimeout 30 ssh -o BatchMode=yes spark8 'cp -p ~/sparkdata/glm52.tp8.fp8/lib/model_serving_adapter.so ~/sparkdata/glm52.tp8.fp8/lib/model_serving_adapter.so.bringup-bak' && timeout 60 scp -o BatchMode=yes sparke:/tmp/libglm52_serving_adapter_fp8_traced.so spark8:/home/spark8/sparkdata/glm52.tp8.fp8/lib/model_serving_adapter.so && timeout 20 ssh -o BatchMode=yes spark8 'chmod +x ~/sparkdata/glm52.tp8.fp8/lib/model_serving_adapter.so && ls -la ~/sparkdata/glm52.tp8.fp8/lib/ && echo DEPLOYED'
total 3232
drwxrwxr-x 2 spark8 spark8    4096 Aug 26 02:51 .
drwxr-xr-x 6 spark8 spark8    4096 Aug 25 17:42 ..
-rwxrwxr-x 1 spark8 spark8  200840 Aug 25 14:38 hidden_transport.so
-rw-rw-r-- 1 spark8 spark8 2373976 Aug 25 22:01 model_driver.so
-rwxrwxr-x 1 spark8 spark8  358568 Aug 26 02:51 model_serving_adapter.so
-rwxrwxr-x 1 spark8 spark8  358584 Aug 25 22:23 model_serving_adapter.so.bringup-bak
DEPLOYED
[0m
[0m$ [0mtimeout 20 ssh -o BatchMode=yes spark8 'cd ~/sparkdata/glm52.tp8.fp8 && export LD_LIBRARY_PATH=$PWD/lib:$LD_LIBRARY_PATH SPARKPIPE_RELEASE_GENERATION=20260825000000 SPARKPIPE_RELEASE_GIT_COMMIT=glm52-tp8-bringup SPARKPIPE_RELEASE_ID=glm52-tp8-bringup-r0solo-traced; setsid -f bin/sparkpipe_model_residentd --deployment config/model_resident.json --rank-index 0 >/tmp/glm52-tp8-rank0.log 2>&1 </dev/null; echo LAUNCHED' && sleep 25 && timeout 15 ssh -o BatchMode=yes spark8 'cat /tmp/glm52-tp8-rank0.log; echo ---; pgrep -af "[b]in/sparkpipe_model_residentd" || echo PROC_GONE'
LAUNCHED
GLM52TRACE lc members_exact rc=0
GLM52TRACE lc LoadTpCollective rc=0
GLM52TRACE LoadConfiguration rc=0 tp_degree=8 tp_rank=0 max_seq=4096 row_cap=16 speculate=0
GLM52TRACE init after_LoadConfiguration rc=0
GLM52TRACE init after_LoadDriver rc=6
model_residentd initialize=schema_error status=6 phase=adapter_initialize rank=0 stage=0
model_residentd route_failed status=4 reason=9 work_kind=0 submission=0
---
PROC_GONE
[0m
**Pinpointed**: config load is fully clean (`rc=0` everywhere); the SCHEMA_ERROR comes from **`SparkGlm52ServingLoadDriver` → driver `create()`** — i.e., inside `model_driver.so`'s module Configure path. Instrumenting the module now:
[0m$ [0mtimeout 30 ssh -o BatchMode=yes sparke 'cat ~/build/glm52_unified/modules/glm52_resident_decode_stage/source/spark_glm52_resident_decode_stage_module.c' > /var/folders/p8/d74_8vwn0_q8rkgfym3s623c0000gp/T/opencode/glm52dbg/module.c && wc -l /var/folders/p8/d74_8vwn0_q8rkgfym3s623c0000gp/T/opencode/glm52dbg/module.c && grep -n "SCHEMA_ERROR\|static SparkStatus.*Configure\|SparkGlm52ResidentDecodeStageCreate\|geometry" /var/folders/p8/d74_8vwn0_q8rkgfym3s623c0000gp/T/opencode/glm52dbg/module.c | head -30
2342 /var/folders/p8/d74_8vwn0_q8rkgfym3s623c0000gp/T/opencode/glm52dbg/module.c
16:#include "sparkpipe/spark_glm52_kv_geometry.h"
74:	const SparkGlm52ResidentDecodeStageGeometry *geometry;
191:static SparkStatus SparkGlm52ModuleSpeculatorConfigure(SparkGlm52ModuleState *state);
193:static SparkStatus SparkGlm52ModuleConfigure(
205:	/* The stage triple must resolve against a known geometry table (TP8
207:	state->geometry = SparkGlm52ResidentDecodeStageGeometryFor(context->stage_count);
208:	if ( state->geometry == 0 || context->stage_index >= context->stage_count || context->first_layer_index != SparkGlm52ResidentDecodeStageFirstLayer(state->geometry,context->stage_index) || context->layer_count != state->geometry->stage_layer_counts[context->stage_index] || context->expert_weight_codec != GLM52_EXPERT_WEIGHT_CODEC || context->resident_sequence_capacity == 0u || context->resident_sequence_capacity > SPARK_GLM52_RESIDENT_DECODE_STAGE_MAX_ACTIVE_SEQUENCE_COUNT || context->pipeline_slot_count == 0u || context->pipeline_slot_count > SPARK_GLM52_RESIDENT_DECODE_STAGE_MAX_PIPELINE_SLOT_COUNT || context->max_sequence_positions == 0u || context->max_sequence_positions > SPARK_GLM52_MODEL_MAXIMUM_CONTEXT_TOKENS || context->execution_row_capacity == 0u || context->execution_row_capacity > context->resident_sequence_capacity || context->tp_degree == 0u || context->tp_rank >= context->tp_degree || context->kv_backing_directory == 0 || context->kv_backing_directory[0] == '\0' || context->stage_pack_path == 0 || context->stage_pack_path[0] == '\0' || context->model_revision == 0 || context->model_revision[0] == '\0' || strlen(context->model_revision) >= sizeof(state->model_revision) )
215:		return(SPARK_STATUS_SCHEMA_ERROR);
239: * requires the drafter artifact triple and a geometry where the whole ring
244:static SparkStatus SparkGlm52ModuleSpeculatorConfigure(SparkGlm52ModuleState *state)
252:	if ( state->geometry->stage_count != 1u || state->tp_degree != 1u )
254:		(void)fprintf(stderr,"%s dspark_speculator_refused stage_count=%u tp_degree=%u reason=pipelined_tap_transport_not_wired\n",SPARK_GLM52_MODULE_TAG,state->geometry->stage_count,state->tp_degree);
348:		return(SPARK_STATUS_SCHEMA_ERROR);
349:	if ( header->tensor_count == 0u || header->tensor_count > SPARK_GLM52_STAGEPACK_MAX_TENSOR_COUNT || header->stage_count != state->geometry->stage_count || header->stage_index != state->stage_index || header->first_layer_index != state->first_layer_index || header->layer_count != state->layer_count || header->total_layer_count != SPARK_GLM52_MODEL_LAYER_COUNT || header->hidden_dimension != SPARK_GLM52_MODEL_HIDDEN_DIMENSION || header->vocab_count != SPARK_GLM52_MODEL_OUTPUT_VOCAB_COUNT || header->routed_expert_count != SPARK_GLM52_MODEL_MOE_EXPERT_COUNT )
350:		return(SPARK_STATUS_SCHEMA_ERROR);
356:		return(SPARK_STATUS_SCHEMA_ERROR);
360:		return(SPARK_STATUS_SCHEMA_ERROR);
372:		return(SPARK_STATUS_SCHEMA_ERROR);
376:			return(SPARK_STATUS_SCHEMA_ERROR);
384:		return(SPARK_STATUS_SCHEMA_ERROR);
386:		return(SPARK_STATUS_SCHEMA_ERROR);
411:						return(SPARK_STATUS_SCHEMA_ERROR);
414:			return(SPARK_STATUS_SCHEMA_ERROR);
460:	default: return(SPARK_STATUS_SCHEMA_ERROR);
478:	default: return(SPARK_STATUS_SCHEMA_ERROR);
537:		return(SPARK_STATUS_SCHEMA_ERROR);
540:			return(SPARK_STATUS_SCHEMA_ERROR);
1059:				return(SPARK_STATUS_SCHEMA_ERROR);
1067:				return(SPARK_STATUS_SCHEMA_ERROR);
1144:			return(SPARK_STATUS_SCHEMA_ERROR);
[0m
[0m→ [0mRead /var/folders/p8/d74_8vwn0_q8rkgfym3s623c0000gp/T/opencode/glm52dbg/module.c[90m [limit=130, offset=193][0m
Line 214-215 is a prime suspect: `strcmp(configuration->model_revision /* from firmware package */ , context->model_revision /* b4734de4… */)` → SCHEMA_ERROR. Also the stagepack header checks (~line 348+). Instrumenting both, then rebuilding the driver via the package path. First, understanding the build flow:
[0m
[0m$ [0mtimeout 25 ssh -o BatchMode=yes sparke 'cd ~/build/glm52_unified && ls modules/glm52_resident_decode_stage/; grep -n "module_library\|module_library" Makefile | head -8; grep -rn "model_revision" examples/model_descriptions/glm52_resident_decode_stage_fp8_firmware.json | head -3; jq -r ".model_revision // .revision // empty" examples/model_descriptions/glm52_resident_decode_stage_fp8_firmware.json 2>/dev/null; grep -o "\"model_revision\"[^,}]*" examples/model_descriptions/glm52_resident_decode_stage_fp8_firmware.json'
Makefile
README.md
include
source
validation
262:    test_module_library \
1096:build/test_module_library: tests/test_module_library.c $(TEST_SUPPORT_OBJECT) $(TEST_MODULE_LINK_UNITS) $(TEST_VALIDATOR) $(TEST_VALIDATOR_CHANGED) $(COMPILER_LIBRARY) $(COMMON_LIBRARY)
[0m
[0m$ [0mtimeout 25 ssh -o BatchMode=yes sparke 'cd ~/build/glm52_unified && ls build/module_library 2>/dev/null | head; echo ===MODMAKE===; grep -n "module_library\|MODULE_LIBRARY\|link_units\|%.o" modules/glm52_resident_decode_stage/Makefile | head -20; echo ===FWJSON_HEAD===; head -c 900 examples/model_descriptions/glm52_resident_decode_stage_fp8_firmware.json'
active
link_units
records
===MODMAKE===
===FWJSON_HEAD===
{
  "metadata": {
    "architecture": "glm52_resident_decode_stage",
    "module_geometry": {
      "heads": 64,
      "hidden_dimension": 6144,
      "latent_dimension": 512,
      "layer_count": 78,
      "moe_expert_count": 256,
      "moe_intermediate_dimension": 2048,
      "moe_top_k": 8,
      "output_vocab_count": 154880,
      "rope_dimension": 64,
      "selected_tokens": 2048
    },
    "precision_contract": {
      "accumulator_codec": "fp32",
      "aot_codec_specialization": true,
      "expert_activation_codec": "bf16",
      "expert_scale_encoding": "f32",
      "expert_scale_group_size": 128,
      "expert_stored_bits": 8,
      "expert_weight_codec": "fp8",
      "expert_weight_codec_id": 5,
      "fallback_allowed": false,
      "kv_cache_codec": "bf16",
      "linear_weight_codec": "bf16",
      "runtime_precision_selection": "forbidden"
    },
    "purpose": "GLM 5.2
[0m
[0m$ [0mtimeout 20 ssh -o BatchMode=yes sparke 'jq -r ".. | .model_revision? // empty" ~/glm52_package/model_package.json 2>/dev/null | sort -u; echo ===; jq -r ".metadata // {} | keys[]" ~/glm52_package/model_package.json 2>/dev/null; echo ===REV_ANY===; grep -o "\"model_revision\"[^,}]*" ~/glm52_package/model_package.json | head -3'
b4734de4facf877f85769a911abafc5283eab3d9
===
===REV_ANY===
"model_revision": "b4734de4facf877f85769a911abafc5283eab3d9"
[0m
`model_package.json` revision matches — Configure's revision check passes. So failure is deeper in `create()` (pack-header/stagepack validation). Instrumenting module.c comprehensively; checking how module sources reach `build/module_library`:
[0m$ [0mtimeout 25 ssh -o BatchMode=yes sparke 'cd ~/build/glm52_unified && grep -n "link_units" Makefile | head -12; echo ===RULES===; ls modules/resident_decode_stage_rules.mk 2>/dev/null; grep -rn "GLM52_RESIDENT_DECODE_STAGE_SOURCE\|glm52_resident_decode_stage/source" Makefile | head -8'
===RULES===
modules/resident_decode_stage_rules.mk
828:build/test_glm52_prefix_cache: tests/test_glm52_prefix_cache.c modules/glm52_resident_decode_stage/source/spark_glm52_paged_kv.c modules/glm52_resident_decode_stage/source/spark_glm52_paged_kv.h runtime/paged_kv_common.h runtime/prefix_cache.h $(RUNTIME_LIBRARY) $(MODEL_COMMON_LIBRARY) $(CORE_LIBRARY)
829:	$(CC) $(CPPFLAGS) $(GLM52_INCLUDE_FLAGS) -Imodules/glm52_resident_decode_stage/source -Itests/cuda_stub $(CFLAGS) tests/test_glm52_prefix_cache.c modules/glm52_resident_decode_stage/source/spark_glm52_paged_kv.c $(RUNTIME_LIBRARY) $(MODEL_COMMON_LIBRARY) $(CORE_LIBRARY) $(LDFLAGS) $(LDLIBS) -o $@
947:build/test_glm52_stagepack: tests/test_glm52_stagepack.c modules/glm52_resident_decode_stage/source/spark_glm52_resident_decode_stage_internal.h runtime/spark_stagepack_reader.h modules/glm52_resident_decode_stage/include/sparkpipe/spark_glm52_resident_decode_stage_firmware.h
948:	$(CC) $(GLM52_INCLUDE_FLAGS) -Itests/cuda_stub -Imodules/glm52_resident_decode_stage/source \
966:build/test_glm52_pp7_configure: tests/test_glm52_pp7_configure.c modules/glm52_resident_decode_stage/source/spark_glm52_resident_decode_stage_module.c $(MODEL_COMMON_LIBRARY) $(GLM52_HOST_LIBRARY)
967:	$(CC) $(GLM52_INCLUDE_FLAGS) -Imodules/glm52_resident_decode_stage/source \
976:build/test_glm52_round_major_contract: tests/test_glm52_round_major_contract.c modules/glm52_resident_decode_stage/source/spark_glm52_resident_decode_stage_module.c $(MODEL_COMMON_LIBRARY) $(GLM52_HOST_LIBRARY)
977:	$(CC) $(GLM52_INCLUDE_FLAGS) -Imodules/glm52_resident_decode_stage/source \
[0m
[0m$ [0mtimeout 25 ssh -o BatchMode=yes sparke 'cd ~/build/glm52_unified && grep -n "MODULE_LIBRARY\|module_library" modules/resident_decode_stage_rules.mk | head -12; grep -rn "publish_variants\|^publish\|stagepack\|STAGEPACK" modules/resident_decode_stage_rules.mk | head -15'
42:MODULE_LIBRARY_ROOT ?= $(REPOSITORY_ROOT)/build/module_library
170:				--library $(MODULE_LIBRARY_ROOT) \
216:		--library $(MODULE_LIBRARY_ROOT) \
72:.PHONY: all archive contract validate publish clean require_cuda_target require_gpu_validator require_stage_pack variants cold_variants publish_variants
158:# publish_variants is the publish half: each tighter bucket validated and
164:publish_variants: require_cuda_target require_stage_pack require_gpu_validator $(MODULE_BATCH_VARIANT_ARCHIVES)
212:publish: require_cuda_target require_stage_pack require_gpu_validator $(MODULE_ARCHIVE)
[0m
[0m$ [0mtimeout 25 ssh -o BatchMode=yes sparke 'cd ~/build/glm52_unified && sed -n "130,220p" modules/resident_decode_stage_rules.mk'
# default-tuned object or vice versa.
define SPARK_STAGE_VARIANT_HOST_SOURCE_RULE
$(BUILD_DIRECTORY)/$(subst /,_,$(basename $(1)))_b$(2).o: $(1) | $(BUILD_DIRECTORY)
	$(CC) $(CFLAGS) $(MODULE_POSIX_FLAGS) -fPIC -fvisibility=hidden $(MODULE_INCLUDE_FLAGS) \
		$(MODULE_COMPILE_FLAGS) -USPARK_BATCH_BUCKET -DSPARK_BATCH_BUCKET=$(2) -I"$(CUDA_HOME)/include" -include $(MODEL_HEADER) -MMD -MP -c "$$<" -o "$$@"
endef

define SPARK_MODULE_BATCH_VARIANT_RULES
$(foreach source,$(MODULE_HOST_SOURCES),$(eval $(call SPARK_STAGE_VARIANT_HOST_SOURCE_RULE,$(source),$(1))))
$(BUILD_DIRECTORY)/$(subst /,_,$(basename $(MODULE_CUDA_SOURCE)))_b$(1).o: $(MODULE_CUDA_SOURCE) | $(BUILD_DIRECTORY)
	$(NVCC) $(NVCCFLAGS) $(MODULE_INCLUDE_FLAGS) $(MODULE_COMPILE_FLAGS) -USPARK_BATCH_BUCKET -DSPARK_BATCH_BUCKET=$(1) -include $(MODEL_HEADER) \
		-Xcompiler -Wall,-Wextra,-fPIC,-fvisibility=hidden -MMD -MP -c "$$<" -o "$$@"

$(call MODULE_BATCH_VARIANT_ARCHIVE,$(1)): $(foreach source,$(MODULE_HOST_SOURCES),$(BUILD_DIRECTORY)/$(subst /,_,$(basename $(source)))_b$(1).o) $(BUILD_DIRECTORY)/$(subst /,_,$(basename $(MODULE_CUDA_SOURCE)))_b$(1).o $(MODULE_EXTRA_ARCHIVE_OBJECTS)
	$(AR) rcs "$$@" $$^
endef
$(foreach bucket,$(MODULE_BATCH_VARIANT_BUCKETS),$(eval $(call SPARK_MODULE_BATCH_VARIANT_RULES,$(bucket))))

MODULE_BATCH_VARIANT_DEPENDENCIES := $(foreach object,$(foreach bucket,$(MODULE_BATCH_VARIANT_BUCKETS),$(foreach source,$(MODULE_HOST_SOURCES) $(MODULE_CUDA_SOURCE),$(BUILD_DIRECTORY)/$(subst /,_,$(basename $(source)))_b$(bucket).o)),$(object:.o=.d))

# variants is the compile-only half of the variant contract: every bucket's
# archive from the one template above. cold_variants mirrors a cold archive.
variants: require_cuda_target $(MODULE_BATCH_VARIANT_ARCHIVES)

cold_variants:
	$(MAKE) clean
	$(MAKE) variants

# publish_variants is the publish half: each tighter bucket validated and
# published under its own module ID, so the module library holds
# content-addressed identities the loader resolves between. b1024 is absent
# by design: the unflagged archive IS the b1024 build and already publishes
# under the unbucketed MODULE_IDENTIFIER via the publish target - a second
# identity for the same bits is noise.
publish_variants: require_cuda_target require_stage_pack require_gpu_validator $(MODULE_BATCH_VARIANT_ARCHIVES)
	$(MAKE) -C $(REPOSITORY_ROOT) build/sparkpipe_module_publish
	@set -e; \
		for bucket in $(filter-out 1024,$(MODULE_BATCH_VARIANT_BUCKETS)); do \
			SPARK_MODULE_BATCH_BUCKET=$$bucket $(RUNTIME_CONFIGURATION) \
				$(REPOSITORY_ROOT)/build/sparkpipe_module_publish \
				--library $(MODULE_LIBRARY_ROOT) \
				--module $(MODULE_IDENTIFIER_PREFIX).b$$bucket.$(MODULE_IDENTIFIER_SUFFIX) \
				--target $(MODULE_TARGET) \
				--link-unit $(call MODULE_BATCH_VARIANT_ARCHIVE,$$bucket) \
				--recipe $(VALIDATION_RECIPE) \
				--initialize $(MODULE_ENTRY_PREFIX)Initialize \
				--execute $(MODULE_ENTRY_PREFIX)Execute \
				--admit $(MODULE_ENTRY_PREFIX)Admit \
				--snapshot $(MODULE_ENTRY_PREFIX)Snapshot \
				--destroy $(MODULE_ENTRY_PREFIX)Destroy \
				--validator $(GPU_VALIDATOR) \
				--validator-arg $(VALIDATION_CONFIGURATION_SHA256) \
				$(GPU_VALIDATOR_ARGUMENTS); \
		done
endif

require_cuda_target:
	@command -v $(NVCC) >/dev/null 2>&1 || { echo "$(MODULE_FAMILY): nvcc is required for a CUDA archive" >&2; exit 1; }
	@test "$(CUDA_ARCH)" = "sm_121a" || { echo "$(MODULE_FAMILY): CUDA_ARCH must be sm_121a, got $(CUDA_ARCH)" >&2; exit 1; }

require_stage_pack:
	@test -r "$(STAGE_PACK_PATH)" || { echo "$(MODULE_FAMILY): readable STAGE_PACK_PATH is required: $(STAGE_PACK_PATH)" >&2; exit 1; }

require_gpu_validator:
	@test -n "$(GPU_VALIDATOR)" || { echo "$(MODULE_FAMILY): GPU_VALIDATOR must name an executable retained-receipt validator" >&2; exit 1; }
	@test -x "$(GPU_VALIDATOR)" || { echo "$(MODULE_FAMILY): GPU_VALIDATOR is not executable: $(GPU_VALIDATOR)" >&2; exit 1; }

contract:
	@set -e; \
	for source in $(MODULE_HOST_SOURCES); do \
		$(CC) $(CFLAGS) $(MODULE_POSIX_FLAGS) -fsyntax-only -I"$(REPOSITORY_ROOT)/tests/cuda_stub" \
			$(MODULE_INCLUDE_FLAGS) $(MODULE_COMPILE_FLAGS) -include $(MODEL_HEADER) $$source; \
	done

archive: require_cuda_target $(MODULE_ARCHIVE)

validate: require_cuda_target require_stage_pack require_gpu_validator $(MODULE_ARCHIVE)
	SPARK_MODULE_BATCH_BUCKET=$(if $(MODULE_BATCH_VARIANT_BUCKETS),1024,0) $(RUNTIME_CONFIGURATION) \
		$(GPU_VALIDATOR) \
		$(VALIDATION_CONFIGURATION_SHA256) \
		$(MODULE_ARCHIVE)

publish: require_cuda_target require_stage_pack require_gpu_validator $(MODULE_ARCHIVE)
	$(MAKE) -C $(REPOSITORY_ROOT) build/sparkpipe_module_publish
	SPARK_MODULE_BATCH_BUCKET=$(if $(MODULE_BATCH_VARIANT_BUCKETS),1024,0) $(RUNTIME_CONFIGURATION) \
		$(REPOSITORY_ROOT)/build/sparkpipe_module_publish \
		--library $(MODULE_LIBRARY_ROOT) \
		--module $(MODULE_IDENTIFIER) \
		--target $(MODULE_TARGET) \
		--link-unit $(MODULE_ARCHIVE) \
		--recipe $(VALIDATION_RECIPE) \
[0m
[0m→ [0mRead /var/folders/p8/d74_8vwn0_q8rkgfym3s623c0000gp/T/opencode/glm52dbg/module.c[90m [limit=230, offset=322][0m
Before committing to a heavy driver rebuild, examining all schema_error sites in the module's pack-open path:
[0m
[0m$ [0mgrep -n "SparkGlm52ResidentDecodeStageCreate\|PackLoad(state\|PagedKvInitialize\|SpeculatorInitialize\|Configure(&\|SparkGlm52ModuleConfigure" /var/folders/p8/d74_8vwn0_q8rkgfym3s623c0000gp/T/opencode/glm52dbg/module.c | head
193:static SparkStatus SparkGlm52ModuleConfigure(
272:static SparkStatus SparkGlm52ModuleSpeculatorInitialize(SparkGlm52ModuleState *state)
2287:	status = SparkGlm52ModuleConfigure(state,configuration,host_services,&pack_path);
2291:		status = SparkGlm52PackLoad(state,pack_path);
2299:		status = SparkGlm52ModuleSpeculatorInitialize(state);
[0m
[0m→ [0mRead /var/folders/p8/d74_8vwn0_q8rkgfym3s623c0000gp/T/opencode/glm52dbg/module.c[90m [limit=60, offset=2270][0m
Checking the cheap discriminator first: does the existing stagepack test binary validate a current rank pack?
[0m
[0m$ [0mtimeout 30 ssh -o BatchMode=yes sparke 'cd ~/build/glm52_unified && ls -la build/test_glm52_stagepack 2>/dev/null; ls tests/test_glm52_stagepack.c >/dev/null && sed -n "1,40p" tests/test_glm52_stagepack.c | grep -E "argv|usage|STAGE_PACK|main\(" '
(no output)
[0m
[0m$ [0mtimeout 25 ssh -o BatchMode=yes sparke 'cd ~/build/glm52_unified && ls build/ | grep -i stagepack; echo ---; grep -n "int main" -A 20 tests/test_glm52_stagepack.c | head -30'
---
236:int main(void)
237-{
238-	SparkTestHeaderLayout();
239-	SparkTestAllExpertCodecs();
240-	SparkTestShapeContract();
241-	SparkTestTpShardPolicy();
242-	SparkTestPp7SplitTables();
243-	SparkTestDsaTapCoverage();
244-	return(0);
245-}
[0m
[0m→ [0mRead /var/folders/p8/d74_8vwn0_q8rkgfym3s623c0000gp/T/opencode/glm52dbg/module.c[90m [limit=110, offset=551][0m
Test binary is synthetic — no pack-file validation. Committing to the traced-driver rebuild (mirrors today's proven 22:00 flow). Reading `PackLoad` body to place traces:
[0m
[0m← [0mEdit /var/folders/p8/d74_8vwn0_q8rkgfym3s623c0000gp/T/opencode/glm52dbg/module.c
Index: /var/folders/p8/d74_8vwn0_q8rkgfym3s623c0000gp/T/opencode/glm52dbg/module.c
===================================================================
--- /var/folders/p8/d74_8vwn0_q8rkgfym3s623c0000gp/T/opencode/glm52dbg/module.c
+++ /var/folders/p8/d74_8vwn0_q8rkgfym3s623c0000gp/T/opencode/glm52dbg/module.c
@@ -340,15 +340,15 @@
 uint64_t directory_bytes,directory_end;
 if ( state == 0 || header == 0 )
 	return(SPARK_STATUS_INVALID_ARGUMENT);
 if ( header->magic != SPARK_GLM52_STAGEPACK_MAGIC || header->format_version != SPARK_GLM52_STAGEPACK_FORMAT_VERSION || header->header_bytes != SPARK_GLM52_STAGEPACK_HEADER_BYTES || header->directory_entry_bytes != SPARK_GLM52_STAGEPACK_ENTRY_BYTES || header->codec_abi_version != SPARK_WEIGHT_CODEC_ABI_VERSION )
-	return(SPARK_STATUS_ABI_MISMATCH);
+	{(void)fprintf(stderr,"GLM52MODTRACE hdr abi magic=%llx ver=%u hdr_bytes=%u entry_bytes=%u codec_abi=%u\n",(unsigned long long)header->magic,header->format_version,header->header_bytes,header->directory_entry_bytes,header->codec_abi_version);return(SPARK_STATUS_ABI_MISMATCH);}
 if ( (header->flags & ~SPARK_GLM52_STAGEPACK_KNOWN_FLAGS) != 0u || (header->flags & SPARK_GLM52_STAGEPACK_FLAG_MTP) != 0u )
-	return(SPARK_STATUS_UNSUPPORTED);
+	{(void)fprintf(stderr,"GLM52MODTRACE hdr flags=%llx\n",(unsigned long long)header->flags);return(SPARK_STATUS_UNSUPPORTED);}
 if ( SparkGlm52StagePackHeaderTpDegree(header) == 0u || SparkGlm52StagePackHeaderTpDegree(header) != state->tp_degree || SparkGlm52StagePackHeaderTpRank(header) != state->tp_rank )
-	return(SPARK_STATUS_SCHEMA_ERROR);
+	{(void)fprintf(stderr,"GLM52MODTRACE hdr tp hdr_deg=%u hdr_rank=%u want_deg=%u want_rank=%u\n",SparkGlm52StagePackHeaderTpDegree(header),SparkGlm52StagePackHeaderTpRank(header),state->tp_degree,state->tp_rank);return(SPARK_STATUS_SCHEMA_ERROR);}
 if ( header->tensor_count == 0u || header->tensor_count > SPARK_GLM52_STAGEPACK_MAX_TENSOR_COUNT || header->stage_count != state->geometry->stage_count || header->stage_index != state->stage_index || header->first_layer_index != state->first_layer_index || header->layer_count != state->layer_count || header->total_layer_count != SPARK_GLM52_MODEL_LAYER_COUNT || header->hidden_dimension != SPARK_GLM52_MODEL_HIDDEN_DIMENSION || header->vocab_count != SPARK_GLM52_MODEL_OUTPUT_VOCAB_COUNT || header->routed_expert_count != SPARK_GLM52_MODEL_MOE_EXPERT_COUNT )
-	return(SPARK_STATUS_SCHEMA_ERROR);
+	{(void)fprintf(stderr,"GLM52MODTRACE hdr geom tensors=%u stage_count=%u/%u stage_index=%u/%u first_layer=%u/%u layers=%u/%u total=%u/%u hidden=%u/%u vocab=%u/%u experts=%u/%u\n",header->tensor_count,header->stage_count,state->geometry->stage_count,header->stage_index,state->stage_index,header->first_layer_index,state->first_layer_index,header->layer_count,state->layer_count,header->total_layer_count,SPARK_GLM52_MODEL_LAYER_COUNT,header->hidden_dimension,SPARK_GLM52_MODEL_HIDDEN_DIMENSION,header->vocab_count,SPARK_GLM52_MODEL_OUTPUT_VOCAB_COUNT,header->routed_expert_count,SPARK_GLM52_MODEL_MOE_EXPERT_COUNT);return(SPARK_STATUS_SCHEMA_ERROR);}
 if ( header->linear_weight_codec != SPARK_WEIGHT_CODEC_BF16 || header->expert_weight_codec != state->expert_weight_codec || header->kv_cache_codec != SPARK_WEIGHT_CODEC_BF16 )
 	return(SPARK_STATUS_TARGET_MISMATCH);
 if ( SparkGlm52ContractHash(contract_sha256) < 0 || header->model_revision[SPARK_GLM52_STAGEPACK_MODEL_REVISION_BYTES - 1u] != '\0' || strcmp(header->model_revision,state->model_revision) != 0 || memcmp(header->contract_sha256,contract_sha256,sizeof(contract_sha256)) != 0 || SparkGlm52BytesAreZero(header->source_config_sha256,sizeof(header->source_config_sha256)) != 0u || SparkGlm52BytesAreZero(header->pack_recipe_sha256,sizeof(header->pack_recipe_sha256)) != 0u )
 	return(SPARK_STATUS_HASH_MISMATCH);

[0m
Applying traces to the local module.c copy:
[0m← [0mEdit /var/folders/p8/d74_8vwn0_q8rkgfym3s623c0000gp/T/opencode/glm52dbg/module.c
Index: /var/folders/p8/d74_8vwn0_q8rkgfym3s623c0000gp/T/opencode/glm52dbg/module.c
===================================================================
--- /var/folders/p8/d74_8vwn0_q8rkgfym3s623c0000gp/T/opencode/glm52dbg/module.c
+++ /var/folders/p8/d74_8vwn0_q8rkgfym3s623c0000gp/T/opencode/glm52dbg/module.c
@@ -352,13 +352,13 @@
 		return(SPARK_STATUS_TARGET_MISMATCH);
 	if ( SparkGlm52ContractHash(contract_sha256) < 0 || header->model_revision[SPARK_GLM52_STAGEPACK_MODEL_REVISION_BYTES - 1u] != '\0' || strcmp(header->model_revision,state->model_revision) != 0 || memcmp(header->contract_sha256,contract_sha256,sizeof(contract_sha256)) != 0 || SparkGlm52BytesAreZero(header->source_config_sha256,sizeof(header->source_config_sha256)) != 0u || SparkGlm52BytesAreZero(header->pack_recipe_sha256,sizeof(header->pack_recipe_sha256)) != 0u )
 		return(SPARK_STATUS_HASH_MISMATCH);
 	if ( header->file_bytes != file_bytes || header->directory_offset < header->header_bytes || header->directory_offset % SPARK_GLM52_STAGEPACK_ALIGNMENT_BYTES != 0u || header->tensor_count > UINT64_MAX / header->directory_entry_bytes )
-		return(SPARK_STATUS_SCHEMA_ERROR);
+		{(void)fprintf(stderr,"GLM52MODTRACE hdr layout file_bytes=%llu/%llu dir_off=%llu hdr_bytes=%u\n",(unsigned long long)header->file_bytes,(unsigned long long)file_bytes,(unsigned long long)header->directory_offset,header->header_bytes);return(SPARK_STATUS_SCHEMA_ERROR);}
 	directory_bytes = (uint64_t)header->tensor_count * header->directory_entry_bytes;
 	directory_end = header->directory_offset + directory_bytes;
 	if ( directory_end < header->directory_offset || directory_end > file_bytes )
-		return(SPARK_STATUS_SCHEMA_ERROR);
+		{(void)fprintf(stderr,"GLM52MODTRACE hdr dir_end=%llu file=%llu\n",(unsigned long long)directory_end,(unsigned long long)file_bytes);return(SPARK_STATUS_SCHEMA_ERROR);}
 	return(SPARK_STATUS_OK);
 }
 
 static SparkStatus SparkGlm52PackValidateEntryGeometry(

[0m
[0m← [0mEdit /var/folders/p8/d74_8vwn0_q8rkgfym3s623c0000gp/T/opencode/glm52dbg/module.c
Index: /var/folders/p8/d74_8vwn0_q8rkgfym3s623c0000gp/T/opencode/glm52dbg/module.c
===================================================================
--- /var/folders/p8/d74_8vwn0_q8rkgfym3s623c0000gp/T/opencode/glm52dbg/module.c
+++ /var/folders/p8/d74_8vwn0_q8rkgfym3s623c0000gp/T/opencode/glm52dbg/module.c
@@ -561,22 +561,34 @@
 	if ( status == SPARK_STATUS_OK )
 		status = SparkStageModulePackRead(SPARK_GLM52_MODULE_TAG,file,0u,&header,sizeof(header));
 	if ( status == SPARK_STATUS_OK )
 		status = SparkGlm52PackValidateHeader(state,&header,file_bytes);
+	if ( status != SPARK_STATUS_OK )
+		(void)fprintf(stderr,"GLM52MODTRACE PackLoad header rc=%d\n",(int)status);
 	if ( status == SPARK_STATUS_OK )
 		status = SparkStageModulePackRead(SPARK_GLM52_MODULE_TAG,file,header.directory_offset,entries,(uint64_t)header.tensor_count * sizeof(entries[0]));
 	for (index=0u; status==SPARK_STATUS_OK && index<header.tensor_count; index++)
 	{
 		status = SparkGlm52PackValidateEntryGeometry(state,&header,&entries[index],&shape);
+		if ( status != SPARK_STATUS_OK )
+			(void)fprintf(stderr,"GLM52MODTRACE PackLoad entry[%u] kind=%u layer=%u rc=%d\n",index,entries[index].tensor_kind,entries[index].layer_index,(int)status);
 		if ( status == SPARK_STATUS_OK )
 			SparkGlm52PackMarkSeen(state,&entries[index]);
 	}
 	if ( status == SPARK_STATUS_OK )
 		status = SparkGlm52PackValidateRanges(entries,header.tensor_count);
 	if ( status == SPARK_STATUS_OK )
+	{
 		status = SparkGlm52PackValidateInventory(state);
+		if ( status != SPARK_STATUS_OK )
+			(void)fprintf(stderr,"GLM52MODTRACE PackLoad inventory rc=%d global_seen=%llx\n",(int)status,(unsigned long long)state->global_seen);
+	}
 	for (index=0u; status==SPARK_STATUS_OK && index<header.tensor_count; index++)
+	{
 		status = SparkGlm52PackLoadEntry(state,file,&entries[index]);
+		if ( status != SPARK_STATUS_OK )
+			(void)fprintf(stderr,"GLM52MODTRACE PackLoad load_entry[%u] kind=%u rc=%d\n",index,entries[index].tensor_kind,(int)status);
+	}
 	if ( fclose(file) != 0 && status == SPARK_STATUS_OK )
 		status = SPARK_STATUS_IO_ERROR;
 	return(status);
 }

[0m
[0m← [0mEdit /var/folders/p8/d74_8vwn0_q8rkgfym3s623c0000gp/T/opencode/glm52dbg/module.c
Index: /var/folders/p8/d74_8vwn0_q8rkgfym3s623c0000gp/T/opencode/glm52dbg/module.c
===================================================================
--- /var/folders/p8/d74_8vwn0_q8rkgfym3s623c0000gp/T/opencode/glm52dbg/module.c
+++ /var/folders/p8/d74_8vwn0_q8rkgfym3s623c0000gp/T/opencode/glm52dbg/module.c
@@ -2296,20 +2296,36 @@
 if ( state == 0 )
 	return(SPARK_STATUS_CAPACITY_EXCEEDED);
 state->ledger.module_tag = SPARK_GLM52_MODULE_TAG;
 status = SparkGlm52ModuleConfigure(state,configuration,host_services,&pack_path);
+(void)fprintf(stderr,"GLM52MODTRACE init configure rc=%d\n",(int)status);
 if ( status == SPARK_STATUS_OK && SparkGlm52ConfigureCudaModule(&state->multiprocessor_count) != 0 )
-	status = SPARK_STATUS_TARGET_MISMATCH;
+	{(void)fprintf(stderr,"GLM52MODTRACE init cuda_module fail\n");status = SPARK_STATUS_TARGET_MISMATCH;}
 if ( status == SPARK_STATUS_OK )
+{
 	status = SparkGlm52PackLoad(state,pack_path);
+	(void)fprintf(stderr,"GLM52MODTRACE init pack_load rc=%d path=%s\n",(int)status,pack_path != 0 ? pack_path : "(null)");
+}
 if ( status == SPARK_STATUS_OK )
+{
 	status = SparkGlm52AllocateCaches(state);
+	(void)fprintf(stderr,"GLM52MODTRACE init caches rc=%d\n",(int)status);
+}
 if ( status == SPARK_STATUS_OK )
+{
 	status = SparkGlm52AllocateSlots(state);
+	(void)fprintf(stderr,"GLM52MODTRACE init slots rc=%d\n",(int)status);
+}
 if ( status == SPARK_STATUS_OK )
+{
 	status = SparkGlm52ModuleInitializeTpCollective(state,(const SparkGlm52ResidentDecodeStageNodeContext *)host_services->node_context);
+	(void)fprintf(stderr,"GLM52MODTRACE init tp_collective rc=%d\n",(int)status);
+}
 if ( status == SPARK_STATUS_OK )
+{
 	status = SparkGlm52ModuleSpeculatorInitialize(state);
+	(void)fprintf(stderr,"GLM52MODTRACE init speculator rc=%d\n",(int)status);
+}
 if ( status != SPARK_STATUS_OK )
 {
 	SparkGlm52ModuleSpeculatorDestroy(state);
 	SparkGlm52ReleaseSlotHost(state);

[0m
[0m← [0mEdit /var/folders/p8/d74_8vwn0_q8rkgfym3s623c0000gp/T/opencode/glm52dbg/module.c
Index: /var/folders/p8/d74_8vwn0_q8rkgfym3s623c0000gp/T/opencode/glm52dbg/module.c
===================================================================
--- /var/folders/p8/d74_8vwn0_q8rkgfym3s623c0000gp/T/opencode/glm52dbg/module.c
+++ /var/folders/p8/d74_8vwn0_q8rkgfym3s623c0000gp/T/opencode/glm52dbg/module.c
@@ -211,9 +211,9 @@
 	return(SPARK_STATUS_UNSUPPORTED);
 if ( context->tp_degree != 1u && (SPARK_GLM52_MODEL_HEAD_COUNT % context->tp_degree != 0u || SPARK_GLM52_MODEL_OUTPUT_VOCAB_COUNT % context->tp_degree != 0u || SPARK_GLM52_MODEL_DENSE_INTERMEDIATE_DIMENSION % context->tp_degree != 0u || SPARK_GLM52_MODEL_MOE_INTERMEDIATE_DIMENSION % context->tp_degree != 0u) )
 	return(SPARK_STATUS_INVALID_ARGUMENT);
 if ( configuration->model_revision == 0 || strcmp(configuration->model_revision,context->model_revision) != 0 )
-	return(SPARK_STATUS_SCHEMA_ERROR);
+	{(void)fprintf(stderr,"GLM52MODTRACE configure revision pkg=%s ctx=%s\n",configuration->model_revision != 0 ? configuration->model_revision : "(null)",context->model_revision);return(SPARK_STATUS_SCHEMA_ERROR);}
 state->stage_index = context->stage_index;
 state->first_layer_index = context->first_layer_index;
 state->layer_count = context->layer_count;
 state->expert_weight_codec = context->expert_weight_codec;

[0m
Pushing traced module.c and rebuilding via the exact proven publish flow (variants → publish → package compile). This is the long step:
[0m$ [0mtimeout 30 scp -o BatchMode=yes /var/folders/p8/d74_8vwn0_q8rkgfym3s623c0000gp/T/opencode/glm52dbg/module.c sparke:/tmp/traced_module.c && timeout 60 ssh -o BatchMode=yes sparke 'cp ~/build/glm52_unified/modules/glm52_resident_decode_stage/source/spark_glm52_resident_decode_stage_module.c /tmp/spark_glm52_resident_decode_stage_module.c.orig && cp /tmp/traced_module.c ~/build/glm52_unified/modules/glm52_resident_decode_stage/source/spark_glm52_resident_decode_stage_module.c && echo INSTALLED'
INSTALLED
[0m
[0m$ [0mtimeout 1500 ssh -o BatchMode=yes sparke 'set -x
cd ~/build/glm52_unified/modules/glm52_resident_decode_stage
export PATH=/usr/local/cuda-13.0/bin:$PATH CUDA_HOME=/usr/local/cuda-13.0
REV=b4734de4facf877f85769a911abafc5283eab3d9
CONTRACT=ec5afd74d2ba0c913474f30d78209b4a49fa87667845f2968039fddad0fead7a
PACK=/home/sparke/srcdata/glm52_tp8_packs/glm52_tp8_rank06.fp8.glms52sp
make variants EXPERT_CODEC=fp8 MODEL_REVISION="$REV" CONTRACT_SHA256="$CONTRACT" MODULE_BATCH_VARIANT_BUCKETS="1 2 4 8 16" STAGE_PACK_PATH="$PACK" MAX_ACTIVE_SEQUENCES=16 MAX_SEQUENCE_POSITIONS=4096 EXECUTION_ROW_CAPACITY=16 PIPELINE_SLOT_COUNT=2 > /tmp/traced_variants.log 2>&1
echo VARIANTS_RC=$?
tail -3 /tmp/traced_variants.log'
+ cd /home/sparke/build/glm52_unified/modules/glm52_resident_decode_stage
+ export PATH=/usr/local/cuda-13.0/bin:/usr/local/sbin:/usr/local/bin:/usr/sbin:/usr/bin:/sbin:/bin:/usr/games:/usr/local/games:/snap/bin CUDA_HOME=/usr/local/cuda-13.0
+ PATH=/usr/local/cuda-13.0/bin:/usr/local/sbin:/usr/local/bin:/usr/sbin:/usr/bin:/sbin:/bin:/usr/games:/usr/local/games:/snap/bin
+ CUDA_HOME=/usr/local/cuda-13.0
+ REV=b4734de4facf877f85769a911abafc5283eab3d9
+ CONTRACT=ec5afd74d2ba0c913474f30d78209b4a49fa87667845f2968039fddad0fead7a
+ PACK=/home/sparke/srcdata/glm52_tp8_packs/glm52_tp8_rank06.fp8.glms52sp
+ make variants EXPERT_CODEC=fp8 MODEL_REVISION=b4734de4facf877f85769a911abafc5283eab3d9 CONTRACT_SHA256=ec5afd74d2ba0c913474f30d78209b4a49fa87667845f2968039fddad0fead7a 'MODULE_BATCH_VARIANT_BUCKETS=1 2 4 8 16' STAGE_PACK_PATH=/home/sparke/srcdata/glm52_tp8_packs/glm52_tp8_rank06.fp8.glms52sp MAX_ACTIVE_SEQUENCES=16 MAX_SEQUENCE_POSITIONS=4096 EXECUTION_ROW_CAPACITY=16 PIPELINE_SLOT_COUNT=2
VARIANTS_RC=0
+ echo VARIANTS_RC=0
+ tail -3 /tmp/traced_variants.log
ar rcs "../../build/modules/glm52_resident_decode_stage/fp8/libglm52_resident_decode_stage_fp8_b8.a" ../../build/modules/glm52_resident_decode_stage/fp8/source_spark_glm52_resident_decode_stage_module_b8.o ../../build/modules/glm52_resident_decode_stage/fp8/.._.._runtime_stage_module_common_b8.o ../../build/modules/glm52_resident_decode_stage/fp8/.._.._ring_transport_hidden_transport_b8.o ../../build/modules/glm52_resident_decode_stage/fp8/.._.._ring_transport_tp_collective_b8.o ../../build/modules/glm52_resident_decode_stage/fp8/.._.._ring_transport_tp_device_collective_b8.o ../../build/modules/glm52_resident_decode_stage/fp8/.._.._ring_transport_tp_device_collective_nccl_b8.o ../../build/modules/glm52_resident_decode_stage/fp8/source_spark_glm52_paged_kv_b8.o ../../build/modules/glm52_resident_decode_stage/fp8/source_spark_glm52_resident_decode_stage_cuda_b8.o ../../build/modules/glm52_dspark_draft_backend/spark_glm52_dspark_draft_backend.o
cc -std=c11 -Wall -Wextra -Werror -O3 -D_GNU_SOURCE -D_POSIX_C_SOURCE=200809L -D_FILE_OFFSET_BITS=64 -fPIC -fvisibility=hidden -I../../include -I../../model-families/common/include -I../../model-families/glm52/include -I../../modules/glm52_resident_decode_stage/include -I../../modules/glm52_resident_decode_stage/source -I../../modules/glm52_dspark_draft_backend/include -I../.. -DGLM52_EXPERT_WEIGHT_CODEC=5 -DGLM52_EXPERT_CODEC_NAME=\"fp8\" -DGLM52_MODEL_REVISION=\"b4734de4facf877f85769a911abafc5283eab3d9\" -DGLM52_CONTRACT_SHA256=\"ec5afd74d2ba0c913474f30d78209b4a49fa87667845f2968039fddad0fead7a\" -USPARK_BATCH_BUCKET -DSPARK_BATCH_BUCKET=16 -I"/usr/local/cuda-13.0/include" -include ../../model-families/glm52/include/sparkpipe/spark_glm52_model.h -MMD -MP -c "source/spark_glm52_resident_decode_stage_module.c" -o "../../build/modules/glm52_resident_decode_stage/fp8/source_spark_glm52_resident_decode_stage_module_b16.o"
ar rcs "../../build/modules/glm52_resident_decode_stage/fp8/libglm52_resident_decode_stage_fp8_b16.a" ../../build/modules/glm52_resident_decode_stage/fp8/source_spark_glm52_resident_decode_stage_module_b16.o ../../build/modules/glm52_resident_decode_stage/fp8/.._.._runtime_stage_module_common_b16.o ../../build/modules/glm52_resident_decode_stage/fp8/.._.._ring_transport_hidden_transport_b16.o ../../build/modules/glm52_resident_decode_stage/fp8/.._.._ring_transport_tp_collective_b16.o ../../build/modules/glm52_resident_decode_stage/fp8/.._.._ring_transport_tp_device_collective_b16.o ../../build/modules/glm52_resident_decode_stage/fp8/.._.._ring_transport_tp_device_collective_nccl_b16.o ../../build/modules/glm52_resident_decode_stage/fp8/source_spark_glm52_paged_kv_b16.o ../../build/modules/glm52_resident_decode_stage/fp8/source_spark_glm52_resident_decode_stage_cuda_b16.o ../../build/modules/glm52_dspark_draft_backend/spark_glm52_dspark_draft_backend.o
[0m
Variants built clean. Publishing traced archives into `module_library` (direct tool calls, mirroring rules.mk flags) and recompiling the driver package:
[0m$ [0mtimeout 30 ssh -o BatchMode=yes sparke 'cd ~/build/glm52_unified && ls build/modules/glm52_resident_decode_stage/fp8/*.a; build/sparkpipe_module_publish --help 2>&1 | head -25'
build/modules/glm52_resident_decode_stage/fp8/libglm52_resident_decode_stage_fp8.a
build/modules/glm52_resident_decode_stage/fp8/libglm52_resident_decode_stage_fp8_b1.a
build/modules/glm52_resident_decode_stage/fp8/libglm52_resident_decode_stage_fp8_b16.a
build/modules/glm52_resident_decode_stage/fp8/libglm52_resident_decode_stage_fp8_b2.a
build/modules/glm52_resident_decode_stage/fp8/libglm52_resident_decode_stage_fp8_b4.a
build/modules/glm52_resident_decode_stage/fp8/libglm52_resident_decode_stage_fp8_b8.a
usage: build/sparkpipe_module_publish --library DIR --module ID --target TARGET --link-unit FILE --recipe ID --execute SYMBOL [--initialize SYMBOL] [--admit SYMBOL] [--snapshot SYMBOL] [--destroy SYMBOL] [--validator PROGRAM] [--validator-arg ARG ...]
[0m
[0m$ [0mtimeout 25 ssh -o BatchMode=yes sparke 'cd ~/build/glm52_unified && grep -n "MODULE_IDENTIFIER\|MODULE_TARGET\|VALIDATION_RECIPE\|ENTRY_PREFIX" modules/glm52_resident_decode_stage/Makefile | head; grep -rn "MODULE_IDENTIFIER\b.*=\|MODULE_TARGET.*=\|VALIDATION_RECIPE.*=\|MODULE_ENTRY_PREFIX.*=" modules/resident_decode_stage_rules.mk | head'
36:MODULE_IDENTIFIER_PREFIX := spark.glm52.resident_decode_stage.bf16.expert_$(EXPERT_CODEC).h6144.l78.e256.k8
37:MODULE_IDENTIFIER_SUFFIX := v2
38:MODULE_IDENTIFIER := $(MODULE_IDENTIFIER_PREFIX).$(MODULE_IDENTIFIER_SUFFIX)
43:MODULE_TARGET := cuda.sm121.glm52.resident_decode_stage.bf16.expert_$(EXPERT_CODEC)
45:MODULE_ENTRY_PREFIX := SparkGlm52ResidentDecodeStage
70:VALIDATION_RECIPE ?= $(MODULE_FAMILY).resident_decode_stage.$(CUDA_ARCH).gpu.config_$(VALIDATION_CONFIGURATION_SHA256).v1
[0m
[0m$ [0mtimeout 300 ssh -o BatchMode=yes sparke 'set -e
cd ~/build/glm52_unified
PREFIX="spark.glm52.resident_decode_stage.bf16.expert_fp8.h6144.l78.e256.k8"
TARGET="cuda.sm121.glm52.resident_decode_stage.bf16.expert_fp8"
ARCH=build/modules/glm52_resident_decode_stage/fp8/libglm52_resident_decode_stage_fp8
for b in 1 2 4 8 16; do
  build/sparkpipe_module_publish --library build/module_library \
    --module "$PREFIX.b$b.v2" --target "$TARGET" --link-unit "$ARCH _b$b.a".replace --recipe glm52.resident_decode_stage.sm_121a.gpu.config_83db8ddd02942db676e5b455c83772b6277a1a0fd58546a3e8c864a0ced34f2d.v1 \
    --initialize SparkGlm52ResidentDecodeStageInitialize --execute SparkGlm52ResidentDecodeStageExecute --admit SparkGlm52ResidentDecodeStageAdmit --snapshot SparkGlm52ResidentDecodeStageSnapshot --destroy SparkGlm52ResidentDecodeStageDestroy 2>&1 | tail -1 || true
done' 2>&1 | head -20
module publish failed: invalid_argument: 
module publish failed: invalid_argument: 
module publish failed: invalid_argument: 
module publish failed: invalid_argument: 
module publish failed: invalid_argument:
[0m
Typo in my --link-unit path. Fixing:
[0m$ [0mtimeout 300 ssh -o BatchMode=yes sparke 'set -e
cd ~/build/glm52_unified
PREFIX="spark.glm52.resident_decode_stage.bf16.expert_fp8.h6144.l78.e256.k8"
TARGET="cuda.sm121.glm52.resident_decode_stage.bf16.expert_fp8"
ARCH=build/modules/glm52_resident_decode_stage/fp8/libglm52_resident_decode_stage_fp8
for b in 1 2 4 8 16; do
  build/sparkpipe_module_publish --library build/module_library \
    --module "$PREFIX.b$b.v2" --target "$TARGET" --link-unit "${ARCH}_b${b}.a" --recipe glm52.resident_decode_stage.sm_121a.gpu.config_83db8ddd02942db676e5b455c83772b6277a1a0fd58546a3e8c864a0ced34f2d.v1 \
    --initialize SparkGlm52ResidentDecodeStageInitialize --execute SparkGlm52ResidentDecodeStageExecute --admit SparkGlm52ResidentDecodeStageAdmit --snapshot SparkGlm52ResidentDecodeStageSnapshot --destroy SparkGlm52ResidentDecodeStageDestroy
done
build/sparkpipe_module_publish --library build/module_library \
    --module "$PREFIX.v2" --target "$TARGET" --link-unit "$ARCH.a" --recipe glm52.resident_decode_stage.sm_121a.gpu.config_83db8ddd02942db676e5b455c83772b6277a1a0fd58546a3e8c864a0ced34f2d.v1 \
    --initialize SparkGlm52ResidentDecodeStageInitialize --execute SparkGlm52ResidentDecodeStageExecute --admit SparkGlm52ResidentDecodeStageAdmit --snapshot SparkGlm52ResidentDecodeStageSnapshot --destroy SparkGlm52ResidentDecodeStageDestroy
echo PUBLISH_DONE'
module publish failed: invalid_argument:
[0m
[0m$ [0mtimeout 25 ssh -o BatchMode=yes sparke 'cd ~/build/glm52_unified && ls build/module_library/records/ | head -12; echo ===; R=$(ls build/module_library/records/ | grep "b1\." | head -1); cat "build/module_library/records/$R" | head -40'
1fc550b93075b56e177436d95e6e390058bd75557413376ea0725a177e9fb6fb-6b4c4014a86284de8dfbbaa1a3c6be355906b3bc2fa5bde4437acf1dc2da3acc.json
1fc550b93075b56e177436d95e6e390058bd75557413376ea0725a177e9fb6fb-f77f4ff55544ae18cfcac961c0aa7505434dd378863ae2e273d229b402ba9bae.json
2adf64fa23c3ab4d838be2d8c796b528ca2df9451b9a2db47e6017af46435f82-4a26b860bd3703872588c01e4d384847844957c27a84d6431332f9fbe9b74d71.json
2adf64fa23c3ab4d838be2d8c796b528ca2df9451b9a2db47e6017af46435f82-a32fda48f6a142ede11f793a0158bf51998c9444b8e64f3ef08472bb2c810c4c.json
6e464d43c399169a130aedff7ce0371b47a702fe31b3462635bbddefbfb4576c-a4b0ccebfd90c6b59b8eaf8d362120befbeae262107e1b17b290e9bd7cd98208.json
6e464d43c399169a130aedff7ce0371b47a702fe31b3462635bbddefbfb4576c-d3a9ce856d89f9ac212936385fc4ebfc24abc81ef995627cf2bc8d083d6b600f.json
94584cd8702a66cdc27ab68f127304a47ccc51c27b82ffa93c363049546ced3a-14b88945056b3e6e9b684a6ecdb8c37f44eed3972a2483577f91f1dcd90a2573.json
94584cd8702a66cdc27ab68f127304a47ccc51c27b82ffa93c363049546ced3a-2fdbba1bc2cde77fd335a6126c8b90befa50ea57a5345a315ad2c98f019605dd.json
e87faf3b81db90ebe587352123246177cc4a690ca4721ed58ba09c3c9093dafe-363b60d0173e47fd774ef5ed4a60d2d65e9d181f630c7c65f130ea996d51e81e.json
e87faf3b81db90ebe587352123246177cc4a690ca4721ed58ba09c3c9093dafe-7ffbddd4ec89cb15c316069332d5cba6f2d82f1b9cc0ee30569d31830e39bd49.json
f584793be9c6d2b4562aae551a380dc7a6eb797381099912b4acb941262ccccc-8b13c68e03a39bc5ebc7f5e01d28ae6ecec2387247c74169659dfc67b560f529.json
f584793be9c6d2b4562aae551a380dc7a6eb797381099912b4acb941262ccccc-8ffaeea07526c90da0012fe9091ea18a6ab40bd8775ab4cbdb55587fdd8d8234.json
===
cat: build/module_library/records/: Is a directory
[0m
[0m$ [0mtimeout 25 ssh -o BatchMode=yes sparke 'cd ~/build/glm52_unified/build/module_library && ls; echo ===ACTIVE===; ls active 2>/dev/null | head; echo ===RECORD_SAMPLE===; f=$(find records -name "*.json" | head -1); python3 -m json.tool "$f" 2>/dev/null | head -40'
active
link_units
records
===ACTIVE===
1fc550b93075b56e177436d95e6e390058bd75557413376ea0725a177e9fb6fb.json
2adf64fa23c3ab4d838be2d8c796b528ca2df9451b9a2db47e6017af46435f82.json
6e464d43c399169a130aedff7ce0371b47a702fe31b3462635bbddefbfb4576c.json
94584cd8702a66cdc27ab68f127304a47ccc51c27b82ffa93c363049546ced3a.json
e87faf3b81db90ebe587352123246177cc4a690ca4721ed58ba09c3c9093dafe.json
f584793be9c6d2b4562aae551a380dc7a6eb797381099912b4acb941262ccccc.json
===RECORD_SAMPLE===
{
    "schema_version": 4,
    "module_id": "spark.glm52.resident_decode_stage.bf16.expert_fp8.h6144.l78.e256.k8.b8.v2",
    "target": "cuda.sm121.glm52.resident_decode_stage.bf16.expert_fp8",
    "module_abi_version": 4,
    "artifact_sha256": "d5c93c12c0d226b13f869a9b981ba64c48e29fe5994ef372b5816a5a1438b094",
    "link_unit_kind": "static_archive",
    "link_unit": "link_units/d5c93c12c0d226b13f869a9b981ba64c48e29fe5994ef372b5816a5a1438b094.a",
    "validation_recipe": "glm52.resident_decode_stage.sm_121a.gpu.config_83db8ddd02942db676e5b455c83772b6277a1a0fd58546a3e8c864a0ced34f2d.v1",
    "validator_sha256": "6e297199cd122aa97899c5732bab33affa9773b7671978bd063b247f23aef7f3",
    "validation_state": "passed",
    "initialize_symbol": "SparkGlm52ResidentDecodeStageInitialize",
    "execute_symbol": "SparkGlm52ResidentDecodeStageExecute",
    "admit_symbol": "SparkGlm52ResidentDecodeStageAdmit",
    "snapshot_symbol": "SparkGlm52ResidentDecodeStageSnapshot",
    "destroy_symbol": "SparkGlm52ResidentDecodeStageDestroy"
}
[0m
[0m$ [0mtimeout 25 ssh -o BatchMode=yes sparke 'cd ~/build/glm52_unified && grep -n "GPU_VALIDATOR\s*?*=\|GPU_VALIDATOR_ARGUMENTS\s*?*=\|VALIDATION_CONFIGURATION_SHA256\s*?*=" modules/glm52_resident_decode_stage/Makefile modules/resident_decode_stage_rules.mk | head; ls -la build/modules/glm52_resident_decode_stage/fp8/ | grep -i valid | head'
modules/resident_decode_stage_rules.mk:43:GPU_VALIDATOR ?=
modules/resident_decode_stage_rules.mk:44:GPU_VALIDATOR_ARGUMENTS ?=
[0m
[0m$ [0mtimeout 25 ssh -o BatchMode=yes sparke 'cd ~/build/glm52_unified && grep -rn "GPU_VALIDATOR" modules/glm52_resident_decode_stage/Makefile | head -6; ls validation/ 2>/dev/null; ls build/ | grep -i validator | head'
98:GPU_VALIDATOR := validation/validate_glm52_resident_decode_stage_cuda.sh
[0m
[0m$ [0mtimeout 25 ssh -o BatchMode=yes sparke 'cd ~/build/glm52_unified/modules/glm52_resident_decode_stage && ls validation/ 2>/dev/null; grep -rn "GPU_VALIDATOR_ARGUMENTS" Makefile | head -3'
spark_glm52_resident_decode_stage_cuda_validation.cu
validate_glm52_resident_decode_stage_cuda.sh
[0m
The validator is required by the tool — so use the proven `make publish` flow directly (validators included):
[0m$ [0mtimeout 1700 ssh -o BatchMode=yes sparke 'cd ~/build/glm52_unified/modules/glm52_resident_decode_stage
export PATH=/usr/local/cuda-13.0/bin:$PATH CUDA_HOME=/usr/local/cuda-13.0
REV=b4734de4facf877f85769a911abafc5283eab3d9
CONTRACT=ec5afd74d2ba0c913474f30d78209b4a49fa87667845f2968039fddad0fead7a
PACK=/home/sparke/srcdata/glm52_tp8_packs/glm52_tp8_rank06.fp8.glms52sp
COMMON="EXPERT_CODEC=fp8 MODEL_REVISION=$REV CONTRACT_SHA256=$CONTRACT STAGE_PACK_PATH=$PACK MAX_ACTIVE_SEQUENCES=16 MAX_SEQUENCE_POSITIONS=4096 EXECUTION_ROW_CAPACITY=16 PIPELINE_SLOT_COUNT=2"
make publish_variants $COMMON MODULE_BATCH_VARIANT_BUCKETS="1 2 4 8 16" > /tmp/traced_publish_variants.log 2>&1
echo PV_RC=$?
make publish $COMMON > /tmp/traced_publish.log 2>&1
echo PUB_RC=$?
bash /tmp/glm52_compile_pkg.sh > /tmp/traced_pkg.log 2>&1
echo PKG_RC=$?
tail -5 /tmp/traced_pkg.log
sha256sum ~/glm52_package/stages/stage_000/model_driver.so'
PV_RC=0
PUB_RC=0
PKG_RC=0
+ export PATH=/usr/local/cuda-13.0/bin:/usr/local/cuda-13.0/bin:/usr/local/sbin:/usr/local/bin:/usr/sbin:/usr/bin:/sbin:/bin:/usr/games:/usr/local/games:/snap/bin
+ PATH=/usr/local/cuda-13.0/bin:/usr/local/cuda-13.0/bin:/usr/local/sbin:/usr/local/bin:/usr/sbin:/usr/bin:/sbin:/bin:/usr/games:/usr/local/games:/snap/bin
+ export CUDA_HOME=/usr/local/cuda-13.0
+ CUDA_HOME=/usr/local/cuda-13.0
+ exit 0
4df087774c050ab1a037150341e2bce68a66a6e96a7fd9695ad8e871783d4248  /home/sparke/glm52_package/stages/stage_000/model_driver.so
[0m
Traced driver built (all GPU validations passed). Deploying to spark8 only + solo boot:
[0m$ [0mtimeout 20 ssh -o BatchMode=yes spark8 'cp -p ~/sparkdata/glm52.tp8.fp8/lib/model_driver.so ~/sparkdata/glm52.tp8.fp8/lib/model_driver.so.bringup-bak' && timeout 120 scp -o BatchMode=yes sparke:/home/sparke/glm52_package/stages/stage_000/model_driver.so spark8:/home/spark8/sparkdata/glm52.tp8.fp8/lib/model_driver.so && timeout 30 ssh -o BatchMode=yes spark8 'chmod +x ~/sparkdata/glm52.tp8.fp8/lib/model_driver.so && rm -f /tmp/glm52-tp8-rank0.log && cd ~/sparkdata/glm52.tp8.fp8 && export LD_LIBRARY_PATH=$PWD/lib:$LD_LIBRARY_PATH SPARKPIPE_RELEASE_GENERATION=20260825000000 SPARKPIPE_RELEASE_GIT_COMMIT=glm52-tp8-bringup SPARKPIPE_RELEASE_ID=glm52-tp8-bringup-r0solo-traced2; setsid -f bin/sparkpipe_model_residentd --deployment config/model_resident.json --rank-index 0 >/tmp/glm52-tp8-rank0.log 2>&1 </dev/null; echo LAUNCHED'
LAUNCHED
[0m
[0m$ [0msleep 30; timeout 20 ssh -o BatchMode=yes spark8 'cat /tmp/glm52-tp8-rank0.log | head -40; echo ---PROC---; pgrep -af "[b]in/sparkpipe_model_residentd" || echo PROC_GONE; echo ---PORT---; ss -ltnH | grep ":19480 " || echo NO_LISTENER'
GLM52TRACE lc members_exact rc=0
GLM52TRACE lc LoadTpCollective rc=0
GLM52TRACE LoadConfiguration rc=0 tp_degree=8 tp_rank=0 max_seq=4096 row_cap=16 speculate=0
GLM52TRACE init after_LoadConfiguration rc=0
GLM52MODTRACE init configure rc=0
GLM52MODTRACE PackLoad entry[65] kind=21 layer=3 rc=6
GLM52MODTRACE init pack_load rc=6 path=/home/spark8/sparkdata/glm52.tp8.fp8/packs/glm52_tp8_rank00.fp8.glms52sp
GLM52TRACE init after_LoadDriver rc=6
model_residentd initialize=schema_error status=6 phase=adapter_initialize rank=0 stage=0
model_residentd route_failed status=4 reason=9 work_kind=0 submission=0
---PROC---
PROC_GONE
---PORT---
NO_LISTENER
[0m
**Root cause localized**: module Configure + CUDA fine; pack load fails at **entry[65], tensor kind=21 (SHARED_GATE_UP), layer 3, SCHEMA_ERROR** — the new module's expected-shape table disagrees with the Aug-15 packs on the shared-expert tensors. Examining the shape resolver:
[0m$ [0mtimeout 25 ssh -o BatchMode=yes sparke 'cd ~/build/glm52_unified && grep -rn "SparkGlm52StagePackExpectedShape" --include=*.c --include=*.h -l | head; grep -n "TENSOR_SHARED_GATE_UP\|TENSOR_KIND_COUNT\|TENSOR_EMBEDDING" modules/glm52_resident_decode_stage/source/spark_glm52_resident_decode_stage_internal.h | head'
tests/fixtures/stagepack_parity/glm52/spark_glm52_resident_decode_stage_internal.h
tests/test_glm52_pp7_tap_transport.c
tests/test_glm52_pp7_configure.c
tests/test_stagepack_parity_glm52.c
tests/test_glm52_stagepack.c
tmp/aud_fixture_nobanner.h
tmp/aud_expected_concat.h
tmp/gate_tmp/spglm.fmt.h
tmp/aud_head_fmt.h
modules/glm52_resident_decode_stage/source/spark_glm52_resident_decode_stage_internal.h
191:	SPARK_GLM52_STAGEPACK_TENSOR_EMBEDDING = 0,
215:	SPARK_GLM52_STAGEPACK_TENSOR_SHARED_GATE_UP = 24,
217:	SPARK_GLM52_STAGEPACK_TENSOR_KIND_COUNT = 26
309:	case SPARK_GLM52_STAGEPACK_TENSOR_EMBEDDING:
314:	case SPARK_GLM52_STAGEPACK_TENSOR_SHARED_GATE_UP:
340:	if ( shape == 0 || tensor_kind >= SPARK_GLM52_STAGEPACK_TENSOR_KIND_COUNT || tp_degree == 0u )
352:	case SPARK_GLM52_STAGEPACK_TENSOR_EMBEDDING:
385:	case SPARK_GLM52_STAGEPACK_TENSOR_SHARED_GATE_UP: SparkStagePackShapeBf16(shape,1u,2u * SPARK_GLM52_MODEL_MOE_INTERMEDIATE_DIMENSION,SPARK_GLM52_MODEL_HIDDEN_DIMENSION); break;
[0m
[0m$ [0mtimeout 25 ssh -o BatchMode=yes sparke 'cd ~/build/glm52_unified && sed -n "185,220p" modules/glm52_resident_decode_stage/source/spark_glm52_resident_decode_stage_internal.h && sed -n "300,420p" modules/glm52_resident_decode_stage/source/spark_glm52_resident_decode_stage_internal.h'
SPARK_GLM52_STAGEPACK_PAYLOAD_U32 = SPARK_STAGE_PACK_PAYLOAD_U32,
	SPARK_GLM52_STAGEPACK_PAYLOAD_PACKED_WEIGHT = SPARK_STAGE_PACK_PAYLOAD_PACKED_WEIGHT
} SparkGlm52StagePackPayloadType;

typedef enum SparkGlm52StagePackTensorKind
{
	SPARK_GLM52_STAGEPACK_TENSOR_EMBEDDING = 0,
	SPARK_GLM52_STAGEPACK_TENSOR_FINAL_NORM = 1,
	SPARK_GLM52_STAGEPACK_TENSOR_LM_HEAD = 2,
	SPARK_GLM52_STAGEPACK_TENSOR_ATTN_NORM = 3,
	SPARK_GLM52_STAGEPACK_TENSOR_Q_A = 4,
	SPARK_GLM52_STAGEPACK_TENSOR_Q_A_NORM = 5,
	SPARK_GLM52_STAGEPACK_TENSOR_Q_B = 6,
	SPARK_GLM52_STAGEPACK_TENSOR_KV_A = 7,
	SPARK_GLM52_STAGEPACK_TENSOR_KV_A_NORM = 8,
	SPARK_GLM52_STAGEPACK_TENSOR_KV_B_KEY_TRANSPOSED = 9,
	SPARK_GLM52_STAGEPACK_TENSOR_KV_B_VALUE = 10,
	SPARK_GLM52_STAGEPACK_TENSOR_ATTN_OUTPUT = 11,
	SPARK_GLM52_STAGEPACK_TENSOR_POST_ATTN_NORM = 12,
	SPARK_GLM52_STAGEPACK_TENSOR_INDEX_Q = 13,
	SPARK_GLM52_STAGEPACK_TENSOR_INDEX_K = 14,
	SPARK_GLM52_STAGEPACK_TENSOR_INDEX_HEAD = 15,
	SPARK_GLM52_STAGEPACK_TENSOR_INDEX_NORM_WEIGHT = 16,
	SPARK_GLM52_STAGEPACK_TENSOR_INDEX_NORM_BIAS = 17,
	SPARK_GLM52_STAGEPACK_TENSOR_DENSE_GATE_UP = 18,
	SPARK_GLM52_STAGEPACK_TENSOR_DENSE_DOWN = 19,
	SPARK_GLM52_STAGEPACK_TENSOR_ROUTER = 20,
	SPARK_GLM52_STAGEPACK_TENSOR_ROUTER_CORRECTION = 21,
	SPARK_GLM52_STAGEPACK_TENSOR_EXPERT_UP_GATE = 22,
	SPARK_GLM52_STAGEPACK_TENSOR_EXPERT_DOWN = 23,
	SPARK_GLM52_STAGEPACK_TENSOR_SHARED_GATE_UP = 24,
	SPARK_GLM52_STAGEPACK_TENSOR_SHARED_DOWN = 25,
	SPARK_GLM52_STAGEPACK_TENSOR_KIND_COUNT = 26
} SparkGlm52StagePackTensorKind;

typedef struct SparkGlm52StagePackHeader
}

/* TP sharding policy: which kinds are row- or column-sharded across ranks.
 * Must match tools/glm52_resident_stagepack.py exactly; the mechanics live
 * in the shared reader (SparkStagePackApplyShard). */
static inline uint32_t SparkGlm52StagePackTpShardPolicy(uint32_t tensor_kind)
{
	switch ( tensor_kind )
	{
	case SPARK_GLM52_STAGEPACK_TENSOR_EMBEDDING:
	case SPARK_GLM52_STAGEPACK_TENSOR_LM_HEAD:
	case SPARK_GLM52_STAGEPACK_TENSOR_Q_B:
	case SPARK_GLM52_STAGEPACK_TENSOR_DENSE_GATE_UP:
	case SPARK_GLM52_STAGEPACK_TENSOR_EXPERT_UP_GATE:
	case SPARK_GLM52_STAGEPACK_TENSOR_SHARED_GATE_UP:
		return(SPARK_STAGE_PACK_SHARD_ROWS);
	case SPARK_GLM52_STAGEPACK_TENSOR_ATTN_OUTPUT:
	case SPARK_GLM52_STAGEPACK_TENSOR_DENSE_DOWN:
	case SPARK_GLM52_STAGEPACK_TENSOR_EXPERT_DOWN:
	case SPARK_GLM52_STAGEPACK_TENSOR_SHARED_DOWN:
		return(SPARK_STAGE_PACK_SHARD_COLUMNS);
	default:
		return(SPARK_STAGE_PACK_SHARD_NONE);
	}
}

/* Pack header TP identity: reserved0 = tp_degree, reserved1 = tp_rank. */
static inline uint32_t SparkGlm52StagePackHeaderTpDegree(const SparkGlm52StagePackHeader *header)
{
	return(header != 0 ? header->reserved0 : 0u);
}

static inline uint32_t SparkGlm52StagePackHeaderTpRank(const SparkGlm52StagePackHeader *header)
{
	return(header != 0 ? header->reserved1 : 0u);
}

static inline int32_t SparkGlm52StagePackExpectedShape(uint32_t tensor_kind,uint32_t layer_index,uint32_t expert_codec,uint32_t tp_degree,SparkGlm52StagePackTensorShape *shape)
{
	uint32_t global;
	if ( shape == 0 || tensor_kind >= SPARK_GLM52_STAGEPACK_TENSOR_KIND_COUNT || tp_degree == 0u )
		return(-1);
	memset(shape,0,sizeof(*shape));
	global = SparkGlm52StagePackKindIsGlobal(tensor_kind);
	if ( (global != 0u && layer_index != SPARK_GLM52_STAGEPACK_GLOBAL_LAYER) || (global == 0u && layer_index >= SPARK_GLM52_MODEL_LAYER_COUNT) )
		return(-2);
	if ( SparkGlm52StagePackKindIsIndexer(tensor_kind) != 0u && SparkGlm52StagePackLayerHasFullIndexer(layer_index) == 0u )
		return(-3);
	if ( SparkGlm52StagePackKindIsDense(tensor_kind) != SparkGlm52StagePackLayerIsDense(layer_index) && (SparkGlm52StagePackKindIsDense(tensor_kind) != 0u || SparkGlm52StagePackKindIsRouted(tensor_kind) != 0u) )
		return(-4);
	switch ( tensor_kind )
	{
	case SPARK_GLM52_STAGEPACK_TENSOR_EMBEDDING:
	case SPARK_GLM52_STAGEPACK_TENSOR_LM_HEAD: SparkStagePackShapeBf16(shape,1u,SPARK_GLM52_MODEL_OUTPUT_VOCAB_COUNT,SPARK_GLM52_MODEL_HIDDEN_DIMENSION); break;
	case SPARK_GLM52_STAGEPACK_TENSOR_FINAL_NORM:
	case SPARK_GLM52_STAGEPACK_TENSOR_ATTN_NORM:
	case SPARK_GLM52_STAGEPACK_TENSOR_POST_ATTN_NORM: SparkStagePackShapeBf16(shape,1u,1u,SPARK_GLM52_MODEL_HIDDEN_DIMENSION); break;
	case SPARK_GLM52_STAGEPACK_TENSOR_Q_A: SparkStagePackShapeBf16(shape,1u,SPARK_GLM52_MODEL_QUERY_A_DIMENSION,SPARK_GLM52_MODEL_HIDDEN_DIMENSION); break;
	case SPARK_GLM52_STAGEPACK_TENSOR_Q_A_NORM: SparkStagePackShapeBf16(shape,1u,1u,SPARK_GLM52_MODEL_QUERY_A_DIMENSION); break;
	case SPARK_GLM52_STAGEPACK_TENSOR_Q_B: SparkStagePackShapeBf16(shape,1u,SPARK_GLM52_MODEL_HEAD_COUNT * SPARK_GLM52_MODEL_QK_HEAD_DIMENSION,SPARK_GLM52_MODEL_QUERY_A_DIMENSION); break;
	case SPARK_GLM52_STAGEPACK_TENSOR_KV_A: SparkStagePackShapeBf16(shape,1u,SPARK_GLM52_MODEL_CACHE_TOKEN_ELEMENTS,SPARK_GLM52_MODEL_HIDDEN_DIMENSION); break;
	case SPARK_GLM52_STAGEPACK_TENSOR_KV_A_NORM: SparkStagePackShapeBf16(shape,1u,1u,SPARK_GLM52_MODEL_LATENT_DIMENSION); break;
	case SPARK_GLM52_STAGEPACK_TENSOR_KV_B_KEY_TRANSPOSED: SparkStagePackShapeBf16(shape,SPARK_GLM52_MODEL_HEAD_COUNT,SPARK_GLM52_MODEL_LATENT_DIMENSION,SPARK_GLM52_MODEL_QK_NOPE_HEAD_DIMENSION); break;
	case SPARK_GLM52_STAGEPACK_TENSOR_KV_B_VALUE: SparkStagePackShapeBf16(shape,SPARK_GLM52_MODEL_HEAD_COUNT,SPARK_GLM52_MODEL_VALUE_HEAD_DIMENSION,SPARK_GLM52_MODEL_LATENT_DIMENSION); break;
	case SPARK_GLM52_STAGEPACK_TENSOR_ATTN_OUTPUT: SparkStagePackShapeBf16(shape,1u,SPARK_GLM52_MODEL_HIDDEN_DIMENSION,SPARK_GLM52_MODEL_HEAD_COUNT * SPARK_GLM52_MODEL_VALUE_HEAD_DIMENSION); break;
	case SPARK_GLM52_STAGEPACK_TENSOR_INDEX_Q: SparkStagePackShapeBf16(shape,1u,SPARK_GLM52_MODEL_DSA_INDEX_QUERY_DIMENSION,SPARK_GLM52_MODEL_QUERY_A_DIMENSION); break;
	case SPARK_GLM52_STAGEPACK_TENSOR_INDEX_K: SparkStagePackShapeBf16(shape,1u,SPARK_GLM52_MODEL_DSA_INDEX_HEAD_DIMENSION,SPARK_GLM52_MODEL_HIDDEN_DIMENSION); break;
	case SPARK_GLM52_STAGEPACK_TENSOR_INDEX_HEAD: SparkStagePackShapeBf16(shape,1u,SPARK_GLM52_MODEL_DSA_INDEX_HEAD_COUNT,SPARK_GLM52_MODEL_HIDDEN_DIMENSION); break;
	case SPARK_GLM52_STAGEPACK_TENSOR_INDEX_NORM_WEIGHT:
	case SPARK_GLM52_STAGEPACK_TENSOR_INDEX_NORM_BIAS: SparkStagePackShapeBf16(shape,1u,1u,SPARK_GLM52_MODEL_DSA_INDEX_HEAD_DIMENSION); break;
	case SPARK_GLM52_STAGEPACK_TENSOR_DENSE_GATE_UP: SparkStagePackShapeBf16(shape,1u,2u * SPARK_GLM52_MODEL_DENSE_INTERMEDIATE_DIMENSION,SPARK_GLM52_MODEL_HIDDEN_DIMENSION); break;
	case SPARK_GLM52_STAGEPACK_TENSOR_DENSE_DOWN: SparkStagePackShapeBf16(shape,1u,SPARK_GLM52_MODEL_HIDDEN_DIMENSION,SPARK_GLM52_MODEL_DENSE_INTERMEDIATE_DIMENSION); break;
	case SPARK_GLM52_STAGEPACK_TENSOR_ROUTER: SparkStagePackShapeBf16(shape,1u,SPARK_GLM52_MODEL_MOE_EXPERT_COUNT,SPARK_GLM52_MODEL_HIDDEN_DIMENSION); break;
	case SPARK_GLM52_STAGEPACK_TENSOR_ROUTER_CORRECTION: SparkStagePackShapeWords(shape,SPARK_GLM52_STAGEPACK_PAYLOAD_F32,1u,1u,SPARK_GLM52_MODEL_MOE_EXPERT_COUNT); break;
	case SPARK_GLM52_STAGEPACK_TENSOR_EXPERT_UP_GATE:
	case SPARK_GLM52_STAGEPACK_TENSOR_EXPERT_DOWN:
		if ( expert_codec < SPARK_WEIGHT_CODEC_INT6 || expert_codec > SPARK_WEIGHT_CODEC_MXFP4_E2M1 )
			return(-5);
		shape->payload_type = SPARK_GLM52_STAGEPACK_PAYLOAD_PACKED_WEIGHT;
		shape->weight_codec = expert_codec;
		shape->scale_encoding = SparkWeightCodecScaleEncoding(expert_codec);
		shape->group_count = SPARK_GLM52_MODEL_MOE_EXPERT_COUNT;
		shape->rows = tensor_kind == SPARK_GLM52_STAGEPACK_TENSOR_EXPERT_UP_GATE ? 2u * SPARK_GLM52_MODEL_MOE_INTERMEDIATE_DIMENSION : SPARK_GLM52_MODEL_HIDDEN_DIMENSION;
		shape->columns = tensor_kind == SPARK_GLM52_STAGEPACK_TENSOR_EXPERT_UP_GATE ? SPARK_GLM52_MODEL_HIDDEN_DIMENSION : SPARK_GLM52_MODEL_MOE_INTERMEDIATE_DIMENSION;
		break;
	case SPARK_GLM52_STAGEPACK_TENSOR_SHARED_GATE_UP: SparkStagePackShapeBf16(shape,1u,2u * SPARK_GLM52_MODEL_MOE_INTERMEDIATE_DIMENSION,SPARK_GLM52_MODEL_HIDDEN_DIMENSION); break;
	case SPARK_GLM52_STAGEPACK_TENSOR_SHARED_DOWN: SparkStagePackShapeBf16(shape,1u,SPARK_GLM52_MODEL_HIDDEN_DIMENSION,SPARK_GLM52_MODEL_MOE_INTERMEDIATE_DIMENSION); break;
	default: return(-6);
	}
	if ( SparkStagePackApplyShard(shape,SparkGlm52StagePackTpShardPolicy(tensor_kind),tp_degree) != 0 )
		return(-7);
	return(0);
}
[0m
kind 21 = **ROUTER_CORRECTION** (F32 words, 256 experts). Decoding the actual pack bytes directly (no rebuild) — fetching struct layouts:
[0m$ [0mtimeout 25 ssh -o BatchMode=yes sparke 'cd ~/build/glm52_unified && sed -n "220,300p" modules/glm52_resident_decode_stage/source/spark_glm52_resident_decode_stage_internal.h; grep -n "SparkStagePackShapeWords\|SparkStagePackShapeBf16\|KindIsDense\|KindIsRouted\|LayerIsDense\|LayerHasFullIndexer\|GLOBAL_LAYER" runtime/spark_stagepack_reader.h modules/glm52_resident_decode_stage/source/spark_glm52_resident_decode_stage_internal.h 2>/dev/null | head -20'
typedef struct SparkGlm52StagePackHeader
{
	uint32_t magic;
	uint32_t format_version;
	uint32_t header_bytes;
	uint32_t directory_entry_bytes;
	uint32_t codec_abi_version;
	uint32_t flags;
	uint32_t tensor_count;
	uint32_t stage_count;
	uint32_t stage_index;
	uint32_t first_layer_index;
	uint32_t layer_count;
	uint32_t total_layer_count;
	uint32_t hidden_dimension;
	uint32_t vocab_count;
	uint32_t routed_expert_count;
	uint32_t linear_weight_codec;
	uint32_t expert_weight_codec;
	uint32_t kv_cache_codec;
	uint32_t reserved0;
	uint32_t reserved1;
	uint64_t directory_offset;
	uint64_t file_bytes;
	char model_revision[SPARK_GLM52_STAGEPACK_MODEL_REVISION_BYTES];
	uint8_t contract_sha256[SPARK_GLM52_STAGEPACK_SHA256_BYTES];
	uint8_t source_config_sha256[SPARK_GLM52_STAGEPACK_SHA256_BYTES];
	uint8_t pack_recipe_sha256[SPARK_GLM52_STAGEPACK_SHA256_BYTES];
} SparkGlm52StagePackHeader;

typedef struct SparkGlm52StagePackEntry
{
	uint32_t tensor_kind;
	uint32_t layer_index;
	uint32_t payload_type;
	uint32_t weight_codec;
	uint32_t scale_encoding;
	uint32_t group_count;
	uint32_t rows;
	uint32_t columns;
	uint64_t payload_offset;
	uint64_t payload_bytes;
	uint64_t scale_offset;
	uint64_t scale_bytes;
} SparkGlm52StagePackEntry;

/* The normalized reader shape, under this family's historical name. */
typedef SparkStagePackShape SparkGlm52StagePackTensorShape;

#define SPARK_GLM52_STAGEPACK_HEADER_BYTES ((uint32_t)sizeof(SparkGlm52StagePackHeader))
#define SPARK_GLM52_STAGEPACK_ENTRY_BYTES ((uint32_t)sizeof(SparkGlm52StagePackEntry))

static inline uint32_t SparkGlm52StagePackLayerIsDense(uint32_t layer_index)
{
	return(layer_index < SPARK_GLM52_MODEL_FIRST_ROUTED_LAYER ? 1u : 0u);
}

static inline uint32_t SparkGlm52StagePackLayerHasFullIndexer(uint32_t layer_index)
{
	return(SPARK_GLM52_MODEL_LAYER_HAS_FULL_INDEXER(layer_index));
}

static inline uint32_t SparkGlm52StagePackKindIsGlobal(uint32_t tensor_kind)
{
	return(tensor_kind <= SPARK_GLM52_STAGEPACK_TENSOR_LM_HEAD ? 1u : 0u);
}

static inline uint32_t SparkGlm52StagePackKindIsIndexer(uint32_t tensor_kind)
{
	return(tensor_kind >= SPARK_GLM52_STAGEPACK_TENSOR_INDEX_Q && tensor_kind <= SPARK_GLM52_STAGEPACK_TENSOR_INDEX_NORM_BIAS ? 1u : 0u);
}

static inline uint32_t SparkGlm52StagePackKindIsDense(uint32_t tensor_kind)
{
	return(tensor_kind == SPARK_GLM52_STAGEPACK_TENSOR_DENSE_GATE_UP || tensor_kind == SPARK_GLM52_STAGEPACK_TENSOR_DENSE_DOWN ? 1u : 0u);
}

static inline uint32_t SparkGlm52StagePackKindIsRouted(uint32_t tensor_kind)
{
	return(tensor_kind >= SPARK_GLM52_STAGEPACK_TENSOR_ROUTER && tensor_kind <= SPARK_GLM52_STAGEPACK_TENSOR_SHARED_DOWN ? 1u : 0u);
}
runtime/spark_stagepack_reader.h:46:static inline void SparkStagePackShapeBf16(SparkStagePackShape *shape,uint32_t groups,uint32_t rows,uint32_t columns)
runtime/spark_stagepack_reader.h:56:static inline void SparkStagePackShapeWords(SparkStagePackShape *shape,uint32_t payload_type,uint32_t groups,uint32_t rows,uint32_t columns)
modules/glm52_resident_decode_stage/source/spark_glm52_resident_decode_stage_internal.h:174:#define SPARK_GLM52_STAGEPACK_GLOBAL_LAYER UINT32_MAX
modules/glm52_resident_decode_stage/source/spark_glm52_resident_decode_stage_internal.h:272:static inline uint32_t SparkGlm52StagePackLayerIsDense(uint32_t layer_index)
modules/glm52_resident_decode_stage/source/spark_glm52_resident_decode_stage_internal.h:277:static inline uint32_t SparkGlm52StagePackLayerHasFullIndexer(uint32_t layer_index)
modules/glm52_resident_decode_stage/source/spark_glm52_resident_decode_stage_internal.h:292:static inline uint32_t SparkGlm52StagePackKindIsDense(uint32_t tensor_kind)
modules/glm52_resident_decode_stage/source/spark_glm52_resident_decode_stage_internal.h:297:static inline uint32_t SparkGlm52StagePackKindIsRouted(uint32_t tensor_kind)
modules/glm52_resident_decode_stage/source/spark_glm52_resident_decode_stage_internal.h:344:	if ( (global != 0u && layer_index != SPARK_GLM52_STAGEPACK_GLOBAL_LAYER) || (global == 0u && layer_index >= SPARK_GLM52_MODEL_LAYER_COUNT) )
modules/glm52_resident_decode_stage/source/spark_glm52_resident_decode_stage_internal.h:346:	if ( SparkGlm52StagePackKindIsIndexer(tensor_kind) != 0u && SparkGlm52StagePackLayerHasFullIndexer(layer_index) == 0u )
modules/glm52_resident_decode_stage/source/spark_glm52_resident_decode_stage_internal.h:348:	if ( SparkGlm52StagePackKindIsDense(tensor_kind) != SparkGlm52StagePackLayerIsDense(layer_index) && (SparkGlm52StagePackKindIsDense(tensor_kind) != 0u || SparkGlm52StagePackKindIsRouted(tensor_kind) != 0u) )
modules/glm52_resident_decode_stage/source/spark_glm52_resident_decode_stage_internal.h:353:	case SPARK_GLM52_STAGEPACK_TENSOR_LM_HEAD: SparkStagePackShapeBf16(shape,1u,SPARK_GLM52_MODEL_OUTPUT_VOCAB_COUNT,SPARK_GLM52_MODEL_HIDDEN_DIMENSION); break;
modules/glm52_resident_decode_stage/source/spark_glm52_resident_decode_stage_internal.h:356:	case SPARK_GLM52_STAGEPACK_TENSOR_POST_ATTN_NORM: SparkStagePackShapeBf16(shape,1u,1u,SPARK_GLM52_MODEL_HIDDEN_DIMENSION); break;
modules/glm52_resident_decode_stage/source/spark_glm52_resident_decode_stage_internal.h:357:	case SPARK_GLM52_STAGEPACK_TENSOR_Q_A: SparkStagePackShapeBf16(shape,1u,SPARK_GLM52_MODEL_QUERY_A_DIMENSION,SPARK_GLM52_MODEL_HIDDEN_DIMENSION); break;
modules/glm52_resident_decode_stage/source/spark_glm52_resident_decode_stage_internal.h:358:	case SPARK_GLM52_STAGEPACK_TENSOR_Q_A_NORM: SparkStagePackShapeBf16(shape,1u,1u,SPARK_GLM52_MODEL_QUERY_A_DIMENSION); break;
modules/glm52_resident_decode_stage/source/spark_glm52_resident_decode_stage_internal.h:359:	case SPARK_GLM52_STAGEPACK_TENSOR_Q_B: SparkStagePackShapeBf16(shape,1u,SPARK_GLM52_MODEL_HEAD_COUNT * SPARK_GLM52_MODEL_QK_HEAD_DIMENSION,SPARK_GLM52_MODEL_QUERY_A_DIMENSION); break;
modules/glm52_resident_decode_stage/source/spark_glm52_resident_decode_stage_internal.h:360:	case SPARK_GLM52_STAGEPACK_TENSOR_KV_A: SparkStagePackShapeBf16(shape,1u,SPARK_GLM52_MODEL_CACHE_TOKEN_ELEMENTS,SPARK_GLM52_MODEL_HIDDEN_DIMENSION); break;
modules/glm52_resident_decode_stage/source/spark_glm52_resident_decode_stage_internal.h:361:	case SPARK_GLM52_STAGEPACK_TENSOR_KV_A_NORM: SparkStagePackShapeBf16(shape,1u,1u,SPARK_GLM52_MODEL_LATENT_DIMENSION); break;
modules/glm52_resident_decode_stage/source/spark_glm52_resident_decode_stage_internal.h:362:	case SPARK_GLM52_STAGEPACK_TENSOR_KV_B_KEY_TRANSPOSED: SparkStagePackShapeBf16(shape,SPARK_GLM52_MODEL_HEAD_COUNT,SPARK_GLM52_MODEL_LATENT_DIMENSION,SPARK_GLM52_MODEL_QK_NOPE_HEAD_DIMENSION); break;
modules/glm52_resident_decode_stage/source/spark_glm52_resident_decode_stage_internal.h:363:	case SPARK_GLM52_STAGEPACK_TENSOR_KV_B_VALUE: SparkStagePackShapeBf16(shape,SPARK_GLM52_MODEL_HEAD_COUNT,SPARK_GLM52_MODEL_VALUE_HEAD_DIMENSION,SPARK_GLM52_MODEL_LATENT_DIMENSION); break;
modules/glm52_resident_decode_stage/source/spark_glm52_resident_decode_stage_internal.h:364:	case SPARK_GLM52_STAGEPACK_TENSOR_ATTN_OUTPUT: SparkStagePackShapeBf16(shape,1u,SPARK_GLM52_MODEL_HIDDEN_DIMENSION,SPARK_GLM52_MODEL_HEAD_COUNT * SPARK_GLM52_MODEL_VALUE_HEAD_DIMENSION); break;
[0m
Writing a direct pack decoder on sparke to get exact failure semantics for entry[65]:
[0m$ [0mtimeout 60 ssh -o BatchMode=yes sparke 'grep -rn "FIRST_ROUTED_LAYER\|LAYER_HAS_FULL_INDEXER\|DSA_INDEX" ~/build/glm52_unified/model-families/glm52/include/sparkpipe/spark_glm52_model.h | head -8'
9:#define SPARK_GLM52_MODEL_FIRST_ROUTED_LAYER 3u
23:#define SPARK_GLM52_MODEL_DSA_INDEX_HEAD_COUNT 32u
24:#define SPARK_GLM52_MODEL_DSA_INDEX_HEAD_DIMENSION 128u
25:#define SPARK_GLM52_MODEL_DSA_INDEX_SHARE_GROUP_LAYER_COUNT 4u
26:#define SPARK_GLM52_MODEL_DSA_INDEX_SKIP_TOPK_OFFSET 3u
48:#define SPARK_GLM52_MODEL_DSA_INDEX_NORM_EPSILON 1e-06f
52:#define SPARK_GLM52_MODEL_DSA_INDEX_SOFTMAX_SCALE 0.0883883476f
81:#define SPARK_GLM52_MODEL_DSA_INDEX_QUERY_DIMENSION \
[0m
[0m$ [0mtimeout 120 ssh -o BatchMode=yes sparke 'python3 - <<\EOF
import struct
P="/home/sparke/srcdata/glm52_tp8_packs/glm52_tp8_rank06.fp8.glms52sp"
f=open(P,"rb"); data=f.read(64*3000)
h=struct.unpack_from("<20I",data,0)
magic,fv,hb,deb,cabi,flags,tc,sc,si,fli,lc,tlc,hid,voc,rec,lwc,ewc,kvc,r0,r1=h
print("HEADER magic=%08x fv=%u hb=%u deb=%u cabi=%u flags=%x tensors=%u stage=%u/%u first_layer=%u layers=%u total=%u hidden=%u vocab=%u experts=%u codecs=%u/%u/%u reserved=%u/%u"%(magic,fv,hb,deb,cabi,flags,tc,sc,si,fli,lc,tlc,hid,voc,rec,lwc,ewc,kvc,r0,r1))
dir_off,file_bytes=struct.unpack_from("<2Q",data,80)
print("dir_off=%d file_bytes=%d"%(dir_off,file_bytes))
import os
file_bytes_real=os.path.getsize(P)
print("real_size=%d"%file_bytes_real)
names={0:"EMB",1:"FNORM",2:"LMHEAD",3:"ATTN_NORM",4:"Q_A",5:"Q_A_NORM",6:"Q_B",7:"KV_A",8:"KV_A_NORM",9:"KV_B_KT",10:"KV_B_V",11:"ATTN_OUT",12:"POST_NORM",13:"IDX_Q",14:"IDX_K",15:"IDX_HEAD",16:"IDX_NW",17:"IDX_NB",18:"DENSE_GU",19:"DENSE_D",20:"ROUTER",21:"RTR_CORR",22:"EXP_UG",23:"EXP_D",24:"SH_GU",25:"SH_D"}
FIRST_ROUTED=3
def dense(l): return 1 if l<FIRST_ROUTED else 0
def is_dense_kind(k): return 1 if k in (18,19) else 0
def is_routed_kind(k): return 1 if 20<=k<=25 else 0
def is_indexer(k): return 1 if 13<=k<=17 else 0
bad=[]
for i in range(tc):
    e=struct.unpack_from("<8I4Q",data,dir_off+i*deb)
    k,l,pt,wcv,se,gc,r,c=e[0],e[1],e[2],e[3],e[4],e[5],e[6],e[7]
    tag=names.get(k,str(k))
    if k==21 or (l<6 and l!=0xffffffff):
        print("entry[%3d] kind=%-2d %-8s layer=%-10s pt=%u codec=%u se=%u gc=%u rows=%u cols=%u off=%llu bytes=%llu soff=%llu sbytes=%llu"%(i,k,tag,l,pt,wcv,se,gc,r,c,e[8],e[9],e[10],e[11]))
    # -4 rule check
    g = 1 if k<=2 else 0
    if (g and l!=0xffffffff) or ((not g) and l>=78): bad.append((i,"range"))
    elif is_indexer(k) and l!=0xffffffff:
        pass
    elif (is_dense_kind(k)!=dense(l)) and (is_dense_kind(k) or is_routed_kind(k)): bad.append((i,"class4 kind=%d layer=%d"%(k,l)))
print("CLASS_VIOLATIONS:",bad[:10])
EOF'
HEADER magic=32534c47 fv=3 hb=264 deb=64 cabi=1 flags=0 tensors=1344 stage=1/0 first_layer=0 layers=78 total=78 hidden=6144 vocab=154880 experts=256 codecs=1/5/1 reserved=8/6
dir_off=512 file_bytes=102835957760
real_size=102835957760
Traceback (most recent call last):
  File "<stdin>", line 24, in <module>
ValueError: unsupported format character 'l' (0x6c) at index 87
[0m
[0m$ [0mtimeout 120 ssh -o BatchMode=yes sparke 'python3 - <<\EOF
import struct
P="/home/sparke/srcdata/glm52_tp8_packs/glm52_tp8_rank06.fp8.glms52sp"
f=open(P,"rb"); data=f.read(64*3000)
h=struct.unpack_from("<20I",data,0)
tc=h[6]; dir_off,file_bytes=struct.unpack_from("<2Q",data,80); deb=h[3]
names={0:"EMB",1:"FNORM",2:"LMHEAD",3:"ATTN_NORM",4:"Q_A",5:"Q_A_NORM",6:"Q_B",7:"KV_A",8:"KV_A_NORM",9:"KV_B_KT",10:"KV_B_V",11:"ATTN_OUT",12:"POST_NORM",13:"IDX_Q",14:"IDX_K",15:"IDX_HEAD",16:"IDX_NW",17:"IDX_NB",18:"DENSE_GU",19:"DENSE_D",20:"ROUTER",21:"RTR_CORR",22:"EXP_UG",23:"EXP_D",24:"SH_GU",25:"SH_D"}
FIRST_ROUTED=3
def dense(l): return 1 if l<FIRST_ROUTED else 0
def is_dense_kind(k): return 1 if k in (18,19) else 0
def is_routed_kind(k): return 1 if 20<=k<=25 else 0
bad=[]
for i in range(tc):
    e=struct.unpack_from("<8I4Q",data,dir_off+i*deb)
    k,l=e[0],e[1]
    if k==21:
        print("entry[%3d] %-8s layer=%-3d pt=%u codec=%u se=%u gc=%u rows=%u cols=%u bytes=%d"%(i,names.get(k,k),l,e[2],e[3],e[4],e[5],e[6],e[7],e[9]))
    g = 1 if k<=2 else 0
    if (g and l!=0xffffffff) or ((not g) and l>=78): bad.append((i,"range",k,l))
    elif 13<=k<=17 and l!=0xffffffff: pass
    elif (is_dense_kind(k)!=dense(l)) and (is_dense_kind(k) or is_routed_kind(k)): bad.append((i,"class4",k,l))
print("CLASS_VIOLATIONS(first10):",bad[:10])
# also show entries of layer 3 all kinds
print("--- layer3 inventory ---")
inv={}
for i in range(tc):
    e=struct.unpack_from("<8I4Q",data,dir_off+i*deb)
    if e[1]==3: inv[names.get(e[0],e[0])]=(e[2],e[3],e[4],e[5],e[6],e[7],e[9])
for k,v in sorted(inv.items(),key=lambda x:str(x[0])): print(k,v)
EOF'
entry[ 65] RTR_CORR layer=3   pt=2 codec=0 se=0 gc=1 rows=1 cols=256 bytes=1024
entry[ 81] RTR_CORR layer=4   pt=2 codec=0 se=0 gc=1 rows=1 cols=256 bytes=1024
entry[ 97] RTR_CORR layer=5   pt=2 codec=0 se=0 gc=1 rows=1 cols=256 bytes=1024
entry[118] RTR_CORR layer=6   pt=2 codec=0 se=0 gc=1 rows=1 cols=256 bytes=1024
entry[134] RTR_CORR layer=7   pt=2 codec=0 se=0 gc=1 rows=1 cols=256 bytes=1024
entry[150] RTR_CORR layer=8   pt=2 codec=0 se=0 gc=1 rows=1 cols=256 bytes=1024
entry[166] RTR_CORR layer=9   pt=2 codec=0 se=0 gc=1 rows=1 cols=256 bytes=1024
entry[187] RTR_CORR layer=10  pt=2 codec=0 se=0 gc=1 rows=1 cols=256 bytes=1024
entry[203] RTR_CORR layer=11  pt=2 codec=0 se=0 gc=1 rows=1 cols=256 bytes=1024
entry[219] RTR_CORR layer=12  pt=2 codec=0 se=0 gc=1 rows=1 cols=256 bytes=1024
entry[235] RTR_CORR layer=13  pt=2 codec=0 se=0 gc=1 rows=1 cols=256 bytes=1024
entry[256] RTR_CORR layer=14  pt=2 codec=0 se=0 gc=1 rows=1 cols=256 bytes=1024
entry[272] RTR_CORR layer=15  pt=2 codec=0 se=0 gc=1 rows=1 cols=256 bytes=1024
entry[288] RTR_CORR layer=16  pt=2 codec=0 se=0 gc=1 rows=1 cols=256 bytes=1024
entry[304] RTR_CORR layer=17  pt=2 codec=0 se=0 gc=1 rows=1 cols=256 bytes=1024
entry[325] RTR_CORR layer=18  pt=2 codec=0 se=0 gc=1 rows=1 cols=256 bytes=1024
entry[341] RTR_CORR layer=19  pt=2 codec=0 se=0 gc=1 rows=1 cols=256 bytes=1024
entry[357] RTR_CORR layer=20  pt=2 codec=0 se=0 gc=1 rows=1 cols=256 bytes=1024
entry[373] RTR_CORR layer=21  pt=2 codec=0 se=0 gc=1 rows=1 cols=256 bytes=1024
entry[394] RTR_CORR layer=22  pt=2 codec=0 se=0 gc=1 rows=1 cols=256 bytes=1024
entry[410] RTR_CORR layer=23  pt=2 codec=0 se=0 gc=1 rows=1 cols=256 bytes=1024
entry[426] RTR_CORR layer=24  pt=2 codec=0 se=0 gc=1 rows=1 cols=256 bytes=1024
entry[442] RTR_CORR layer=25  pt=2 codec=0 se=0 gc=1 rows=1 cols=256 bytes=1024
entry[463] RTR_CORR layer=26  pt=2 codec=0 se=0 gc=1 rows=1 cols=256 bytes=1024
entry[479] RTR_CORR layer=27  pt=2 codec=0 se=0 gc=1 rows=1 cols=256 bytes=1024
entry[495] RTR_CORR layer=28  pt=2 codec=0 se=0 gc=1 rows=1 cols=256 bytes=1024
entry[511] RTR_CORR layer=29  pt=2 codec=0 se=0 gc=1 rows=1 cols=256 bytes=1024
entry[532] RTR_CORR layer=30  pt=2 codec=0 se=0 gc=1 rows=1 cols=256 bytes=1024
entry[548] RTR_CORR layer=31  pt=2 codec=0 se=0 gc=1 rows=1 cols=256 bytes=1024
entry[564] RTR_CORR layer=32  pt=2 codec=0 se=0 gc=1 rows=1 cols=256 bytes=1024
entry[580] RTR_CORR layer=33  pt=2 codec=0 se=0 gc=1 rows=1 cols=256 bytes=1024
entry[601] RTR_CORR layer=34  pt=2 codec=0 se=0 gc=1 rows=1 cols=256 bytes=1024
entry[617] RTR_CORR layer=35  pt=2 codec=0 se=0 gc=1 rows=1 cols=256 bytes=1024
entry[633] RTR_CORR layer=36  pt=2 codec=0 se=0 gc=1 rows=1 cols=256 bytes=1024
entry[649] RTR_CORR layer=37  pt=2 codec=0 se=0 gc=1 rows=1 cols=256 bytes=1024
entry[670] RTR_CORR layer=38  pt=2 codec=0 se=0 gc=1 rows=1 cols=256 bytes=1024
entry[686] RTR_CORR layer=39  pt=2 codec=0 se=0 gc=1 rows=1 cols=256 bytes=1024
entry[702] RTR_CORR layer=40  pt=2 codec=0 se=0 gc=1 rows=1 cols=256 bytes=1024
entry[718] RTR_CORR layer=41  pt=2 codec=0 se=0 gc=1 rows=1 cols=256 bytes=1024
entry[739] RTR_CORR layer=42  pt=2 codec=0 se=0 gc=1 rows=1 cols=256 bytes=1024
entry[755] RTR_CORR layer=43  pt=2 codec=0 se=0 gc=1 rows=1 cols=256 bytes=1024
entry[771] RTR_CORR layer=44  pt=2 codec=0 se=0 gc=1 rows=1 cols=256 bytes=1024
entry[787] RTR_CORR layer=45  pt=2 codec=0 se=0 gc=1 rows=1 cols=256 bytes=1024
entry[808] RTR_CORR layer=46  pt=2 codec=0 se=0 gc=1 rows=1 cols=256 bytes=1024
entry[824] RTR_CORR layer=47  pt=2 codec=0 se=0 gc=1 rows=1 cols=256 bytes=1024
entry[840] RTR_CORR layer=48  pt=2 codec=0 se=0 gc=1 rows=1 cols=256 bytes=1024
entry[856] RTR_CORR layer=49  pt=2 codec=0 se=0 gc=1 rows=1 cols=256 bytes=1024
entry[877] RTR_CORR layer=50  pt=2 codec=0 se=0 gc=1 rows=1 cols=256 bytes=1024
entry[893] RTR_CORR layer=51  pt=2 codec=0 se=0 gc=1 rows=1 cols=256 bytes=1024
entry[909] RTR_CORR layer=52  pt=2 codec=0 se=0 gc=1 rows=1 cols=256 bytes=1024
entry[925] RTR_CORR layer=53  pt=2 codec=0 se=0 gc=1 rows=1 cols=256 bytes=1024
entry[946] RTR_CORR layer=54  pt=2 codec=0 se=0 gc=1 rows=1 cols=256 bytes=1024
entry[962] RTR_CORR layer=55  pt=2 codec=0 se=0 gc=1 rows=1 cols=256 bytes=1024
entry[978] RTR_CORR layer=56  pt=2 codec=0 se=0 gc=1 rows=1 cols=256 bytes=1024
entry[994] RTR_CORR layer=57  pt=2 codec=0 se=0 gc=1 rows=1 cols=256 bytes=1024
entry[1015] RTR_CORR layer=58  pt=2 codec=0 se=0 gc=1 rows=1 cols=256 bytes=1024
entry[1031] RTR_CORR layer=59  pt=2 codec=0 se=0 gc=1 rows=1 cols=256 bytes=1024
entry[1047] RTR_CORR layer=60  pt=2 codec=0 se=0 gc=1 rows=1 cols=256 bytes=1024
entry[1063] RTR_CORR layer=61  pt=2 codec=0 se=0 gc=1 rows=1 cols=256 bytes=1024
entry[1084] RTR_CORR layer=62  pt=2 codec=0 se=0 gc=1 rows=1 cols=256 bytes=1024
entry[1100] RTR_CORR layer=63  pt=2 codec=0 se=0 gc=1 rows=1 cols=256 bytes=1024
entry[1116] RTR_CORR layer=64  pt=2 codec=0 se=0 gc=1 rows=1 cols=256 bytes=1024
entry[1132] RTR_CORR layer=65  pt=2 codec=0 se=0 gc=1 rows=1 cols=256 bytes=1024
entry[1153] RTR_CORR layer=66  pt=2 codec=0 se=0 gc=1 rows=1 cols=256 bytes=1024
entry[1169] RTR_CORR layer=67  pt=2 codec=0 se=0 gc=1 rows=1 cols=256 bytes=1024
entry[1185] RTR_CORR layer=68  pt=2 codec=0 se=0 gc=1 rows=1 cols=256 bytes=1024
entry[1201] RTR_CORR layer=69  pt=2 codec=0 se=0 gc=1 rows=1 cols=256 bytes=1024
entry[1222] RTR_CORR layer=70  pt=2 codec=0 se=0 gc=1 rows=1 cols=256 bytes=1024
entry[1238] RTR_CORR layer=71  pt=2 codec=0 se=0 gc=1 rows=1 cols=256 bytes=1024
entry[1254] RTR_CORR layer=72  pt=2 codec=0 se=0 gc=1 rows=1 cols=256 bytes=1024
entry[1270] RTR_CORR layer=73  pt=2 codec=0 se=0 gc=1 rows=1 cols=256 bytes=1024
entry[1291] RTR_CORR layer=74  pt=2 codec=0 se=0 gc=1 rows=1 cols=256 bytes=1024
entry[1307] RTR_CORR layer=75  pt=2 codec=0 se=0 gc=1 rows=1 cols=256 bytes=1024
entry[1323] RTR_CORR layer=76  pt=2 codec=0 se=0 gc=1 rows=1 cols=256 bytes=1024
entry[1339] RTR_CORR layer=77  pt=2 codec=0 se=0 gc=1 rows=1 cols=256 bytes=1024
CLASS_VIOLATIONS(first10): []
--- layer3 inventory ---
ATTN_NORM (1, 1, 0, 1, 1, 6144, 12288)
ATTN_OUT (1, 1, 0, 1, 6144, 2048, 25165824)
EXP_D (4, 5, 1, 256, 6144, 256, 402653184)
EXP_UG (4, 5, 1, 256, 512, 6144, 805306368)
KV_A (1, 1, 0, 1, 576, 6144, 7077888)
KV_A_NORM (1, 1, 0, 1, 1, 512, 1024)
KV_B_KT (1, 1, 0, 64, 512, 192, 12582912)
KV_B_V (1, 1, 0, 64, 256, 512, 16777216)
POST_NORM (1, 1, 0, 1, 1, 6144, 12288)
Q_A (1, 1, 0, 1, 2048, 6144, 25165824)
Q_A_NORM (1, 1, 0, 1, 1, 2048, 4096)
Q_B (1, 1, 0, 1, 2048, 2048, 8388608)
ROUTER (1, 1, 0, 1, 256, 6144, 3145728)
RTR_CORR (2, 0, 0, 1, 1, 256, 1024)
SH_D (1, 1, 0, 1, 6144, 256, 3145728)
SH_GU (1, 1, 0, 1, 512, 6144, 6291456)
[0m
Fetching the last pieces (ShapeWords body, CheckEntryBounds, enums) to complete an exact offline simulation:
[0m$ [0mtimeout 25 ssh -o BatchMode=yes sparke 'sed -n "30,120p" ~/build/glm52_unified/runtime/spark_stagepack_reader.h; grep -n "PAYLOAD_BF16\|PAYLOAD_U32\|PAYLOAD_PACKED\|PAYLOAD_F32\|ALIGNMENT" ~/build/glm52_unified/runtime/spark_stagepack_reader.h | head'
#define SPARK_STAGE_PACK_PAYLOAD_BF16 1u
#define SPARK_STAGE_PACK_PAYLOAD_F32 2u
#define SPARK_STAGE_PACK_PAYLOAD_U32 3u
#define SPARK_STAGE_PACK_PAYLOAD_PACKED_WEIGHT 4u

/* The normalized shape every geometry table emits. */
typedef struct SparkStagePackShape
{
	uint32_t payload_type;
	uint32_t weight_codec;      /* SparkWeightCodec; meaningful when packed */
	uint32_t scale_encoding;    /* SparkWeightScaleEncoding; NONE unless packed */
	uint32_t group_count;
	uint32_t rows;
	uint32_t columns;
} SparkStagePackShape;

static inline void SparkStagePackShapeBf16(SparkStagePackShape *shape,uint32_t groups,uint32_t rows,uint32_t columns)
{
	shape->payload_type = SPARK_STAGE_PACK_PAYLOAD_BF16;
	shape->weight_codec = SPARK_WEIGHT_CODEC_BF16;
	shape->scale_encoding = SPARK_WEIGHT_SCALE_ENCODING_NONE;
	shape->group_count = groups;
	shape->rows = rows;
	shape->columns = columns;
}

static inline void SparkStagePackShapeWords(SparkStagePackShape *shape,uint32_t payload_type,uint32_t groups,uint32_t rows,uint32_t columns)
{
	shape->payload_type = payload_type;
	shape->weight_codec = SPARK_WEIGHT_CODEC_BF16;
	shape->scale_encoding = SPARK_WEIGHT_SCALE_ENCODING_NONE;
	shape->group_count = groups;
	shape->rows = rows;
	shape->columns = columns;
}

/* Packed-expert shape: codec supplies scale encoding and grouping. */
static inline int32_t SparkStagePackShapePacked(SparkStagePackShape *shape,uint32_t codec,uint32_t groups,uint32_t rows,uint32_t columns)
{
	if ( SparkWeightCodecIsKnown(codec) == 0u || codec == SPARK_WEIGHT_CODEC_BF16 || groups == 0u || rows == 0u || columns == 0u )
		return(-1);
	shape->payload_type = SPARK_STAGE_PACK_PAYLOAD_PACKED_WEIGHT;
	shape->weight_codec = codec;
	shape->scale_encoding = SparkWeightCodecScaleEncoding(codec);
	shape->group_count = groups;
	shape->rows = rows;
	shape->columns = columns;
	return(0);
}

static inline uint64_t SparkStagePackPayloadBytes(const SparkStagePackShape *shape)
{
	uint64_t elements;
	if ( shape == 0 || shape->group_count == 0u || shape->rows == 0u || shape->columns == 0u || shape->group_count > UINT64_MAX / shape->rows || (uint64_t)shape->group_count * shape->rows > UINT64_MAX / shape->columns )
		return(0u);
	elements = (uint64_t)shape->group_count * shape->rows * shape->columns;
	switch ( shape->payload_type )
	{
	case SPARK_STAGE_PACK_PAYLOAD_BF16: return(elements > UINT64_MAX / 2u ? 0u : elements * 2u);
	case SPARK_STAGE_PACK_PAYLOAD_F32:
	case SPARK_STAGE_PACK_PAYLOAD_U32: return(elements > UINT64_MAX / 4u ? 0u : elements * 4u);
	default: return(shape->payload_type == SPARK_STAGE_PACK_PAYLOAD_PACKED_WEIGHT ? SparkWeightCodecPayloadBytes(shape->weight_codec,(uint64_t)shape->group_count * shape->rows,shape->columns) : 0u);
	}
}

static inline uint64_t SparkStagePackScaleBytes(const SparkStagePackShape *shape)
{
	return(shape != 0 && shape->payload_type == SPARK_STAGE_PACK_PAYLOAD_PACKED_WEIGHT ? SparkWeightCodecScaleBytes(shape->weight_codec,shape->group_count,shape->rows,shape->columns) : 0u);
}

/* Row/column sharding policy application: a table declares which kinds
 * shrink along which axis for a TP degree, and the mechanics enforce
 * divisibility before dividing. Returns 0 or a negative schema code. */
#define SPARK_STAGE_PACK_SHARD_NONE 0u
#define SPARK_STAGE_PACK_SHARD_ROWS 1u
#define SPARK_STAGE_PACK_SHARD_COLUMNS 2u

static inline int32_t SparkStagePackApplyShard(SparkStagePackShape *shape,uint32_t shard_policy,uint32_t tp_degree)
{
	if ( shape == 0 || tp_degree == 0u )
		return(-1);
	if ( shard_policy == SPARK_STAGE_PACK_SHARD_NONE )
		return(0);
	if ( shard_policy == SPARK_STAGE_PACK_SHARD_ROWS )
	{
		if ( shape->rows == 0u || shape->rows % tp_degree != 0u )
			return(-2);
		shape->rows /= tp_degree;
		return(0);
	}
	if ( shard_policy == SPARK_STAGE_PACK_SHARD_COLUMNS )
30:#define SPARK_STAGE_PACK_PAYLOAD_BF16 1u
31:#define SPARK_STAGE_PACK_PAYLOAD_F32 2u
32:#define SPARK_STAGE_PACK_PAYLOAD_U32 3u
33:#define SPARK_STAGE_PACK_PAYLOAD_PACKED_WEIGHT 4u
48:	shape->payload_type = SPARK_STAGE_PACK_PAYLOAD_BF16;
71:	shape->payload_type = SPARK_STAGE_PACK_PAYLOAD_PACKED_WEIGHT;
88:	case SPARK_STAGE_PACK_PAYLOAD_BF16: return(elements > UINT64_MAX / 2u ? 0u : elements * 2u);
89:	case SPARK_STAGE_PACK_PAYLOAD_F32:
90:	case SPARK_STAGE_PACK_PAYLOAD_U32: return(elements > UINT64_MAX / 4u ? 0u : elements * 4u);
91:	default: return(shape->payload_type == SPARK_STAGE_PACK_PAYLOAD_PACKED_WEIGHT ? SparkWeightCodecPayloadBytes(shape->weight_codec,(uint64_t)shape->group_count * shape->rows,shape->columns) : 0u);
[0m
[0m$ [0mgrep -n "weight_codec" runtime/spark_stagepack_reader.h | head; echo ===; sed -n '/SparkStagePackShapeWords/,/^}/p' runtime/spark_stagepack_reader.h
5:#include "sparkpipe/spark_weight_codec.h"
39:	uint32_t weight_codec;      /* SparkWeightCodec; meaningful when packed */
49:	shape->weight_codec = SPARK_WEIGHT_CODEC_BF16;
59:	shape->weight_codec = SPARK_WEIGHT_CODEC_BF16;
72:	shape->weight_codec = codec;
91:	default: return(shape->payload_type == SPARK_STAGE_PACK_PAYLOAD_PACKED_WEIGHT ? SparkWeightCodecPayloadBytes(shape->weight_codec,(uint64_t)shape->group_count * shape->rows,shape->columns) : 0u);
97:	return(shape != 0 && shape->payload_type == SPARK_STAGE_PACK_PAYLOAD_PACKED_WEIGHT ? SparkWeightCodecScaleBytes(shape->weight_codec,shape->group_count,shape->rows,shape->columns) : 0u);
===
static inline void SparkStagePackShapeWords(SparkStagePackShape *shape,uint32_t payload_type,uint32_t groups,uint32_t rows,uint32_t columns)
{
	shape->payload_type = payload_type;
	shape->weight_codec = SPARK_WEIGHT_CODEC_BF16;
	shape->scale_encoding = SPARK_WEIGHT_SCALE_ENCODING_NONE;
	shape->group_count = groups;
	shape->rows = rows;
	shape->columns = columns;
}
[0m
[0m$ [0mgit log --oneline -3 -- runtime/spark_stagepack_reader.h; git diff HEAD --stat -- runtime/spark_stagepack_reader.h | tail -2
2bc40c4 peer round-2 wave: qwen36 prefix caching + paged KV, shared stagepack reader, glm52 GPU validator restore, k3 TP16 production scripts
[0m
**ROOT CAUSE FOUND**: `SparkStagePackShapeWords()` (used for the F32 ROUTER_CORRECTION tensor) stamps `weight_codec = SPARK_WEIGHT_CODEC_BF16 (1)` into the expected shape, but the sha-gated Aug-15 packs store `weight_codec=0` for those entries → every router_correction entry fails the exact-shape compare (`entry->weight_codec != shape->weight_codec`) → SCHEMA_ERROR. Checking whether local repo master already fixed this shared-reader quirk:
[0m$ [0mls tools/ | grep -i stagepack; grep -rn "router_correction\|ROUTER_CORRECTION" tools/glm52_resident_stagepack.py 2>/dev/null | head; grep -rn "weight_codec" tools/glm52_resident_stagepack.py 2>/dev/null | head -12
dsv4_merge_stagepacks.py
dsv4_pro_stagepack.py
dsv4_stagepack.py
dsv4_tp16_stagepack.py
dsv4_tp4_pp4_stagepacks.py
glm52_dspark_stagepack.py
glm52_resident_stagepack.py
glm52_stagepack.py
qwen36_dspark_stagepack.py
qwen36_stagepack.py
qwen36_stagepack_mx_repack.py
qwen36_stagepack_rans.c
qwen38_stagepack.py
tools/glm52_resident_stagepack.py:91:K_ROUTER_CORRECTION = 21
tools/glm52_resident_stagepack.py:366:                self.add_f32(K_ROUTER_CORRECTION, layer,
tools/glm52_resident_stagepack.py:142:    def __init__(self, kind: int, layer: int, payload_type: int, weight_codec: int,
tools/glm52_resident_stagepack.py:147:        self.weight_codec = weight_codec
tools/glm52_resident_stagepack.py:447:                    entry.kind, entry.layer, entry.payload_type, entry.weight_codec,
[0m
Same bug in local master — not yet fixed upstream. Checking what the pack **builder** writes (ground truth) and what other families' packs carry:
[0m$ [0mgrep -n "def add_f32\|def add_u32\|def add_bf16" -A 8 tools/glm52_resident_stagepack.py | head -30
201:    def add_bf16(self, kind: int, layer: int, tensor: torch.Tensor, groups: int = 1):
202-        if tensor.dim() == 1:
203-            tensor = tensor.unsqueeze(0)
204-        if tensor.dtype != torch.bfloat16:
205-            tensor = tensor.to(torch.bfloat16)
206-        rows, cols = tensor.shape
207-        if groups > 1:
208-            if rows % groups != 0:
209-                raise PackFailure(f"rows {rows} not divisible by groups {groups}")
--
217:    def add_f32(self, kind: int, layer: int, tensor: torch.Tensor):
218-        if tensor.dim() == 1:
219-            tensor = tensor.unsqueeze(0)
220-        tensor = tensor.to(torch.float32)
221-        rows, cols = tensor.shape
222-        entry = Entry(kind, layer, PAYLOAD_F32, CODEC_NONE, SCALE_NONE,
223-                      1, rows, cols)
224-        payload_bytes = rows * cols * 4
225-        blob = to_bytes(tensor)
[0m
[0m$ [0mgrep -n "CODEC_NONE\s*=\|PAYLOAD_F32\s*=\|SCALE_NONE\s*=" tools/glm52_resident_stagepack.py | head -5; echo ===DSV4===; grep -n "CODEC_NONE\|def add_f32" tools/dsv4_stagepack.py | head -6; grep -n "def add_f32" -A 5 tools/dsv4_stagepack.py | head -8; echo ===QWEN36===; grep -n "CODEC_NONE\|def add_f32" tools/qwen36_stagepack.py | head -4
59:PAYLOAD_F32 = 2
64:CODEC_NONE = 0
66:SCALE_NONE = 0
===DSV4===
===QWEN36===
[0m
[0m$ [0mgrep -rn "SPARK_WEIGHT_CODEC_NONE\|WEIGHT_CODEC_NONE" include/sparkpipe/spark_weight_codec.h | head -4
include/sparkpipe/spark_weight_codec.h:22:	SPARK_WEIGHT_CODEC_NONE = 0,
[0m
Builder ground truth confirmed: `add_f32` writes `CODEC_NONE`. Verifying the constant and whether sibling families' builders agree (shared-reader fix must not break them):
[0m$ [0mgrep -ln "PAYLOAD_F32\|add_f32" tools/*stagepack*.py tools/dsv4_pro_stagepack.py 2>/dev/null; grep -n "def add_f32" -A 4 tools/qwen38_stagepack.py tools/dsv4_tp16_stagepack.py 2>/dev/null | head -12
tools/glm52_resident_stagepack.py
tools/glm52_stagepack.py
[0m
Only GLM52 families use word tensors — the shared-reader fix is safe. Applying the one-line semantic fix (`ShapeWords` → `CODEC_NONE`, matching builder + struct comment "meaningful when packed") in the sparke build tree and rebuilding:
[0m$ [0mtimeout 30 ssh -o BatchMode=yes sparke 'cd ~/build/glm52_unified && cp runtime/spark_stagepack_reader.h /tmp/spark_stagepack_reader.h.orig && sed -i "s|^\tshape->weight_codec = SPARK_WEIGHT_CODEC_BF16;$|\tshape->weight_codec = SPARK_WEIGHT_CODEC_NONE;|" runtime/spark_stagepack_reader.h && sed -n "/SparkStagePackShapeWords/,/^}/p" runtime/spark_stagepack_reader.h && grep -rn "SPARK_WEIGHT_CODEC_NONE" include/sparkpipe/spark_weight_codec.h | head -2'
static inline void SparkStagePackShapeWords(SparkStagePackShape *shape,uint32_t payload_type,uint32_t groups,uint32_t rows,uint32_t columns)
{
	shape->payload_type = payload_type;
	shape->weight_codec = SPARK_WEIGHT_CODEC_NONE;
	shape->scale_encoding = SPARK_WEIGHT_SCALE_ENCODING_NONE;
	shape->group_count = groups;
	shape->rows = rows;
	shape->columns = columns;
}
22:	SPARK_WEIGHT_CODEC_NONE = 0,
[0m
[0m$ [0mtimeout 1700 ssh -o BatchMode=yes sparke 'cd ~/build/glm52_unified/modules/glm52_resident_decode_stage
export PATH=/usr/local/cuda-13.0/bin:$PATH CUDA_HOME=/usr/local/cuda-13.0
REV=b4734de4facf877f85769a911abafc5283eab3d9
CONTRACT=ec5afd74d2ba0c913474f30d78209b4a49fa87667845f2968039fddad0fead7a
PACK=/home/sparke/srcdata/glm52_tp8_packs/glm52_tp8_rank06.fp8.glms52sp
COMMON="EXPERT_CODEC=fp8 MODEL_REVISION=$REV CONTRACT_SHA256=$CONTRACT STAGE_PACK_PATH=$PACK MAX_ACTIVE_SEQUENCES=16 MAX_SEQUENCE_POSITIONS=4096 EXECUTION_ROW_CAPACITY=16 PIPELINE_SLOT_COUNT=2"
make publish_variants $COMMON MODULE_BATCH_VARIANT_BUCKETS="1 2 4 8 16" > /tmp/fixed_publish_variants.log 2>&1
echo PV_RC=$?
make publish $COMMON > /tmp/fixed_publish.log 2>&1
echo PUB_RC=$?
bash /tmp/glm52_compile_pkg.sh > /tmp/fixed_pkg.log 2>&1
echo PKG_RC=$?
sha256sum ~/glm52_package/stages/stage_000/model_driver.so'
PV_RC=0
PUB_RC=0
PKG_RC=0
41b2121b4758da2b1adee2ed28a7dfe6b83c73d0fb3d3952a15ef52abf32acfb  /home/sparke/glm52_package/stages/stage_000/model_driver.so
[0m
Rebuilding complete with fix (GPU validations PASS). Deploying to spark8 and re-running solo boot:
[0m$ [0mtimeout 120 scp -o BatchMode=yes sparke:/home/sparke/glm52_package/stages/stage_000/model_driver.so spark8:/home/spark8/sparkdata/glm52.tp8.fp8/lib/model_driver.so && timeout 30 ssh -o BatchMode=yes spark8 'chmod +x ~/sparkdata/glm52.tp8.fp8/lib/model_driver.so && rm -f /tmp/glm52-tp8-rank0.log && cd ~/sparkdata/glm52.tp8.fp8 && export LD_LIBRARY_PATH=$PWD/lib:$LD_LIBRARY_PATH SPARKPIPE_RELEASE_GENERATION=20260825000000 SPARKPIPE_RELEASE_GIT_COMMIT=glm52-tp8-bringup SPARKPIPE_RELEASE_ID=glm52-tp8-bringup-r0solo; setsid -f bin/sparkpipe_model_residentd --deployment config/model_resident.json --rank-index 0 >/tmp/glm52-tp8-rank0.log 2>&1 </dev/null; echo LAUNCHED'
LAUNCHED
[0m
[0m$ [0msleep 45; timeout 20 ssh -o BatchMode=yes spark8 'head -30 /tmp/glm52-tp8-rank0.log; echo ---PROC---; pgrep -af "[b]in/sparkpipe_model_residentd" || echo PROC_GONE; echo ---PORTS---; ss -ltnH | grep -E ":(19480|63620) " || echo NO_LISTENERS'
GLM52TRACE lc members_exact rc=0
GLM52TRACE lc LoadTpCollective rc=0
GLM52TRACE LoadConfiguration rc=0 tp_degree=8 tp_rank=0 max_seq=4096 row_cap=16 speculate=0
GLM52TRACE init after_LoadConfiguration rc=0
GLM52MODTRACE init configure rc=0
GLM52MODTRACE PackLoad entry[0] kind=0 layer=4294967295 rc=6
GLM52MODTRACE init pack_load rc=6 path=/home/spark8/sparkdata/glm52.tp8.fp8/packs/glm52_tp8_rank00.fp8.glms52sp
GLM52TRACE init after_LoadDriver rc=6
model_residentd initialize=schema_error status=6 phase=adapter_initialize rank=0 stage=0
model_residentd route_failed status=4 reason=9 work_kind=0 submission=0
---PROC---
PROC_GONE
---PORTS---
NO_LISTENERS
[0m
router_correction fixed — now the **next** latent mismatch surfaced at entry[0] (EMBEDDING, global). Dumping its actual fields:
[0m$ [0mtimeout 60 ssh -o BatchMode=yes sparke 'python3 - <<\EOF
import struct
P="/home/sparke/srcdata/glm52_tp8_packs/glm52_tp8_rank06.fp8.glms52sp"
data=open(P,"rb").read(512+64*8)
tc=struct.unpack_from("<I",data,24)[0]
dir_off=struct.unpack_from("<Q",data,80)[0]
deb=struct.unpack_from("<I",data,12)[0]
names={0:"EMB",1:"FNORM",2:"LMHEAD"}
for i in range(0,6):
    e=struct.unpack_from("<8I4Q",data,dir_off+i*deb)
    print(i,names.get(e[0],e[0]),"layer=%d pt=%d codec=%d se=%d gc=%d rows=%d cols=%d bytes=%d"%(e[1],e[2],e[3],e[4],e[5],e[6],e[7],e[9]))
EOF'
0 EMB layer=4294967295 pt=1 codec=1 se=0 gc=1 rows=19360 cols=6144 bytes=237895680
1 FNORM layer=4294967295 pt=1 codec=1 se=0 gc=1 rows=1 cols=6144 bytes=12288
2 LMHEAD layer=4294967295 pt=1 codec=1 se=0 gc=1 rows=19360 cols=6144 bytes=237895680
3 3 layer=0 pt=1 codec=1 se=0 gc=1 rows=1 cols=6144 bytes=12288
4 4 layer=0 pt=1 codec=1 se=0 gc=1 rows=2048 cols=6144 bytes=25165824
5 5 layer=0 pt=1 codec=1 se=0 gc=1 rows=1 cols=2048 bytes=4096
[0m
EMB entry matches the resolver exactly — so the failure must be in `SparkStagePackCheckEntryBounds`. Reading it:
[0m$ [0mtimeout 25 ssh -o BatchMode=yes sparke 'grep -n "CheckEntryBounds" -B 2 -A 40 ~/build/glm52_unified/runtime/spark_stagepack_reader.h | head -60; grep -n "STAGEPACK_ALIGNMENT\|ALIGNMENT_BYTES" ~/build/glm52_unified/modules/glm52_resident_decode_stage/source/spark_glm52_resident_decode_stage_internal.h | head -3'
163- * whose wire format relaxes any clause keeps its local checker.
164- */
165:static inline int32_t SparkStagePackCheckEntryBounds(uint32_t alignment_bytes,const SparkStagePackShape *shape,uint64_t minimum_offset,uint64_t file_bytes,uint64_t payload_offset,uint64_t payload_bytes,uint64_t scale_offset,uint64_t scale_bytes)
166-{
167-	uint64_t expected_payload,expected_scale;
168-	if ( alignment_bytes == 0u || shape == 0 || file_bytes < minimum_offset )
169-		return(-1);
170-	expected_payload = SparkStagePackPayloadBytes(shape);
171-	expected_scale = SparkStagePackScaleBytes(shape);
172-	if ( expected_payload == 0u || payload_bytes != expected_payload || scale_bytes != expected_scale )
173-		return(-2);
174-	if ( payload_offset % alignment_bytes != 0u || payload_offset < minimum_offset || payload_offset > file_bytes || payload_bytes > file_bytes - payload_offset )
175-		return(-3);
176-	if ( expected_scale == 0u )
177-	{
178-		if ( scale_offset != 0u )
179-			return(-4);
180-	}
181-	else if ( scale_offset % alignment_bytes != 0u || scale_offset < minimum_offset || scale_offset > file_bytes || scale_bytes > file_bytes - scale_offset )
182-		return(-5);
183-	return(0);
184-}
185-
186-/*
187- * Expected-inventory mask construction: for one layer, set the bit of every
188- * kind whose geometry table resolves. `expected_shape` is the model's table
189- * entry point; `context` carries whatever the table reads (codec, degree).
190- * Kinds at or beyond 64 are skipped (they cannot ride a u64 mask); every
191- * current family's kind space fits far below that bound.
192- */
193-typedef int32_t (*SparkStagePackShapeResolver)(void *context,uint32_t tensor_kind,uint32_t layer_index,SparkStagePackShape *shape);
194-
195-static inline uint64_t SparkStagePackExpectedLayerMask(void *resolver_context,SparkStagePackShapeResolver expected_shape,uint32_t first_tensor_kind,uint32_t tensor_kind_count,uint32_t layer_index)
196-{
197-	SparkStagePackShape shape;
198-	uint64_t mask;
199-	uint32_t kind;
200-	mask = 0u;
201-	for (kind = first_tensor_kind; kind < tensor_kind_count && kind < 64u; kind++)
202-		if ( expected_shape(resolver_context,kind,layer_index,&shape) == 0 )
203-			mask |= UINT64_C(1) << kind;
204-	return(mask);
205-}
--
531- *   -6 scale placement against the strict discipline (a zero-byte scale at
532- *      a nonzero offset included)
533: * The strict discipline restates CheckEntryBounds clause-for-clause so the
534- * generation-3 function above remains untouched frozen contract.
535- */
536-static inline int32_t SparkStagePackV4ValidateEntryExtent(const SparkStagePackV4Accounting *accounting,uint32_t rows,uint32_t columns,uint64_t minimum_offset,uint32_t alignment_bytes,uint64_t file_bytes,uint64_t payload_offset,uint64_t payload_bytes,uint64_t scale_offset,uint64_t scale_bytes,uint32_t declared_scale_group_size)
537-{
538-	uint64_t expected_payload,expected_scale;
539-	if ( accounting == 0 || alignment_bytes == 0u || rows == 0u || columns == 0u || minimum_offset > file_bytes )
540-		return(-1);
541-	expected_payload = SparkStagePackV4PayloadBytes(accounting,rows,columns);
542-	if ( expected_payload == 0u )
543-		return(-1);
544-	if ( accounting->payload_class == SPARK_STAGE_PACK_WEIGHT_BF16_RANS )
545-	{
546-		if ( payload_bytes == 0u || payload_bytes > expected_payload )
175:#define SPARK_GLM52_STAGEPACK_ALIGNMENT_BYTES 256u
[0m
[0m$ [0mtimeout 90 ssh -o BatchMode=yes sparke 'python3 - <<\EOF
import struct,os
P="/home/sparke/srcdata/glm52_tp8_packs/glm52_tp8_rank06.fp8.glms52sp"
size=os.path.getsize(P)
f=open(P,"rb"); hdr=f.read(512); 
tc=struct.unpack_from("<I",hdr,24)[0]
dir_off,file_bytes=struct.unpack_from("<2Q",hdr,80)
deb=struct.unpack_from("<I",hdr,12)[0]
min_off=dir_off+tc*deb
print("tc=%d dir_off=%d min_off=%d file=%d"%(tc,dir_off,min_off,file_bytes))
f.seek(dir_off); dirt=f.read(tc*deb)
ALIGN=256
bad=[]
for i in range(tc):
    k,l,pt,wcv,se,gc,r,c,po,pb,so,sb=struct.unpack_from("<8I4Q",dirt,i*deb)
    # clause checks mirroring CheckEntryBounds for BF16 shapes (expected_scale=0 unless packed)
    packed = (pt==4)
    exp_scale_bytes = 1 if packed else 0  # nonzero only for packed; exact value irrelevant for these clauses
    if po % ALIGN != 0: bad.append((i,k,l,"align",po))
    elif po < min_off: bad.append((i,k,l,"below_min",po))
    elif po > file_bytes or pb > file_bytes-po: bad.append((i,k,l,"oob",po,pb))
    elif (not packed):
        if so != 0: bad.append((i,k,l,"scale_nonzero",so))
if bad: 
    print("BOUNDS_VIOLATIONS:",len(bad)); 
    for b in bad[:12]: print(b)
else: print("ALL_BOUNDS_OK")
# distribution of payload offsets below min?
offs=[struct.unpack_from("<8I4Q",dirt,i*deb)[8] for i in range(tc)]
print("min_po=%d max_po_end=%d n_below_min=%d"%(min(offs),max(o for o in offs),sum(1 for o in offs if o<min_off)))
EOF'
tc=1344 dir_off=512 min_off=86528 file=102835957760
ALL_BOUNDS_OK
min_po=86528 max_po_end=100001656832 n_below_min=0
[0m
rank06 audits clean — but the boot failed on **spark8's rank00** pack. Auditing that one directly on spark8:
[0m$ [0mtimeout 90 ssh -o BatchMode=yes spark8 'python3 - <<\EOF
import struct,os
P="/home/spark8/sparkdata/glm52.tp8.fp8/packs/glm52_tp8_rank00.fp8.glms52sp"
size=os.path.getsize(P)
f=open(P,"rb"); hdr=f.read(512)
h=struct.unpack_from("<20I",hdr,0)
magic,fv,hb,deb,cabi,flags,tc,sc,si,fli,lc,tlc,hid,voc,rec,lwc,ewc,kvc,r0,r1=h
dir_off,file_bytes=struct.unpack_from("<2Q",hdr,80)
min_off=dir_off+tc*deb
print("magic=%08x fv=%d tensors=%d tp=%d/%d min_off=%d file=%d real=%d"%(magic,fv,tc,r0,r1,min_off,file_bytes,size))
f.seek(dir_off); dirt=f.read(tc*deb)
ALIGN=256
names={0:"EMB",1:"FNORM",2:"LMHEAD"}
bad=[]
for i in range(tc):
    k,l,pt,wcv,se,gc,r,c,po,pb,so,sb=struct.unpack_from("<8I4Q",dirt,i*deb)
    packed=(pt==4)
    if po % ALIGN: bad.append((i,k,names.get(k,k),l,"align",po))
    elif po < min_off: bad.append((i,k,names.get(k,k),l,"below_min",po))
    elif po > file_bytes or pb > file_bytes-po: bad.append((i,k,names.get(k,k),l,"oob"))
    elif not packed and so != 0: bad.append((i,k,names.get(k,k),l,"scale_nonzero",so,sb))
print("first entries:")
for i in range(3):
    e=struct.unpack_from("<8I4Q",dirt,i*deb)
    print(" ",i,e[:8],e[8:])
if bad:
    print("VIOLATIONS:",len(bad))
    for b in bad[:10]: print(b)
else: print("ALL_BOUNDS_OK")
EOF'
magic=32534c47 fv=3 tensors=1344 tp=8/0 min_off=86528 file=102835957760 real=102835957760
first entries:
  0 (0, 4294967295, 1, 1, 0, 1, 19360, 6144) (86528, 237895680, 0, 0)
  1 (1, 4294967295, 1, 1, 0, 1, 1, 6144) (237982208, 12288, 0, 0)
  2 (2, 4294967295, 1, 1, 0, 1, 19360, 6144) (237994496, 237895680, 0, 0)
ALL_BOUNDS_OK
[0m
My sed was too greedy — it flipped **both** `ShapeBf16` and `ShapeWords` to CODEC_NONE, breaking every BF16 entry. Restoring and patching only `ShapeWords`:
[0m$ [0mtimeout 30 ssh -o BatchMode=yes sparke 'cd ~/build/glm52_unified && cp /tmp/spark_stagepack_reader.h.orig runtime/spark_stagepack_reader.h && python3 - <<\EOF
import re
p="runtime/spark_stagepack_reader.h"
s=open(p).read()
i=s.index("SparkStagePackShapeWords")
j=s.index("}",s.index("{",i))
blk=s[i:j].replace("SPARK_WEIGHT_CODEC_BF16","SPARK_WEIGHT_CODEC_NONE")
open(p,"w").write(s[:i]+blk+s[j:])
EOF
grep -n "weight_codec = SPARK" runtime/spark_stagepack_reader.h'
49:	shape->weight_codec = SPARK_WEIGHT_CODEC_BF16;
59:	shape->weight_codec = SPARK_WEIGHT_CODEC_NONE;
[0m
[0m$ [0mtimeout 1700 ssh -o BatchMode=yes sparke 'cd ~/build/glm52_unified/modules/glm52_resident_decode_stage
export PATH=/usr/local/cuda-13.0/bin:$PATH CUDA_HOME=/usr/local/cuda-13.0
REV=b4734de4facf877f85769a911abafc5283eab3d9
CONTRACT=ec5afd74d2ba0c913474f30d78209b4a49fa87667845f2968039fddad0fead7a
PACK=/home/sparke/srcdata/glm52_tp8_packs/glm52_tp8_rank06.fp8.glms52sp
COMMON="EXPERT_CODEC=fp8 MODEL_REVISION=$REV CONTRACT_SHA256=$CONTRACT STAGE_PACK_PATH=$PACK MAX_ACTIVE_SEQUENCES=16 MAX_SEQUENCE_POSITIONS=4096 EXECUTION_ROW_CAPACITY=16 PIPELINE_SLOT_COUNT=2"
make publish_variants $COMMON MODULE_BATCH_VARIANT_BUCKETS="1 2 4 8 16" > /tmp/fix2_publish_variants.log 2>&1
echo PV_RC=$?
make publish $COMMON > /tmp/fix2_publish.log 2>&1
echo PUB_RC=$?
bash /tmp/glm52_compile_pkg.sh > /tmp/fix2_pkg.log 2>&1
echo PKG_RC=$?
sha256sum ~/glm52_package/stages/stage_000/model_driver.so'
PV_RC=0
PUB_RC=0
PKG_RC=0
dd2ba28c7d936a48ac15dd95b2d235acd85521600bdd1c669d3d1ddaed27e13f  /home/sparke/glm52_package/stages/stage_000/model_driver.so
[0m
[0m$ [0mtimeout 120 scp -o BatchMode=yes sparke:/home/sparke/glm52_package/stages/stage_000/model_driver.so spark8:/home/spark8/sparkdata/glm52.tp8.fp8/lib/model_driver.so && timeout 40 ssh -o BatchMode=yes spark8 'chmod +x ~/sparkdata/glm52.tp8.fp8/lib/model_driver.so && rm -f /tmp/glm52-tp8-rank0.log && cd ~/sparkdata/glm52.tp8.fp8 && export LD_LIBRARY_PATH=$PWD/lib:$LD_LIBRARY_PATH SPARKPIPE_RELEASE_GENERATION=20260825000000 SPARKPIPE_RELEASE_GIT_COMMIT=glm52-tp8-bringup SPARKPIPE_RELEASE_ID=glm52-tp8-bringup-r0solo; setsid -f bin/sparkpipe_model_residentd --deployment config/model_resident.json --rank-index 0 >/tmp/glm52-tp8-rank0.log 2>&1 </dev/null; echo LAUNCHED' && sleep 50 && timeout 20 ssh -o BatchMode=yes spark8 'head -30 /tmp/glm52-tp8-rank0.log; echo ---PROC---; pgrep -af "[b]in/sparkpipe_model_residentd" || echo PROC_GONE; echo ---PORTS---; ss -ltnH | grep -E ":(19480|63620) " || echo NO_LISTENERS; nvidia-smi --query-gpu=memory.used --format=csv,noheader'
LAUNCHED
GLM52TRACE lc members_exact rc=0
GLM52TRACE lc LoadTpCollective rc=0
GLM52TRACE LoadConfiguration rc=0 tp_degree=8 tp_rank=0 max_seq=4096 row_cap=16 speculate=0
GLM52TRACE init after_LoadConfiguration rc=0
GLM52MODTRACE init configure rc=0
---PROC---
1812501 bin/sparkpipe_model_residentd --deployment config/model_resident.json --rank-index 0
---PORTS---
NO_LISTENERS
[N/A]
[0m
Process alive, mid-pack-load (~102 GB). Polling until ready or error:
[0m$ [0mfor i in $(seq 1 20); do sleep 15; R=$(timeout 15 ssh -o BatchMode=yes spark8 'grep -cE "GLM52MODTRACE init pack_load rc|model_residentd (ready|initialize)" /tmp/glm52-tp8-rank0.log 2>/dev/null || echo 0'); if [ "$R" != "0" ]; then break; fi; done; timeout 20 ssh -o BatchMode=yes spark8 'cat /tmp/glm52-tp8-rank0.log; echo ---PROC---; pgrep -af "[b]in/sparkpipe_model_residentd" || echo PROC_GONE; echo ---PORTS---; ss -ltnH | grep -E ":(19480|63620) " || echo NO_LISTENERS'
GLM52TRACE lc members_exact rc=0
GLM52TRACE lc LoadTpCollective rc=0
GLM52TRACE LoadConfiguration rc=0 tp_degree=8 tp_rank=0 max_seq=4096 row_cap=16 speculate=0
GLM52TRACE init after_LoadConfiguration rc=0
GLM52MODTRACE init configure rc=0
---PROC---
1812501 bin/sparkpipe_model_residentd --deployment config/model_resident.json --rank-index 0
---PORTS---
NO_LISTENERS
[0m
Solo-boot doctrine: full `ready` needs peers; success = passing pack/CUDA init up to the peer-wait. Polling for the remaining modtrace milestones:
[0m$ [0mfor i in $(seq 1 24); do sleep 15; R=$(timeout 15 ssh -o BatchMode=yes spark8 'grep -c "GLM52MODTRACE init pack_load rc" /tmp/glm52-tp8-rank0.log 2>/dev/null || echo 0'); if [ "$R" != "0" ]; then break; fi; done; timeout 20 ssh -o BatchMode=yes spark8 'cat /tmp/glm52-tp8-rank0.log; echo ---; pgrep -af "[b]in/sparkpipe_model_residentd" >/dev/null && echo PROC_ALIVE || echo PROC_GONE; nvidia-smi --query-gpu=memory.used --format=csv,noheader'
GLM52TRACE lc members_exact rc=0
GLM52TRACE lc LoadTpCollective rc=0
GLM52TRACE LoadConfiguration rc=0 tp_degree=8 tp_rank=0 max_seq=4096 row_cap=16 speculate=0
GLM52TRACE init after_LoadConfiguration rc=0
GLM52MODTRACE init configure rc=0
GLM52MODTRACE init pack_load rc=0 path=/home/spark8/sparkdata/glm52.tp8.fp8/packs/glm52_tp8_rank00.fp8.glms52sp
GLM52MODTRACE init caches rc=0
GLM52MODTRACE init slots rc=0
hidden_spark_rdma_fabric_ready local_host=spark8 device=rocep1s0f1 port=1 gid_index=7
---
PROC_ALIVE
[N/A]
[0m
[0m← [0mWrite qualification/glm52/performance/tp8_bringup_20260825/step4_single_rank_boot.md
Wrote file successfully.
[0m
**Single-rank boot test PASSED**: pack_load rc=0 (102 GB validated+loaded), caches/slots OK, RDMA fabric up (`rocep1s0f1`), process alive in TP-collective peer-wait — exactly the expected solo-boot endpoint. Recording STEP 4 + artifact:
[0m$ [0mcat >> tools/fleet/lanes/G-glm52-bringup.state.md <<'EOF'
[2026-08-25 18:4x] STEP 4: single-rank boot PASS on spark8 r0 after root-causing schema_error -> shared-reader ShapeWords stamped BF16 codec vs packs' CODEC_NONE on ROUTER_CORRECTION; fixed reader (words->NONE), rebuilt driver dd2ba28c via publish+GPU-validate, pack/caches/slots/RDMA all green, proc alive in peer-wait; artifact qualification/glm52/performance/tp8_bringup_20260825/step4_single_rank_boot.md
EOF
(no output)
[0m
STEP 5 — 8-rank bring-up. Killing solo process, deploying fixed driver+adapter to the other 7 hosts, launching all 8 ranks staggered:
[0m$ [0mtimeout 20 ssh -o BatchMode=yes spark8 'pkill -f "[b]in/sparkpipe_model_residentd" && sleep 2; pgrep -af "[b]in/sparkpipe_model_residentd" || echo KILLED_CLEAN'; for h in spark9 sparka sparkb spark1 sparkd sparke sparkf; do timeout 20 ssh -o BatchMode=yes "$h" 'cp -p ~/sparkdata/glm52.tp8.fp8/lib/model_driver.so ~/sparkdata/glm52.tp8.fp8/lib/model_driver.so.bringup-bak 2>/dev/null; cp -p ~/sparkdata/glm52.tp8.fp8/lib/model_serving_adapter.so ~/sparkdata/glm52.tp8.fp8/lib/model_serving_adapter.so.bringup-bak 2>/dev/null; echo backed' ; done
1812501 bin/sparkpipe_model_residentd --deployment config/model_resident.json --rank-index 0
backed
backed
backed
backed
backed
backed
backed
[0m
[0m$ [0mtimeout 20 ssh -o BatchMode=yes spark8 'pkill -9 -f "bin/sparkpipe_model_residentd" ; sleep 2; pgrep -af "bin/sparkpipe_model_residentd" || echo KILLED_CLEAN'
(no output)
[0m
[0m$ [0mtimeout 20 ssh -o BatchMode=yes spark8 'pgrep -af "residentd" | grep -v bash || echo NONE_ALIVE; ss -ltnH | grep -E ":19480|:63620" || echo PORTS_FREE'
NONE_ALIVE
PORTS_FREE
[0m
[0m$ [0mtimeout 300 scp -o BatchMode=yes sparke:/home/sparke/glm52_package/stages/stage_000/model_driver.so /var/folders/p8/d74_8vwn0_q8rkgfym3s623c0000gp/T/opencode/glm52dbg/model_driver_fixed.so && for h in spark9 sparka sparkb spark1 sparkd sparke sparkf; do timeout 120 scp -o BatchMode=yes /var/folders/p8/d74_8vwn0_q8rkgfym3s623c0000gp/T/opencode/glm52dbg/model_driver_fixed.so "$h":/home/"$h"/sparkdata/glm52.tp8.fp8/lib/model_driver.so && timeout 60 scp -o BatchMode=yes sparke:/tmp/libglm52_serving_adapter_fp8_traced.so "$h":/home/"$h"/sparkdata/glm52.tp8.fp8/lib/model_serving_adapter.so && timeout 20 ssh -o BatchMode=yes "$h" 'chmod +x ~/sparkdata/glm52.tp8.fp8/lib/model_driver.so ~/sparkdata/glm52.tp8.fp8/lib/model_serving_adapter.so && echo '"$h"'-DEPLOYED'; done
spark9-DEPLOYED
sparka-DEPLOYED
sparkb-DEPLOYED
spark1-DEPLOYED
sparkd-DEPLOYED
sparke-DEPLOYED
sparkf-DEPLOYED
[0m
All deployed. Launching the 8-rank ring (staggered 6 s per devcycle convention):
[0m$ [0mi=0; for h in spark8 spark9 sparka sparkb spark1 sparkd sparke sparkf; do timeout 20 ssh -o BatchMode=yes "$h" "cd ~/sparkdata/glm52.tp8.fp8 && export LD_LIBRARY_PATH=\$PWD/lib:\$LD_LIBRARY_PATH SPARKPIPE_RELEASE_GENERATION=20260825000000 SPARKPIPE_RELEASE_GIT_COMMIT=glm52-tp8-bringup SPARKPIPE_RELEASE_ID=glm52-tp8-bringup-r$i; setsid -f bin/sparkpipe_model_residentd --deployment config/model_resident.json --rank-index $i >/tmp/glm52-tp8-rank$i.log 2>&1 </dev/null" && echo "$h r$i LAUNCHED"; i=$((i+1)); sleep 6; done
spark8 r0 LAUNCHED
spark9 r1 LAUNCHED
sparka r2 LAUNCHED
sparkb r3 LAUNCHED
spark1 r4 LAUNCHED
sparkd r5 LAUNCHED
sparke r6 LAUNCHED
sparkf r7 LAUNCHED
[0m
[0m$ [0msleep 120; for h in spark8 spark9 sparka sparkb spark1 sparkd sparke sparkf; do printf '%s: ' "$h"; timeout 15 ssh -o BatchMode=yes "$h" 'grep -E "model_residentd ready|initialize=|MODTRACE init (pack_load|tp_collective|speculator) rc|fabric_ready|refused|error" /tmp/glm52-tp8-rank*.log 2>/dev/null | tail -4 | tr "\n" " | "; echo' 2>&1; done
spark8: hidden_spark_rdma_fabric_ready local_host=spark8 device=rocep1s0f1 port=1 gid_index=7 GLM52MODTRACE init tp_collective rc=0 GLM52MODTRACE init speculator rc=0 model_residentd ready rank=0 stage=0 inflight=4 active=16 rows=16 resident=16 adapter=spark.glm52.serving-adapter.tp8.expert_fp8.v1 model=zai-org/GLM-5.2 revision=b4734de4facf877f85769a911abafc5283eab3d9 tcp=spark8:19480 
spark9: hidden_spark_rdma_fabric_ready local_host=spark9 device=rocep1s0f1 port=1 gid_index=7 GLM52MODTRACE init tp_collective rc=0 GLM52MODTRACE init speculator rc=0 model_residentd ready rank=1 stage=1 inflight=4 active=16 rows=16 resident=16 adapter=spark.glm52.serving-adapter.tp8.expert_fp8.v1 model=zai-org/GLM-5.2 revision=b4734de4facf877f85769a911abafc5283eab3d9 tcp=spark9:19481 
sparka: hidden_spark_rdma_fabric_ready local_host=sparka device=rocep1s0f1 port=1 gid_index=7 GLM52MODTRACE init tp_collective rc=0 GLM52MODTRACE init speculator rc=0 model_residentd ready rank=2 stage=2 inflight=4 active=16 rows=16 resident=16 adapter=spark.glm52.serving-adapter.tp8.expert_fp8.v1 model=zai-org/GLM-5.2 revision=b4734de4facf877f85769a911abafc5283eab3d9 tcp=sparka:19482 
sparkb: hidden_spark_rdma_fabric_ready local_host=sparkb device=rocep1s0f1 port=1 gid_index=7 GLM52MODTRACE init tp_collective rc=0 GLM52MODTRACE init speculator rc=0 model_residentd ready rank=3 stage=3 inflight=4 active=16 rows=16 resident=16 adapter=spark.glm52.serving-adapter.tp8.expert_fp8.v1 model=zai-org/GLM-5.2 revision=b4734de4facf877f85769a911abafc5283eab3d9 tcp=sparkb:19483 
spark1: hidden_spark_rdma_fabric_ready local_host=spark1 device=rocep1s0f1 port=1 gid_index=3 GLM52MODTRACE init tp_collective rc=0 GLM52MODTRACE init speculator rc=0 model_residentd ready rank=4 stage=4 inflight=4 active=16 rows=16 resident=16 adapter=spark.glm52.serving-adapter.tp8.expert_fp8.v1 model=zai-org/GLM-5.2 revision=b4734de4facf877f85769a911abafc5283eab3d9 tcp=spark1:19484 
sparkd: hidden_spark_rdma_fabric_ready local_host=sparkd device=rocep1s0f1 port=1 gid_index=3 GLM52MODTRACE init tp_collective rc=0 GLM52MODTRACE init speculator rc=0 model_residentd ready rank=5 stage=5 inflight=4 active=16 rows=16 resident=16 adapter=spark.glm52.serving-adapter.tp8.expert_fp8.v1 model=zai-org/GLM-5.2 revision=b4734de4facf877f85769a911abafc5283eab3d9 tcp=sparkd:19485 
sparke: hidden_spark_rdma_fabric_ready local_host=sparke device=rocep1s0f1 port=1 gid_index=3 GLM52MODTRACE init tp_collective rc=0 GLM52MODTRACE init speculator rc=0 model_residentd ready rank=6 stage=6 inflight=4 active=16 rows=16 resident=16 adapter=spark.glm52.serving-adapter.tp8.expert_fp8.v1 model=zai-org/GLM-5.2 revision=b4734de4facf877f85769a911abafc5283eab3d9 tcp=sparke:19486 
sparkf: hidden_spark_rdma_fabric_ready local_host=sparkf device=rocep1s0f1 port=1 gid_index=3 GLM52MODTRACE init tp_collective rc=0 GLM52MODTRACE init speculator rc=0 model_residentd ready rank=7 stage=7 inflight=4 active=16 rows=16 resident=16 adapter=spark.glm52.serving-adapter.tp8.expert_fp8.v1 model=zai-org/GLM-5.2 revision=b4734de4facf877f85769a911abafc5283eab3d9 tcp=sparkf:19487
[0m
[0m← [0mWrite qualification/glm52/performance/tp8_bringup_20260825/step5_8rank_bringup.md
Wrote file successfully.
[0m
[0m$ [0mcat >> tools/fleet/lanes/G-glm52-bringup.state.md <<'EOF'
[2026-08-25 19:0x] STEP 5: 8-rank bring-up PASS — deployed fixed driver+adapter to all band hosts (backups *.bringup-bak), staggered launch, 8/8 model_residentd ready (ranks 0-7, tcp 19480-19487, RDMA rocep1s0f1, tp_collective rc=0 incl spark1@r4); artifact qualification/glm52/performance/tp8_bringup_20260825/step5_8rank_bringup.md
EOF
(no output)
[0m
**ALL 8 RANKS READY** — GLM 5.2 TP8 ring is up end-to-end for the first time (spark1 substituting sparkc at rank 4). Recording STEP 5, then running the O128 gate:
[0m$ [0msed -n '1,60p' tools/model_stream_decode_benchmark.py
#!/usr/bin/env python3

import argparse
import json
import statistics
import subprocess
import threading
import time


def main():
    parser = argparse.ArgumentParser()
    parser.add_argument("--output",required=True)
    parser.add_argument("command",nargs=argparse.REMAINDER)
    arguments = parser.parse_args()
    if not arguments.command:
        parser.error("a benchmark command is required")
    started = time.monotonic_ns()
    process = subprocess.Popen(
        arguments.command,
        stdout=subprocess.PIPE,
        stderr=subprocess.PIPE,
        text=True,
        bufsize=1,
    )
    events = []
    token_times = []
    token_ids = []
    stderr_lines = []

    def drain_stderr():
        assert process.stderr is not None
        for line in process.stderr:
            stderr_lines.append(line)

    stderr_thread = threading.Thread(target=drain_stderr)
    stderr_thread.start()
    assert process.stdout is not None
    for line in process.stdout:
        observed = time.monotonic_ns()
        event = json.loads(line)
        events.append({
            "elapsed_seconds": (observed - started) / 1e9,
            "event": event,
        })
        if event.get("event") == "token":
            token_times.append(observed)
            token_ids.append(event["token_id"])
    status = process.wait()
    stderr_thread.join()
    stderr = "".join(stderr_lines)
    ended = time.monotonic_ns()
    if status != 0 or len(token_times) < 2:
        raise SystemExit(
            f"benchmark failed status={status} tokens={len(token_times)} "
            f"stderr={stderr}")
    intervals = [(right - left) / 1e9
                 for left,right in zip(token_times,token_times[1:])]
    result = {
        "schema_version": 1,
[0m
[0m$ [0mtimeout 20 ssh -o BatchMode=yes spark8 'ls -la ~/sparkdata/glm52.tp8.fp8/ | grep -iE "bench|batch|json"; echo ===; cat ~/sparkdata/glm52.tp8.fp8/bench_b1.json 2>/dev/null | head -30'
-rw-r--r--  1 spark8 spark8  603 Aug 25 17:42 bench_b1.json
-rw-r--r--  1 spark8 spark8 1511 Aug 25 14:45 glm52_stage.json
-rw-r--r--  1 spark8 spark8 4736 Aug 25 14:45 model_resident.json
===
{
  "schema_version": 1,
  "connect_timeout_ms": 60000,
  "request_capacity": 16,
  "max_context_tokens": 4096,
  "max_prefill_rows_per_submission": 256,
  "maximum_messages_per_rank_per_progress": 64,
  "maximum_new_submissions_per_progress": 4,
  "stop_token_ids": [
    154820
  ],
  "requests": [
    {
      "request_id": 1,
      "sequence_id": 1,
      "priority": 0,
      "output_token_budget": 128,
      "prompt_token_ids": [
        154827,
        40,
        282,
        949,
        1212,
        3290,
        13,
        10753,
        11,
        671,
        949
      ]
[0m
STEP 6 — O128 receipt via the ring:
[0m$ [0mSTAMP=$(date +%Y%m%d-%H%M%S); timeout 900 python3 tools/model_stream_decode_benchmark.py --output "qualification/glm52/performance/tp8_bringup_20260825/glm52-o128-${STAMP}.json" -- ssh -o BatchMode=yes spark8 /home/spark8/sparkdata/glm52.tp8.fp8/bin/sparkpipe_model_batch --deployment /home/spark8/sparkdata/glm52.tp8.fp8/config/model_resident.json --runtime-root /home/spark8/sparkdata/glm52.tp8.fp8 --profile-stages --batch /home/spark8/sparkdata/glm52.tp8.fp8/bench_b1.json; echo RC=$?
Traceback (most recent call last):
  File "/Users/mac/sparkpipe/tools/model_stream_decode_benchmark.py", line 87, in <module>
    main()
    ~~~~^^
  File "/Users/mac/sparkpipe/tools/model_stream_decode_benchmark.py", line 19, in main
    process = subprocess.Popen(
        arguments.command,
    ...<3 lines>...
        bufsize=1,
    )
  File "/opt/homebrew/Cellar/python@3.14/3.14.5/Frameworks/Python.framework/Versions/3.14/lib/python3.14/subprocess.py", line 1039, in __init__
    self._execute_child(args, executable, preexec_fn, close_fds,
    ~~~~~~~~~~~~~~~~~~~^^^^^^^^^^^^^^^^^^^^^^^^^^^^^^^^^^^^^^^^^
                        pass_fds, cwd, env,
                        ^^^^^^^^^^^^^^^^^^^
    ...<5 lines>...
                        gid, gids, uid, umask,
                        ^^^^^^^^^^^^^^^^^^^^^^
                        start_new_session, process_group)
                        ^^^^^^^^^^^^^^^^^^^^^^^^^^^^^^^^^
  File "/opt/homebrew/Cellar/python@3.14/3.14.5/Frameworks/Python.framework/Versions/3.14/lib/python3.14/subprocess.py", line 1990, in _execute_child
    raise child_exception_type(errno_num, err_msg, err_filename)
FileNotFoundError: [Errno 2] No such file or directory: '--'
RC=1
[0m
[0m$ [0mSTAMP=$(date +%Y%m%d-%H%M%S); timeout 900 python3 tools/model_stream_decode_benchmark.py --output "qualification/glm52/performance/tp8_bringup_20260825/glm52-o128-${STAMP}.json" ssh -o BatchMode=yes spark8 /home/spark8/sparkdata/glm52.tp8.fp8/bin/sparkpipe_model_batch --deployment /home/spark8/sparkdata/glm52.tp8.fp8/config/model_resident.json --runtime-root /home/spark8/sparkdata/glm52.tp8.fp8 --profile-stages --batch /home/spark8/sparkdata/glm52.tp8.fp8/bench_b1.json; echo RC=$?
benchmark failed status=1 tokens=0 stderr=sparkpipe_stage_profile_summary events=0 dropped=0
sparkpipe_model_batch_status=2 terminal=0 requests=1

RC=1
[0m
[0m$ [0mtimeout 300 ssh -o BatchMode=yes spark8 'cd ~/sparkdata/glm52.tp8.fp8 && export LD_LIBRARY_PATH=$PWD/lib:$LD_LIBRARY_PATH; timeout 240 bin/sparkpipe_model_batch --deployment config/model_resident.json --runtime-root $PWD --profile-stages --batch bench_b1.json >/tmp/o128.out 2>/tmp/o128.err; echo RC=$?; echo ===OUT_HEAD===; head -6 /tmp/o128.out; echo ===ERR===; tail -12 /tmp/o128.err'
RC=1
===OUT_HEAD===
===ERR===
sparkpipe_stage_profile_summary events=0 dropped=0
sparkpipe_model_batch_status=2 terminal=0 requests=1
[0m
[0m$ [0mtimeout 20 ssh -o BatchMode=yes spark8 'tail -25 /tmp/glm52-tp8-rank0.log; echo ===R1===; tail -6 /tmp/glm52-tp8-rank1.log'
GLM52TRACE lc members_exact rc=0
GLM52TRACE lc LoadTpCollective rc=0
GLM52TRACE LoadConfiguration rc=0 tp_degree=8 tp_rank=0 max_seq=4096 row_cap=16 speculate=0
GLM52TRACE init after_LoadConfiguration rc=0
GLM52MODTRACE init configure rc=0
GLM52MODTRACE init pack_load rc=0 path=/home/spark8/sparkdata/glm52.tp8.fp8/packs/glm52_tp8_rank00.fp8.glms52sp
GLM52MODTRACE init caches rc=0
GLM52MODTRACE init slots rc=0
hidden_spark_rdma_fabric_ready local_host=spark8 device=rocep1s0f1 port=1 gid_index=7
hidden_spark_rdma_fabric_ready local_host=spark8 device=rocep1s0f1 port=1 gid_index=7
hidden_spark_rdma_fabric_ready local_host=spark8 device=rocep1s0f1 port=1 gid_index=7
hidden_spark_rdma_fabric_ready local_host=spark8 device=rocep1s0f1 port=1 gid_index=7
hidden_spark_rdma_fabric_ready local_host=spark8 device=rocep1s0f1 port=1 gid_index=7
hidden_spark_rdma_fabric_ready local_host=spark8 device=rocep1s0f1 port=1 gid_index=7
GLM52MODTRACE init tp_collective rc=0
GLM52MODTRACE init speculator rc=0
GLM52TRACE init after_LoadDriver rc=0
GLM52TRACE init after_ArmSpeculation rc=0
model_residentd ready rank=0 stage=0 inflight=4 active=16 rows=16 resident=16 adapter=spark.glm52.serving-adapter.tp8.expert_fp8.v1 model=zai-org/GLM-5.2 revision=b4734de4facf877f85769a911abafc5283eab3d9 tcp=spark8:19480
===R1===
tail: cannot open '/tmp/glm52-tp8-rank1.log' for reading: No such file or directory
[0m
[0m$ [0mtimeout 20 ssh -o BatchMode=yes spark8 'cd ~/sparkdata/glm52.tp8.fp8 && bin/sparkpipe_model_batch --help 2>&1 | head -30'; timeout 20 ssh -o BatchMode=yes spark9 'tail -4 /tmp/glm52-tp8-rank1.log'
usage: sparkpipe_model_batch --deployment PATH --runtime-root PATH --batch PATH [--profile-stages]
GLM52MODTRACE init speculator rc=0
GLM52TRACE init after_LoadDriver rc=0
GLM52TRACE init after_ArmSpeculation rc=0
model_residentd ready rank=1 stage=1 inflight=4 active=16 rows=16 resident=16 adapter=spark.glm52.serving-adapter.tp8.expert_fp8.v1 model=zai-org/GLM-5.2 revision=b4734de4facf877f85769a911abafc5283eab3d9 tcp=spark9:19481
[0m
[0m$ [0mhead -20 qualification/glm52/performance/tp8_b8_20260816/glm52-b8.stderr; echo ===; grep -rn "bench_b1\|o128\|batch" tools/devcycle/bbench.sh | head -12
GLM52-DBG vsub limits rc=0
GLM52-DBG vsub submission rc=0
GLM52-DBG vsub limits rc=0
GLM52-DBG vsub submission rc=0
GLM52-DBG vsub limits rc=0
GLM52-DBG vsub submission rc=0
GLM52-DBG vsub limits rc=0
GLM52-DBG vsub submission rc=0
GLM52-DBG vsub limits rc=0
GLM52-DBG vsub submission rc=0
GLM52-DBG vsub limits rc=0
GLM52-DBG vsub submission rc=0
GLM52-DBG vsub limits rc=0
GLM52-DBG vsub submission rc=0
GLM52-DBG vsub limits rc=0
GLM52-DBG vsub submission rc=0
GLM52-DBG vsub limits rc=0
GLM52-DBG vsub submission rc=0
GLM52-DBG vsub limits rc=0
GLM52-DBG vsub submission rc=0
===
tools/devcycle/bbench.sh:3:# bbench.sh B — no-spec B-batch decode benchmark for the lean DSV4 TP4 driver.
tools/devcycle/bbench.sh:21:BATCH_LOCAL="/tmp/bbench-b${B}-batch.json"
tools/devcycle/bbench.sh:28:# ---- generate the B-request batch file from the pinned O128 batch ----
tools/devcycle/bbench.sh:29:python3 - "$SCRIPT_DIR/batches/o128_batch.json" "$BATCH_LOCAL" "$B" <<'PYEOF'
tools/devcycle/bbench.sh:43:print("batch", B, "requests ->", dst)
tools/devcycle/bbench.sh:55:# batch with TARGET_MISMATCH)
tools/devcycle/bbench.sh:102:scp -q -o BatchMode=yes "$BATCH_LOCAL" spark4:/tmp/bbench-batch.json
tools/devcycle/bbench.sh:108:    ssh -o BatchMode=yes spark4 "$ROOT/bin/sparkpipe_model_batch" \
tools/devcycle/bbench.sh:111:        --batch /tmp/bbench-batch.json >/dev/null 2>&1 || { echo "warmup failed" >&2; exit 6; }
tools/devcycle/bbench.sh:115:    ssh -o BatchMode=yes spark4 "$ROOT/bin/sparkpipe_model_batch" \
tools/devcycle/bbench.sh:118:        --batch /tmp/bbench-batch.json >/dev/null 2>&1 || { echo "run failed" >&2; exit 7; }
[0m
[0m$ [0msed -n '100,125p' tools/devcycle/bbench.sh; echo ===O128_HEAD===; head -25 tools/devcycle/batches/o128_batch.json
echo "b$B all-4-ranks ready"

scp -q -o BatchMode=yes "$BATCH_LOCAL" spark4:/tmp/bbench-batch.json
sleep 45

# ---- warm + measured ----
python3 "$REPO_ROOT/tools/model_stream_decode_benchmark.py" \
    --output "/tmp/bbench-b$B-warm.json" \
    ssh -o BatchMode=yes spark4 "$ROOT/bin/sparkpipe_model_batch" \
        --deployment "$ROOT/config/model_resident.json" \
        --runtime-root "$ROOT" \
        --batch /tmp/bbench-batch.json >/dev/null 2>&1 || { echo "warmup failed" >&2; exit 6; }

python3 "$REPO_ROOT/tools/model_stream_decode_benchmark.py" \
    --output "/tmp/bbench-b$B-run.json" \
    ssh -o BatchMode=yes spark4 "$ROOT/bin/sparkpipe_model_batch" \
        --deployment "$ROOT/config/model_resident.json" \
        --runtime-root "$ROOT" \
        --batch /tmp/bbench-batch.json >/dev/null 2>&1 || { echo "run failed" >&2; exit 7; }

python3 - "/tmp/bbench-b$B-run.json" "$B" <<'PYEOF'
import json, sys
r = json.load(open(sys.argv[1]))
B = int(sys.argv[2])
print(f"bbench B{B}: decode={r['decode_tokens_per_second']:.2f} tok/s "
      f"tokens={r['token_count']} decode_s={r['decode_seconds_after_first']:.3f} "
===O128_HEAD===
{
  "schema_version": 1,
  "connect_timeout_ms": 30000,
  "request_capacity": 1,
  "max_context_tokens": 4096,
  "max_prefill_rows_per_submission": 1,
  "maximum_messages_per_rank_per_progress": 8,
  "maximum_new_submissions_per_progress": 1,
  "stop_token_ids": [],
  "requests": [
    {
      "request_id": 760130,
      "sequence_id": 760130,
      "priority": 0,
      "output_token_budget": 128,
      "prompt_token_ids": [
        0, 3476, 477, 18068, 260, 3375, 35312, 3417,
        16, 38074, 13254, 16, 455, 4087, 3287, 2231,
        1605, 270, 21361, 8786, 9045, 16, 128803, 79418,
        2317, 566, 8130, 345, 14866, 3312, 2019, 16,
        983, 1142, 469, 1142, 554, 6242, 260, 31191,
        603, 19905, 418, 270, 4031, 2455, 2562, 1167,
        1479, 270, 6074, 15398, 344, 10097, 16, 2052,
        270, 15398, 344, 1353, 4521, 538, 260, 2395,
        2740, 294, 18885, 6243, 14, 20430, 418, 270,
[0m
[0m$ [0mgrep -rn "model_batch_status\|terminal=" node/*.c src/*.c 2>/dev/null | head; grep -rln "sparkpipe_model_batch" node/ | head -3
node/model_batch.c:661:	fprintf(stderr,"sparkpipe_model_batch_status=%u terminal=%u requests=%u\n",status,output.terminal_count,file.request_count);
node//model_batch.c
[0m
[0m$ [0mgrep -n "status" node/model_batch.c | grep -iE "status =|status=|SPARK_STATUS" | head -25; grep -n "connect\|ControlSubmit\|route_failed\|timeout" node/model_batch.c | head -20
135:	status = SPARK_STATUS_OK;
136:	for (index=0u; status==SPARK_STATUS_OK && index<count; index++)
137:		status = SparkJsonGetUInt32(document,SparkJsonGetArrayElement(document,array,index),&tokens[index]);
138:	if ( status != SPARK_STATUS_OK )
159:	status = SparkJsonValidateObjectMembersExact(document,object,SparkModelBatchRequestMembers,(uint32_t)(sizeof(SparkModelBatchRequestMembers) / sizeof(SparkModelBatchRequestMembers[0])));
164:	if ( status == SPARK_STATUS_OK )
165:		status = SparkModelBatchJsonU64(document,object,"request_id",&request->request_id);
166:	if ( status == SPARK_STATUS_OK )
167:		status = SparkModelBatchJsonU64(document,object,"sequence_id",&request->sequence_id);
168:	if ( status == SPARK_STATUS_OK )
169:		status = SparkModelBatchJsonU32(document,object,"priority",&request->priority);
170:	if ( status == SPARK_STATUS_OK )
171:		status = SparkModelBatchJsonU32(document,object,"output_token_budget",&request->output_token_budget);
172:	tokens = status == SPARK_STATUS_OK ? SparkModelBatchJsonMember(document,object,"prompt_token_ids") : -1;
173:	if ( status == SPARK_STATUS_OK )
174:		status = tokens < 0 ? SPARK_STATUS_SCHEMA_ERROR : SparkModelBatchParseTokenArray(document,tokens,max_context_tokens,&file_request->prompt_token_ids,&request->prompt_token_count);
176:	if ( status == SPARK_STATUS_OK && (request->request_id == 0u || request->sequence_id == 0u || request->output_token_budget == 0u || request->output_token_budget > max_context_tokens - request->prompt_token_count) )
177:		status = SPARK_STATUS_CAPACITY_EXCEEDED;
202:	status = SPARK_STATUS_OK;
203:	for (index=1u; status==SPARK_STATUS_OK && index<file->request_count; index++)
205:			status = SPARK_STATUS_DUPLICATE;
226:	status = SPARK_STATUS_OK;
227:	for (index=0u; status==SPARK_STATUS_OK && index<file->request_count; index++)
228:		status = SparkModelBatchParseRequest(document,SparkJsonGetArrayElement(document,array,index),file->engine.max_context_tokens,&file->requests[index]);
229:	return(status == SPARK_STATUS_OK ? SparkModelBatchValidateUniqueIds(file) : status);
49:	"connect_timeout_ms",
275:		status = SparkModelBatchJsonU32(&document,root,"connect_timeout_ms",&file->engine.connect_timeout_ms);
[0m
[0m$ [0msed -n '560,665p' node/model_batch.c
const char **runtime_root,
	const char **batch_path,
	uint32_t *profile_stages)
{
	int32_t index;
	*deployment_path = 0;
	*runtime_root = 0;
	*batch_path = 0;
	*profile_stages = 0u;
	for (index=1; index<argc; index++)
	{
		if ( strcmp(argv[index],"--deployment") == 0 && index + 1 < argc )
			*deployment_path = argv[++index];
		else if ( strcmp(argv[index],"--runtime-root") == 0 && index + 1 < argc )
			*runtime_root = argv[++index];
		else if ( strcmp(argv[index],"--batch") == 0 && index + 1 < argc )
			*batch_path = argv[++index];
		else if ( strcmp(argv[index],"--profile-stages") == 0 )
			*profile_stages = 1u;
		else
			return(-1);
	}
	return(*deployment_path != 0 && *runtime_root != 0 && *batch_path != 0 ? 0 : -2);
}

int main(int argc,char **argv)
{
	const SparkModelServingAdapterDescriptor *descriptor;
	SparkModelResidentDeployment deployment;
	SparkModelBatchEngine *engine;
	SparkModelBatchEngineView engine_view;
	SparkModelBatchFile file;
	SparkModelBatchOutput output;
	const char *deployment_path,*runtime_root,*batch_path;
	uint32_t failed_stage_index,profile_stages,view_valid;
	SparkStatus status,destroy_status;
	if ( SparkModelBatchParseArguments(argc,argv,&deployment_path,&runtime_root,&batch_path,&profile_stages) < 0 )
	{
		fprintf(stderr,"usage: sparkpipe_model_batch --deployment PATH --runtime-root PATH --batch PATH [--profile-stages]\n");
		return(2);
	}
	memset(&output,0,sizeof(output));
	memset(&file,0,sizeof(file));
	failed_stage_index = SPARK_MODEL_PIPELINE_CLIENT_INVALID_STAGE_INDEX;
	view_valid = 0u;
	engine = 0;
	SparkModelResidentDeploymentReset(&deployment);
	status = SparkModelResidentDeploymentLoad(deployment_path,&deployment);
	if ( status == SPARK_STATUS_OK )
		status = SparkModelBatchLoadFile(batch_path,&file);
	if ( status == SPARK_STATUS_OK && getenv("SPARK_MODEL_BATCH_SEQUENTIAL") != 0 )
		file.sequential_submissions = 1u;
	if ( status == SPARK_STATUS_OK && profile_stages != 0u )
		status = SparkModelBatchInitializeStageProfile(&file,deployment.node_count,&output);
	if ( status == SPARK_STATUS_OK )
	{
		file.engine.abi_version = SPARK_MODEL_BATCH_ENGINE_ABI_VERSION;
		file.engine.descriptor_bytes = SPARK_MODEL_BATCH_ENGINE_CONFIGURATION_BYTES;
		file.engine.deployment = &deployment;
		file.engine.runtime_root = runtime_root;
		file.engine.event_function = SparkModelBatchWriteEvent;
		file.engine.event_context = &output;
		if ( profile_stages != 0u )
		{
			file.engine.stage_completion_function = SparkModelBatchRecordStageCompletion;
			file.engine.stage_completion_context = &output;
		}
		status = SparkModelBatchEngineConnect(&file.engine,&engine);
	}
	descriptor = status == SPARK_STATUS_OK ? SparkModelBatchEngineGetAdapterDescriptor(engine) : 0;
	if ( status == SPARK_STATUS_OK && (descriptor == 0 || SparkModelBatchWriteReady(descriptor) < 0) )
		status = SPARK_STATUS_IO_ERROR;
	if ( status == SPARK_STATUS_OK )
		status = SparkModelBatchSubmitAll(engine,&file,0u,file.sequential_submissions != 0u ? 0u : file.request_count);
	if ( status == SPARK_STATUS_OK && file.sequential_submissions == 0u )
		status = SparkModelBatchEngineCloseAdmission(engine);
	if ( status == SPARK_STATUS_OK )
		(void)fcntl(STDOUT_FILENO,F_SETFL,fcntl(STDOUT_FILENO,F_GETFL,0) | O_NONBLOCK);
	if ( status == SPARK_STATUS_OK )
		status = SparkModelBatchRun(engine,&file,&output);
	/* Drain whatever the slow reader could not take during the run (now blocking). */
	(void)fcntl(STDOUT_FILENO,F_SETFL,fcntl(STDOUT_FILENO,F_GETFL,0) & ~O_NONBLOCK);
	SparkModelBatchFlushOutput(&output);
	if ( engine != 0 && SparkModelBatchEngineGetView(engine,&engine_view) ==
		SPARK_STATUS_OK )
	{
		view_valid = 1u;
		if ( status != SPARK_STATUS_OK )
			failed_stage_index = engine_view.pipeline.failed_stage_index;
	}
	destroy_status = SparkModelBatchEngineDestroy(engine);
	if ( status == SPARK_STATUS_OK && destroy_status != SPARK_STATUS_OK )
		status = destroy_status;
	if ( profile_stages != 0u && output.stage_completions != 0 && SparkModelBatchWriteStageProfile(&output) < 0 && status == SPARK_STATUS_OK )
		status = SPARK_STATUS_IO_ERROR;
	if ( status == SPARK_STATUS_OK && output.error_count != 0u )
		status = SPARK_STATUS_INVALID_ARGUMENT;
	if ( status != SPARK_STATUS_OK && failed_stage_index != SPARK_MODEL_PIPELINE_CLIENT_INVALID_STAGE_INDEX )
		fprintf(stderr,"sparkpipe_model_batch_failure status=%u stage=%u\n",status,failed_stage_index);
	if ( view_valid != 0u )
		fprintf(stderr,"sparkpipe_model_batch_pipeline submitted=%llu continued=%llu admitted=%llu rejected=%llu leases=%u\n",(unsigned long long)engine_view.pipeline.submitted_count,(unsigned long long)engine_view.pipeline.continued_count,(unsigned long long)engine_view.pipeline.admitted_count,(unsigned long long)engine_view.pipeline.rejected_count,engine_view.pipeline.active_continue_lease_count);
	fprintf(stderr,"sparkpipe_model_batch_status=%u terminal=%u requests=%u\n",status,output.terminal_count,file.request_count);
	SparkModelBatchFileDestroy(&file);
	SparkModelResidentDeploymentDestroy(&deployment);
	free(output.stage_completions);
	free(output.pending_output);
[0m
[0m$ [0mgrep -n "= [0-9]\|SPARK_STATUS_" include/sparkpipe/spark_status.h | head -25
12:    SPARK_STATUS_OK = 0,
13:    SPARK_STATUS_INVALID_ARGUMENT,
14:    SPARK_STATUS_CAPACITY_EXCEEDED,
15:    SPARK_STATUS_NOT_FOUND,
16:    SPARK_STATUS_IO_ERROR,
17:    SPARK_STATUS_PARSE_ERROR,
18:    SPARK_STATUS_SCHEMA_ERROR,
19:    SPARK_STATUS_HASH_MISMATCH,
20:    SPARK_STATUS_MODULE_NOT_VALIDATED,
21:    SPARK_STATUS_VALIDATION_FAILED,
22:    SPARK_STATUS_ABI_MISMATCH,
23:    SPARK_STATUS_TARGET_MISMATCH,
24:    SPARK_STATUS_COMPILER_ERROR,
25:    SPARK_STATUS_DRIVER_LOAD_ERROR,
26:    SPARK_STATUS_ROUTE_NOT_FOUND,
27:    SPARK_STATUS_BUSY,
28:    SPARK_STATUS_DUPLICATE,
29:    SPARK_STATUS_INTERNAL_ERROR,
30:    SPARK_STATUS_PENDING,
31:    SPARK_STATUS_UNSUPPORTED
45:	if ( error_buffer != 0 && error_buffer_bytes != 0u )
47:		if ( message == 0 )
57:	return denominator == 0u ? 0u : (numerator + denominator - 1u) / denominator;
62:	return denominator == 0u ? 0u : (numerator + denominator - 1u) / denominator;
70:	for (byte_index = 0u; byte_index < data_bytes; ++byte_index)
[0m
[0m$ [0mgrep -n "SparkModelBatchMembers\|SparkModelBatchRequestMembers" -A 16 node/model_batch.c | sed -n '1,45p'
59:static const char *const SparkModelBatchRequestMembers[] =
60-{
61-	"request_id",
62-	"sequence_id",
63-	"priority",
64-	"output_token_budget",
65-	"prompt_token_ids"
66-};
67-
68-static int32_t SparkModelBatchJsonMember(
69-	const SparkJsonDocument *document,
70-	int32_t object,
71-	const char *name)
72-{
73-	return(SparkJsonFindObjectMember(document,object,name));
74-}
75-
--
159:	status = SparkJsonValidateObjectMembersExact(document,object,SparkModelBatchRequestMembers,(uint32_t)(sizeof(SparkModelBatchRequestMembers) / sizeof(SparkModelBatchRequestMembers[0])));
160-	request = &file_request->request;
161-	memset(request,0,sizeof(*request));
162-	request->abi_version = SPARK_MODEL_BATCH_ENGINE_ABI_VERSION;
163-	request->descriptor_bytes = SPARK_MODEL_BATCH_SUBMIT_REQUEST_BYTES;
164-	if ( status == SPARK_STATUS_OK )
165-		status = SparkModelBatchJsonU64(document,object,"request_id",&request->request_id);
166-	if ( status == SPARK_STATUS_OK )
167-		status = SparkModelBatchJsonU64(document,object,"sequence_id",&request->sequence_id);
168-	if ( status == SPARK_STATUS_OK )
169-		status = SparkModelBatchJsonU32(document,object,"priority",&request->priority);
170-	if ( status == SPARK_STATUS_OK )
171-		status = SparkModelBatchJsonU32(document,object,"output_token_budget",&request->output_token_budget);
172-	tokens = status == SPARK_STATUS_OK ? SparkModelBatchJsonMember(document,object,"prompt_token_ids") : -1;
173-	if ( status == SPARK_STATUS_OK )
174-		status = tokens < 0 ? SPARK_STATUS_SCHEMA_ERROR : SparkModelBatchParseTokenArray(document,tokens,max_context_tokens,&file_request->prompt_token_ids,&request->prompt_token_count);
175-	request->prompt_token_ids = file_request->prompt_token_ids;
[0m
status 2 = CAPACITY_EXCEEDED, and it happens before any pipeline view — likely during **batch-file validation**. Comparing required members vs bench_b1.json:
[0m$ [0mgrep -n "FileMembers\|EngineMembers\|\"requests\"\|\"stop_token_ids\"\|\"request_capacity\"" node/model_batch.c | head -12; grep -n "SparkModelBatchLoadFile" -A 40 node/model_batch.c | sed -n '1,45p'
46:static const char *const SparkModelBatchFileMembers[] =
50:	"request_capacity",
55:	"stop_token_ids",
56:	"requests"
269:		status = SparkJsonValidateObjectMembersExact(&document,root,SparkModelBatchFileMembers,(uint32_t)(sizeof(SparkModelBatchFileMembers) / sizeof(SparkModelBatchFileMembers[0])));
277:		status = SparkModelBatchJsonU32(&document,root,"request_capacity",&file->engine.request_capacity);
286:	stop_tokens = status == SPARK_STATUS_OK ? SparkModelBatchJsonMember(&document,root,"stop_token_ids") : -1;
289:	requests = status == SPARK_STATUS_OK ? SparkModelBatchJsonMember(&document,root,"requests") : -1;
254:static SparkStatus SparkModelBatchLoadFile(
255-	const char *path,
256-	SparkModelBatchFile *file)
257-{
258-	SparkJsonDocument document;
259-	uint32_t schema_version;
260-	int32_t root,requests,stop_tokens;
261-	SparkStatus status;
262-	memset(file,0,sizeof(*file));
263-	SparkJsonDocumentReset(&document);
264-	status = SparkJsonLoadFile(path,&document);
265-	root = status == SPARK_STATUS_OK ? SparkJsonGetRootToken(&document) : -1;
266-	if ( status == SPARK_STATUS_OK && !SparkJsonTokenIsType(&document,root,SPARK_JSON_TOKEN_OBJECT) )
267-		status = SPARK_STATUS_SCHEMA_ERROR;
268-	if ( status == SPARK_STATUS_OK )
269-		status = SparkJsonValidateObjectMembersExact(&document,root,SparkModelBatchFileMembers,(uint32_t)(sizeof(SparkModelBatchFileMembers) / sizeof(SparkModelBatchFileMembers[0])));
270-	if ( status == SPARK_STATUS_OK )
271-		status = SparkModelBatchJsonU32(&document,root,"schema_version",&schema_version);
272-	if ( status == SPARK_STATUS_OK && schema_version != SPARK_MODEL_BATCH_FILE_SCHEMA_VERSION )
273-		status = SPARK_STATUS_SCHEMA_ERROR;
274-	if ( status == SPARK_STATUS_OK )
275-		status = SparkModelBatchJsonU32(&document,root,"connect_timeout_ms",&file->engine.connect_timeout_ms);
276-	if ( status == SPARK_STATUS_OK )
277-		status = SparkModelBatchJsonU32(&document,root,"request_capacity",&file->engine.request_capacity);
278-	if ( status == SPARK_STATUS_OK )
279-		status = SparkModelBatchJsonU32(&document,root,"max_context_tokens",&file->engine.max_context_tokens);
280-	if ( status == SPARK_STATUS_OK )
281-		status = SparkModelBatchJsonU32(&document,root,"max_prefill_rows_per_submission",&file->engine.max_prefill_rows_per_submission);
282-	if ( status == SPARK_STATUS_OK )
283-		status = SparkModelBatchJsonU32(&document,root,"maximum_messages_per_rank_per_progress",&file->engine.maximum_messages_per_rank_per_progress);
284-	if ( status == SPARK_STATUS_OK )
285-		status = SparkModelBatchJsonU32(&document,root,"maximum_new_submissions_per_progress",&file->maximum_new_submissions_per_progress);
286-	stop_tokens = status == SPARK_STATUS_OK ? SparkModelBatchJsonMember(&document,root,"stop_token_ids") : -1;
287-	if ( status == SPARK_STATUS_OK )
288-		status = stop_tokens < 0 ? SPARK_STATUS_SCHEMA_ERROR : SparkModelBatchParseStopTokens(&document,stop_tokens,file);
289-	requests = status == SPARK_STATUS_OK ? SparkModelBatchJsonMember(&document,root,"requests") : -1;
290-	if ( status == SPARK_STATUS_OK )
291-		status = requests < 0 ? SPARK_STATUS_SCHEMA_ERROR : SparkModelBatchParseRequests(&document,requests,file);
292-	SparkJsonDocumentDestroy(&document);
293-	if ( status != SPARK_STATUS_OK )
294-		SparkModelBatchFileDestroy(file);
--
609:		status = SparkModelBatchLoadFile(batch_path,&file);
610-	if ( status == SPARK_STATUS_OK && getenv("SPARK_MODEL_BATCH_SEQUENTIAL") != 0 )
611-		file.sequential_submissions = 1u;
[0m
[0m$ [0msed -n '46,58p' node/model_batch.c; grep -n "ParseStopTokens" -A 18 node/model_batch.c | sed -n '1,22p'
static const char *const SparkModelBatchFileMembers[] =
{
	"schema_version",
	"connect_timeout_ms",
	"request_capacity",
	"max_context_tokens",
	"max_prefill_rows_per_submission",
	"maximum_messages_per_rank_per_progress",
	"maximum_new_submissions_per_progress",
	"stop_token_ids",
	"requests"
};

232:static SparkStatus SparkModelBatchParseStopTokens(
233-	const SparkJsonDocument *document,
234-	int32_t array,
235-	SparkModelBatchFile *file)
236-{
237-	uint32_t index,left;
238-	SparkStatus status;
239-	if ( !SparkJsonTokenIsType(document,array,SPARK_JSON_TOKEN_ARRAY) )
240-		return(SPARK_STATUS_SCHEMA_ERROR);
241-	file->engine.stop_token_count = SparkJsonGetArrayElementCount(document,array);
242-	if ( file->engine.stop_token_count > SPARK_MODEL_BATCH_ENGINE_MAX_STOP_TOKEN_COUNT )
243-		return(SPARK_STATUS_CAPACITY_EXCEEDED);
244-	status = SPARK_STATUS_OK;
245-	for (index=0u; status==SPARK_STATUS_OK && index<file->engine.stop_token_count; index++)
246-		status = SparkJsonGetUInt32(document,SparkJsonGetArrayElement(document,array,index),&file->engine.stop_token_ids[index]);
247-	for (index=0u; status==SPARK_STATUS_OK && index<file->engine.stop_token_count; index++)
248-		for (left=0u; left<index; left++)
249-			if ( file->engine.stop_token_ids[left] == file->engine.stop_token_ids[index] )
250-				status = SPARK_STATUS_DUPLICATE;
--
288:		status = stop_tokens < 0 ? SPARK_STATUS_SCHEMA_ERROR : SparkModelBatchParseStopTokens(&document,stop_tokens,file);
289-	requests = status == SPARK_STATUS_OK ? SparkModelBatchJsonMember(&document,root,"requests") : -1;
[0m
[0m$ [0mgrep -rln "SparkModelBatchEngineConnect" runtime/ node/ src/ 2>/dev/null | head -3
runtime//model_batch_engine.c
node//model_api.c
node//model_batch.c
[0m
[0m$ [0mgrep -n "SparkModelBatchEngineConnect" -A 60 runtime/model_batch_engine.c | grep -nE "status =|return|CAPACITY|connect\(|socket|node_count" | head -25
8:1095-		return(SPARK_STATUS_INVALID_ARGUMENT);
10:1097-	status = SparkModelBatchValidateConfiguration(configuration);
12:1099-		return(status);
15:1102-		return(SPARK_STATUS_CAPACITY_EXCEEDED);
16:1103-	status = SparkModelBatchInitialize(configuration,engine);
20:1107-		return(status);
23:1110-	return(SPARK_STATUS_OK);
31:1118-		return(SPARK_STATUS_OK);
33:1120-		return(SPARK_STATUS_BUSY);
35:1122-		return(SPARK_STATUS_INTERNAL_ERROR);
38:1125-		status = SparkModelPipelineClientGetView(engine->pipeline,&pipeline_view);
40:1127-			return(status != SPARK_STATUS_OK ? status : SPARK_STATUS_BUSY);
[0m
[0m$ [0msed -n '1090,1112p' runtime/model_batch_engine.c; sed -n '1,40p' runtime/model_batch_engine.c | grep -n "MAX_NODE\|MAX" ; grep -n "node_count" runtime/model_batch_engine.c | head -6
SparkModelBatchEngine **engine_out)
{
	SparkModelBatchEngine *engine;
	SparkStatus status;
	if ( engine_out == 0 )
		return(SPARK_STATUS_INVALID_ARGUMENT);
	*engine_out = 0;
	status = SparkModelBatchValidateConfiguration(configuration);
	if ( status != SPARK_STATUS_OK )
		return(status);
	engine = (SparkModelBatchEngine *)calloc(1u,sizeof(*engine));
	if ( engine == 0 )
		return(SPARK_STATUS_CAPACITY_EXCEEDED);
	status = SparkModelBatchInitialize(configuration,engine);
	if ( status != SPARK_STATUS_OK )
	{
		(void)SparkModelBatchEngineDestroy(engine);
		return(status);
	}
	*engine_out = engine;
	return(SPARK_STATUS_OK);
}

18:#define SPARK_MODEL_BATCH_NO_SLOT UINT32_MAX
[0m
Static analysis is diverging — bisecting empirically instead: try the known-good `o128_batch.json` shape on spark8:
[0m$ [0mtimeout 30 scp -o BatchMode=yes tools/devcycle/batches/o128_batch.json spark8:/tmp/o128_batch.json && timeout 300 ssh -o BatchMode=yes spark8 'cd ~/sparkdata/glm52.tp8.fp8 && export LD_LIBRARY_PATH=$PWD/lib:$LD_LIBRARY_PATH; timeout 240 bin/sparkpipe_model_batch --deployment config/model_resident.json --runtime-root $PWD --batch /tmp/o128_batch.json >/tmp/o128b.out 2>/tmp/o128b.err; echo RC=$?; head -3 /tmp/o128b.out; tail -4 /tmp/o128b.err'
RC=1
{"schema_version":1,"event":"ready","adapter_id":"spark.glm52.serving-adapter.tp8.expert_fp8.v1","model_id":"zai-org/GLM-5.2","model_revision":"b4734de4facf877f85769a911abafc5283eab3d9","stage_count":8,"linear_weight_codec":1,"expert_weight_codec":5,"kv_cache_codec":1}
{"schema_version":1,"event":"accepted","status":0,"request_id":760130,"sequence_id":760130,"request_handle":4294967297,"token_id":0,"token_index":0,"generated_token_count":0,"stop_token":false}
{"schema_version":1,"event":"error","status":19,"request_id":760130,"sequence_id":760130,"request_handle":4294967297,"token_id":0,"token_index":0,"generated_token_count":0,"stop_token":false}
batch_rejected status=19 kind=1 submission=1
sparkpipe_model_batch_failure status=6 stage=6
sparkpipe_model_batch_pipeline submitted=1 continued=0 admitted=0 rejected=1 leases=0
sparkpipe_model_batch_status=6 terminal=1 requests=1
[0m
[0m$ [0mgrep -rn "batch_rejected" node/ runtime/ | head -4
runtime//model_batch_engine.c:698:	fprintf(stderr,"batch_rejected status=%u kind=%u submission=%llu\n",
[0m
Client connects + submits now (bench_b1.json is a separate stale-file issue) but the ring **rejects with UNSUPPORTED(19)**. Checking ranks' logs and the reject semantics:
[0m$ [0mfor h in spark8 spark9 sparka sparkb spark1 sparkd sparke sparkf; do printf '%s: ' "$h"; timeout 15 ssh -o BatchMode=yes "$h" 'grep -E "reject|refus|unsupported|error|status=19|Execute" /tmp/glm52-tp8-rank*.log 2>/dev/null | tail -2 | tr "\n" "|"; echo'; done
spark8: model_residentd adapter_submit status=unsupported rank=0 stage=0 submission=1 kind=1 rows=1 lanes=1|
spark9: model_residentd adapter_submit status=unsupported rank=1 stage=1 submission=1 kind=1 rows=1 lanes=1|
sparka: model_residentd adapter_submit status=unsupported rank=2 stage=2 submission=1 kind=1 rows=1 lanes=1|
sparkb: model_residentd adapter_submit status=unsupported rank=3 stage=3 submission=1 kind=1 rows=1 lanes=1|
spark1: model_residentd adapter_submit status=unsupported rank=4 stage=4 submission=1 kind=1 rows=1 lanes=1|
sparkd: model_residentd adapter_submit status=unsupported rank=5 stage=5 submission=1 kind=1 rows=1 lanes=1|
sparke: model_residentd adapter_submit status=unsupported rank=6 stage=6 submission=1 kind=1 rows=1 lanes=1|
sparkf: model_residentd adapter_submit status=unsupported rank=7 stage=7 submission=1 kind=1 rows=1 lanes=1|
[0m
[0m$ [0mgrep -n "SparkGlm52ServingSubmit\b" -A 40 /var/folders/p8/d74_8vwn0_q8rkgfym3s623c0000gp/T/opencode/glm52dbg/spark_glm52_serving_adapter.c | sed -n '1,55p'
1191:static SparkStatus SparkGlm52ServingSubmit(
1192-	void *adapter_state,
1193-	const SparkModelServingSubmission *submission)
1194-{
1195-	SparkGlm52ServingState *state;
1196-	SparkGlm52ServingPending *pending;
1197-	SparkGlm52ResidentDecodeStageBatchView batch;
1198-	SparkGlm52ResidentDecodeStageFrameContext context;
1199-	SparkModelDriverBuffer buffer;
1200-	SparkModelDriverFrame frame;
1201-	SparkStatus status;
1202-	state = (SparkGlm52ServingState *)adapter_state;
1203-	status = SparkGlm52ServingValidateSubmission(state,submission);
1204-	if ( status != SPARK_STATUS_OK )
1205-		return(status);
1206-	pending = SparkGlm52ServingReservePending(state,submission);
1207-	if ( pending == 0 )
1208-		return(SPARK_STATUS_BUSY);
1209-	if ( state->speculate != 0u && submission->work_kind == SPARK_MODEL_SERVING_WORK_KIND_DECODE && submission->active_sequence_count >= 1u )
1210-	{
1211-		status = SparkGlm52ServingPrepareVerifyDrafts(state,submission);
1212-		if ( status == SPARK_STATUS_OK )
1213-			status = SparkGlm52ServingSubmitSpeculative(state,submission,pending);
1214-		if ( status != SPARK_STATUS_OK )
1215-			pending->core.active = 0u;
1216-		return(status);
1217-	}
1218-	if ( state->speculate != 0u && submission->work_kind == SPARK_MODEL_SERVING_WORK_KIND_RELEASE )
1219-		SparkGlm52ServingForgetAllSpeculation(state,submission);
1220-	SparkGlm52ServingBuildFrame(state,submission,pending,&batch,&context,&buffer,&frame);
1221-	status = SparkGlm52ServingAdmit(state,submission,&frame);
1222-	if ( status == SPARK_STATUS_OK )
1223-		status = state->common.program->submit(state->common.driver_instance,&frame);
1224-	if ( status != SPARK_STATUS_OK )
1225-		pending->core.active = 0u;
1226-	return(status);
1227-}
1228-
1229-/* Quiesce and snapshot are the shared lifecycle bodies over the common state. */
1230-
1231-static SparkStatus SparkGlm52ServingQuiesce(
--
1257:	.submit = SparkGlm52ServingSubmit,
1258-	.progress = SparkModelServingAdapterStreamOrderedProgress,
1259-	.quiesce = SparkGlm52ServingQuiesce,
1260-	.snapshot = SparkGlm52ServingSnapshot
1261-};
1262-
1263-__attribute__((visibility("default")))
1264-const SparkModelServingAdapterInterface *SparkModelServingAdapterGetInterface(void)
1265-{
1266-	return(&SparkGlm52ServingInterface);
1267-}
[0m
[0m$ [0msed -n '/static SparkStatus SparkGlm52ServingValidateSubmission/,/^}/p' /var/folders/p8/d74_8vwn0_q8rkgfym3s623c0000gp/T/opencode/glm52dbg/spark_glm52_serving_adapter.c
static SparkStatus SparkGlm52ServingValidateSubmission(
	void *adapter_state,
	const SparkModelServingSubmission *submission)
{
	SparkGlm52ServingState *state;
	SparkStatus status;
	state = (SparkGlm52ServingState *)adapter_state;
	if ( state == 0 )
		return(SPARK_STATUS_INVALID_ARGUMENT);
	/* Presence + quiescing gate + runtime-submission validation (shared).
	 * The state check stays family-side: &state->common is a small non-NULL
	 * offset even when state is NULL, so the shared helper's common==0 gate
	 * cannot catch it. */
	status = SparkAdapterValidateSubmissionOpen(&state->common,
		&SparkGlm52ServingDescriptor,submission);
	if ( status == SPARK_STATUS_OK )
		status = SparkGlm52ServingValidateBoundaries(submission);
	if ( status == SPARK_STATUS_OK )
		status = SparkGlm52ServingValidateRowOrder(state,submission);
	if ( status == SPARK_STATUS_OK && submission->model_extension_bytes != 0u )
		status = SPARK_STATUS_UNSUPPORTED;
	return(status);
}
[0m
The deployed glm52_unified adapter rejects submissions carrying `model_extension_bytes` (UNSUPPORTED) — the 14:38 client/residentd vintage sends extensions the snapshot-era adapter doesn't know. Checking whether canonical repo master's glm52 adapter accepts them:
[0m$ [0mgrep -rn "model_extension_bytes" modules/glm52_resident_decode_stage/source/*.c | head -8; echo ===; git log --oneline -3 -- modules/glm52_resident_decode_stage/
modules/glm52_resident_decode_stage/source/spark_glm52_serving_adapter.c:1077:	if ( status == SPARK_STATUS_OK && submission->model_extension_bytes != 0u )
===
36cf768 peer iteration-3 delivery + fwrite null-guard sweep across cache-path dump sites
7cfc7a6 qwen36: fix merge artifacts - remove orphaned duplicate tap-buffer alloc; de-indent GDN prefix snapshot transfer
2bc40c4 peer round-2 wave: qwen36 prefix caching + paged KV, shared stagepack reader, glm52 GPU validator restore, k3 TP16 production scripts
[0m
[0m$ [0mgrep -n "model_extension" runtime/model_batch_engine.c node/model_residentd.c runtime/*.c 2>/dev/null | head -12
runtime/model_batch_engine.c:47:	uint32_t model_extension_kind;
runtime/model_batch_engine.c:524:	event.model_extension_kind = request->model_extension_kind;
runtime/model_batch_engine.c:789:	if ( completion->model_extension_kind == 0x5136u && completion->model_extension_bytes >= 2u * sizeof(uint32_t) )
runtime/model_batch_engine.c:791:		memcpy(&extension_miss, completion->model_extension, sizeof(extension_miss));
runtime/model_batch_engine.c:792:		memcpy(&extension_policy, (const uint8_t *)completion->model_extension + sizeof(extension_miss), sizeof(extension_policy));
runtime/model_batch_engine.c:800:		if ( completion->model_extension_kind == 0x5136u )
runtime/model_batch_engine.c:802:			request->model_extension_kind = completion->model_extension_kind;
runtime/model_batch_engine.c:47:	uint32_t model_extension_kind;
runtime/model_batch_engine.c:524:	event.model_extension_kind = request->model_extension_kind;
runtime/model_batch_engine.c:789:	if ( completion->model_extension_kind == 0x5136u && completion->model_extension_bytes >= 2u * sizeof(uint32_t) )
runtime/model_batch_engine.c:791:		memcpy(&extension_miss, completion->model_extension, sizeof(extension_miss));
runtime/model_batch_engine.c:792:		memcpy(&extension_policy, (const uint8_t *)completion->model_extension + sizeof(extension_miss), sizeof(extension_policy));
[0m
[0m$ [0mgrep -n "model_extension" runtime/model_serving_adapter.c include/sparkpipe/spark_model_serving_adapter.h 2>/dev/null | head -10; grep -rn "model_extension_bytes = \|model_extension_bytes=" runtime/ node/ | grep -v "!=\|==" | head -8
runtime/model_serving_adapter.c:366:	if ( submission->model_extension_bytes > SPARK_MODEL_SERVING_ADAPTER_MAX_EXTENSION_BYTES || (submission->model_extension_bytes != 0u) != (submission->model_extension != 0) || (submission->model_extension_bytes != 0u) != (submission->model_extension_kind != 0u) )
runtime/model_serving_adapter.c:538:	if ( completion->submission_id == 0u || completion->control_generation == 0u || completion->transaction_id == 0u || completion->dispatch_generation == 0u || completion->request_generation == 0u || completion->step_generation == 0u || completion->status > SPARK_STATUS_UNSUPPORTED || (completion->completion_flags & ~SPARK_MODEL_SERVING_COMPLETION_KNOWN_FLAGS) != 0u || completion->token_count > descriptor->max_output_token_count || completion->tokens_per_sequence > SPARK_MODEL_SERVING_ADAPTER_MAX_TOKENS_PER_SEQUENCE || completion->model_extension_bytes > SPARK_MODEL_SERVING_ADAPTER_MAX_EXTENSION_BYTES )
runtime/model_serving_adapter.c:542:	if ( has_tokens != (completion->token_count != 0u) || has_tokens != (completion->tokens_per_sequence != 0u) || (completion->tokens_per_sequence != 0u && completion->token_count % completion->tokens_per_sequence != 0u) || has_extension != (completion->model_extension_bytes != 0u) || (completion->model_extension_bytes == 0u && completion->model_extension_kind != 0u) )
include/sparkpipe/spark_model_serving_adapter.h:200:	uint32_t model_extension_kind;
include/sparkpipe/spark_model_serving_adapter.h:201:	uint32_t model_extension_bytes;
include/sparkpipe/spark_model_serving_adapter.h:207:	const void *model_extension;
include/sparkpipe/spark_model_serving_adapter.h:239:	uint32_t model_extension_kind;
include/sparkpipe/spark_model_serving_adapter.h:240:	uint32_t model_extension_bytes;
include/sparkpipe/spark_model_serving_adapter.h:241:	uint8_t model_extension[SPARK_MODEL_SERVING_ADAPTER_MAX_EXTENSION_BYTES];
runtime//model_resident_ipc.c:372:	wire->model_extension_bytes = submission->model_extension_bytes;
runtime//model_resident_ipc.c:530:	submission_out->model_extension_bytes = wire->model_extension_bytes;
runtime//model_resident_ipc.c:595:	wire->model_extension_bytes = completion->model_extension_bytes;
runtime//model_resident_ipc.c:646:	completion_out->model_extension_bytes = wire->model_extension_bytes;
[0m
